TERRITORIO,TIME_PERIOD,MEDIDAS,OBS_VALUE,tipo_territorio
Santa Brígida,2018,Prestaciones por desempleo,1.3,municipio
Santa Brígida,2023,Prestaciones por desempleo,1.3,municipio
Santa Brígida,2022,Prestaciones por desempleo,1.4,municipio
Santa Brígida,2019,Prestaciones por desempleo,1.4,municipio
Santa Brígida,2017,Prestaciones por desempleo,1.5,municipio
El Rosario,2023,Prestaciones por desempleo,1.5,municipio
Teguise,2023,Prestaciones por desempleo,1.6,municipio
Adeje,2016,Otras prestaciones,1.6,municipio
Adeje,2015,Otras prestaciones,1.7,municipio
El Rosario,2022,Prestaciones por desempleo,1.7,municipio
Betancuria,2022,Prestaciones por desempleo,1.7,municipio
Santa Brígida,2016,Prestaciones por desempleo,1.7,municipio
Tías,2023,Prestaciones por desempleo,1.7,municipio
Tías,2016,Otras prestaciones,1.8,municipio
Pájara,2015,Otras prestaciones,1.8,municipio
Candelaria,2023,Prestaciones por desempleo,1.8,municipio
El Rosario,2019,Prestaciones por desempleo,1.8,municipio
El Rosario,2018,Prestaciones por desempleo,1.8,municipio
Teguise,2022,Prestaciones por desempleo,1.8,municipio
El Rosario,2017,Prestaciones por desempleo,1.8,municipio
Tegueste,2023,Prestaciones por desempleo,1.8,municipio
Adeje,2017,Otras prestaciones,1.8,municipio
Yaiza,2023,Prestaciones por desempleo,1.8,municipio
Pájara,2016,Otras prestaciones,1.8,municipio
Tinajo,2023,Prestaciones por desempleo,1.8,municipio
Vilaflor de Chasna,2015,Otras prestaciones,1.9,municipio
Tegueste,2022,Prestaciones por desempleo,1.9,municipio
Santa Brígida,2015,Prestaciones por desempleo,1.9,municipio
San Sebastián de La Gomera,2023,Prestaciones por desempleo,1.9,municipio
Betancuria,2023,Prestaciones por desempleo,1.9,municipio
Vilaflor de Chasna,2016,Otras prestaciones,1.9,municipio
Santa Cruz de Tenerife,2023,Prestaciones por desempleo,1.9,municipio
San Bartolomé,2023,Prestaciones por desempleo,1.9,municipio
Breña Baja,2022,Prestaciones por desempleo,1.9,municipio
Las Palmas de Gran Canaria,2023,Prestaciones por desempleo,1.9,municipio
Alajeró,2023,Prestaciones por desempleo,1.9,municipio
San Miguel de Abona,2016,Otras prestaciones,1.9,municipio
La Oliva,2015,Otras prestaciones,2.0,municipio
San Andrés y Sauces,2023,Prestaciones por desempleo,2.0,municipio
Teguise,2018,Prestaciones por desempleo,2.0,municipio
Santa Cruz de Tenerife,2022,Prestaciones por desempleo,2.0,municipio
Puerto de la Cruz,2023,Prestaciones por desempleo,2.0,municipio
Candelaria,2022,Prestaciones por desempleo,2.0,municipio
Tías,2015,Otras prestaciones,2.0,municipio
Tías,2017,Otras prestaciones,2.0,municipio
Lanzarote,2023,Prestaciones por desempleo,2.0,isla
El Sauzal,2023,Prestaciones por desempleo,2.0,municipio
San Miguel de Abona,2015,Otras prestaciones,2.0,municipio
Breña Baja,2023,Prestaciones por desempleo,2.0,municipio
Tegueste,2018,Prestaciones por desempleo,2.0,municipio
Haría,2023,Prestaciones por desempleo,2.0,municipio
Breña Alta,2015,Otras prestaciones,2.0,municipio
Yaiza,2015,Otras prestaciones,2.0,municipio
San Andrés y Sauces,2022,Prestaciones por desempleo,2.1,municipio
Pájara,2017,Otras prestaciones,2.1,municipio
San Miguel de Abona,2017,Otras prestaciones,2.1,municipio
Arona,2016,Otras prestaciones,2.1,municipio
San Sebastián de La Gomera,2022,Prestaciones por desempleo,2.1,municipio
Yaiza,2016,Otras prestaciones,2.1,municipio
Santa Cruz de La Palma,2022,Prestaciones por desempleo,2.1,municipio
La Oliva,2016,Otras prestaciones,2.1,municipio
Teguise,2019,Prestaciones por desempleo,2.1,municipio
Tegueste,2019,Prestaciones por desempleo,2.1,municipio
Teguise,2015,Otras prestaciones,2.1,municipio
Alajeró,2022,Prestaciones por desempleo,2.1,municipio
Valverde,2023,Prestaciones por desempleo,2.1,municipio
Tacoronte,2023,Prestaciones por desempleo,2.1,municipio
Las Palmas de Gran Canaria,2022,Prestaciones por desempleo,2.1,municipio
Breña Alta,2016,Otras prestaciones,2.1,municipio
Tejeda,2019,Prestaciones por desempleo,2.1,municipio
Santa Cruz de La Palma,2023,Prestaciones por desempleo,2.2,municipio
Yaiza,2022,Prestaciones por desempleo,2.2,municipio
Teguise,2017,Prestaciones por desempleo,2.2,municipio
La Oliva,2017,Otras prestaciones,2.2,municipio
San Bartolomé,2015,Otras prestaciones,2.2,municipio
Breña Alta,2023,Prestaciones por desempleo,2.2,municipio
El Sauzal,2022,Prestaciones por desempleo,2.2,municipio
Santa Cruz de Tenerife,2019,Prestaciones por desempleo,2.2,municipio
Santa Cruz de Tenerife,2018,Prestaciones por desempleo,2.2,municipio
Tejeda,2022,Prestaciones por desempleo,2.2,municipio
Adeje,2018,Otras prestaciones,2.2,municipio
Adeje,2019,Otras prestaciones,2.2,municipio
Adeje,2023,Prestaciones por desempleo,2.2,municipio
San Cristóbal de La Laguna,2023,Prestaciones por desempleo,2.2,municipio
San Bartolomé,2016,Otras prestaciones,2.2,municipio
Tegueste,2017,Prestaciones por desempleo,2.2,municipio
El Rosario,2015,Otras prestaciones,2.2,municipio
El Rosario,2016,Otras prestaciones,2.2,municipio
La Gomera,2023,Prestaciones por desempleo,2.2,isla
El Rosario,2016,Prestaciones por desempleo,2.2,municipio
Teguise,2016,Otras prestaciones,2.2,municipio
Tías,2022,Prestaciones por desempleo,2.2,municipio
Tías,2018,Otras prestaciones,2.2,municipio
Vega de San Mateo,2023,Prestaciones por desempleo,2.2,municipio
Puntallana,2023,Prestaciones por desempleo,2.2,municipio
Arona,2015,Otras prestaciones,2.2,municipio
Las Palmas de Gran Canaria,2018,Prestaciones por desempleo,2.2,municipio
Yaiza,2017,Otras prestaciones,2.2,municipio
Haría,2022,Prestaciones por desempleo,2.2,municipio
Las Palmas de Gran Canaria,2019,Prestaciones por desempleo,2.2,municipio
Candelaria,2018,Prestaciones por desempleo,2.2,municipio
Artenara,2023,Prestaciones por desempleo,2.2,municipio
Valverde,2019,Prestaciones por desempleo,2.2,municipio
Antigua,2016,Otras prestaciones,2.2,municipio
Breña Alta,2022,Prestaciones por desempleo,2.2,municipio
San Bartolomé de Tirajana,2023,Prestaciones por desempleo,2.3,municipio
Tenerife,2023,Prestaciones por desempleo,2.3,isla
Arucas,2023,Prestaciones por desempleo,2.3,municipio
San Bartolomé,2022,Prestaciones por desempleo,2.3,municipio
Santa Brígida,2021,Prestaciones por desempleo,2.3,municipio
Valleseco,2023,Prestaciones por desempleo,2.3,municipio
El Sauzal,2019,Prestaciones por desempleo,2.3,municipio
Tejeda,2023,Prestaciones por desempleo,2.3,municipio
Breña Baja,2018,Prestaciones por desempleo,2.3,municipio
Lanzarote,2015,Otras prestaciones,2.3,isla
Santiago del Teide,2016,Otras prestaciones,2.3,municipio
Canarias,2023,Prestaciones por desempleo,2.3,isla
Tías,2019,Otras prestaciones,2.3,municipio
Tejeda,2018,Prestaciones por desempleo,2.3,municipio
El Pinar de El Hierro,2015,Otras prestaciones,2.3,municipio
San Andrés y Sauces,2019,Prestaciones por desempleo,2.3,municipio
San Andrés y Sauces,2017,Prestaciones por desempleo,2.3,municipio
Fuerteventura,2016,Otras prestaciones,2.3,isla
Gran Canaria,2023,Prestaciones por desempleo,2.3,isla
Teguise,2017,Otras prestaciones,2.3,municipio
San Andrés y Sauces,2018,Prestaciones por desempleo,2.3,municipio
Santiago del Teide,2023,Prestaciones por desempleo,2.3,municipio
Las Palmas,2023,Prestaciones por desempleo,2.3,provincia
Haría,2018,Prestaciones por desempleo,2.3,municipio
Artenara,2022,Prestaciones por desempleo,2.3,municipio
Candelaria,2019,Prestaciones por desempleo,2.3,municipio
Las Palmas de Gran Canaria,2017,Prestaciones por desempleo,2.3,municipio
Teror,2023,Prestaciones por desempleo,2.4,municipio
Villa de Mazo,2022,Prestaciones por desempleo,2.4,municipio
Tegueste,2016,Prestaciones por desempleo,2.4,municipio
Tacoronte,2022,Prestaciones por desempleo,2.4,municipio
Santa Cruz de La Palma,2018,Prestaciones por desempleo,2.4,municipio
Santa Cruz de La Palma,2019,Prestaciones por desempleo,2.4,municipio
Vega de San Mateo,2022,Prestaciones por desempleo,2.4,municipio
El Rosario,2017,Otras prestaciones,2.4,municipio
Tinajo,2016,Otras prestaciones,2.4,municipio
Puerto del Rosario,2016,Otras prestaciones,2.4,municipio
Teguise,2016,Prestaciones por desempleo,2.4,municipio
La Orotava,2023,Prestaciones por desempleo,2.4,municipio
Puerto del Rosario,2023,Prestaciones por desempleo,2.4,municipio
Agulo,2022,Prestaciones por desempleo,2.4,municipio
Breña Baja,2019,Prestaciones por desempleo,2.4,municipio
Puntallana,2022,Prestaciones por desempleo,2.4,municipio
Valverde,2016,Otras prestaciones,2.4,municipio
San Miguel de Abona,2023,Prestaciones por desempleo,2.4,municipio
Antigua,2023,Prestaciones por desempleo,2.4,municipio
Lanzarote,2016,Otras prestaciones,2.4,isla
Santiago del Teide,2017,Otras prestaciones,2.4,municipio
Lanzarote,2022,Prestaciones por desempleo,2.4,isla
La Gomera,2022,Prestaciones por desempleo,2.4,isla
Valleseco,2022,Prestaciones por desempleo,2.4,municipio
San Andrés y Sauces,2016,Prestaciones por desempleo,2.4,municipio
El Rosario,2015,Prestaciones por desempleo,2.4,municipio
Breña Baja,2016,Otras prestaciones,2.4,municipio
Valle Gran Rey,2023,Prestaciones por desempleo,2.4,municipio
La Oliva,2018,Otras prestaciones,2.4,municipio
San Bartolomé,2017,Otras prestaciones,2.4,municipio
San Cristóbal de La Laguna,2022,Prestaciones por desempleo,2.4,municipio
El Sauzal,2018,Prestaciones por desempleo,2.4,municipio
Santa Cruz de Tenerife,2017,Prestaciones por desempleo,2.4,municipio
Haría,2017,Prestaciones por desempleo,2.4,municipio
Puerto de la Cruz,2022,Prestaciones por desempleo,2.4,municipio
Arucas,2022,Prestaciones por desempleo,2.4,municipio
El Pinar de El Hierro,2016,Otras prestaciones,2.4,municipio
Antigua,2017,Otras prestaciones,2.4,municipio
Antigua,2018,Otras prestaciones,2.4,municipio
Tinajo,2022,Prestaciones por desempleo,2.4,municipio
Valverde,2022,Prestaciones por desempleo,2.4,municipio
Candelaria,2017,Prestaciones por desempleo,2.5,municipio
Antigua,2019,Otras prestaciones,2.5,municipio
Breña Alta,2017,Otras prestaciones,2.5,municipio
Las Palmas,2022,Prestaciones por desempleo,2.5,provincia
Santa María de Guía de Gran Canaria,2023,Prestaciones por desempleo,2.5,municipio
Barlovento,2022,Prestaciones por desempleo,2.5,municipio
Santa María de Guía de Gran Canaria,2022,Prestaciones por desempleo,2.5,municipio
Santa Úrsula,2023,Prestaciones por desempleo,2.5,municipio
Teror,2018,Prestaciones por desempleo,2.5,municipio
Teror,2022,Prestaciones por desempleo,2.5,municipio
Teror,2017,Prestaciones por desempleo,2.5,municipio
El Rosario,2018,Otras prestaciones,2.5,municipio
Pájara,2023,Prestaciones por desempleo,2.5,municipio
La Oliva,2019,Otras prestaciones,2.5,municipio
Gran Canaria,2022,Prestaciones por desempleo,2.5,isla
Yaiza,2018,Otras prestaciones,2.5,municipio
Barlovento,2023,Prestaciones por desempleo,2.5,municipio
Fuerteventura,2017,Otras prestaciones,2.5,isla
Fuerteventura,2023,Prestaciones por desempleo,2.5,isla
Lanzarote,2017,Otras prestaciones,2.5,isla
El Hierro,2023,Prestaciones por desempleo,2.5,isla
Santiago del Teide,2015,Otras prestaciones,2.5,municipio
El Hierro,2019,Prestaciones por desempleo,2.5,isla
Teguise,2019,Otras prestaciones,2.5,municipio
Teguise,2018,Otras prestaciones,2.5,municipio
Tinajo,2015,Otras prestaciones,2.5,municipio
Vilaflor de Chasna,2017,Otras prestaciones,2.5,municipio
Fuerteventura,2015,Otras prestaciones,2.5,isla
Arafo,2023,Prestaciones por desempleo,2.5,municipio
Guía de Isora,2016,Otras prestaciones,2.5,municipio
Arafo,2022,Prestaciones por desempleo,2.5,municipio
Tías,2019,Prestaciones por desempleo,2.5,municipio
Firgas,2023,Prestaciones por desempleo,2.5,municipio
Arucas,2018,Prestaciones por desempleo,2.5,municipio
Valverde,2015,Otras prestaciones,2.5,municipio
Antigua,2015,Otras prestaciones,2.5,municipio
Fuencaliente de La Palma,2016,Otras prestaciones,2.5,municipio
Arona,2017,Otras prestaciones,2.5,municipio
Granadilla de Abona,2015,Otras prestaciones,2.5,municipio
Arucas,2019,Prestaciones por desempleo,2.5,municipio
Tinajo,2019,Otras prestaciones,2.6,municipio
Los Silos,2018,Otras prestaciones,2.6,municipio
El Rosario,2019,Otras prestaciones,2.6,municipio
Yaiza,2019,Otras prestaciones,2.6,municipio
Adeje,2022,Prestaciones por desempleo,2.6,municipio
Santa Cruz de La Palma,2017,Prestaciones por desempleo,2.6,municipio
Arico,2016,Otras prestaciones,2.6,municipio
Arafo,2015,Otras prestaciones,2.6,municipio
San Sebastián de La Gomera,2018,Prestaciones por desempleo,2.6,municipio
Moya,2022,Prestaciones por desempleo,2.6,municipio
San Cristóbal de La Laguna,2019,Prestaciones por desempleo,2.6,municipio
Tegueste,2016,Otras prestaciones,2.6,municipio
Tegueste,2015,Otras prestaciones,2.6,municipio
Villa de Mazo,2023,Prestaciones por desempleo,2.6,municipio
Teror,2019,Prestaciones por desempleo,2.6,municipio
Agaete,2022,Prestaciones por desempleo,2.6,municipio
Valleseco,2019,Prestaciones por desempleo,2.6,municipio
Pájara,2018,Otras prestaciones,2.6,municipio
Tías,2017,Prestaciones por desempleo,2.6,municipio
Tinajo,2017,Otras prestaciones,2.6,municipio
Mogán,2023,Prestaciones por desempleo,2.6,municipio
Arrecife,2023,Prestaciones por desempleo,2.6,municipio
Haría,2019,Prestaciones por desempleo,2.6,municipio
Vega de San Mateo,2018,Prestaciones por desempleo,2.6,municipio
Breña Baja,2015,Otras prestaciones,2.6,municipio
Betancuria,2019,Prestaciones por desempleo,2.6,municipio
Breña Baja,2017,Otras prestaciones,2.6,municipio
Valleseco,2018,Prestaciones por desempleo,2.6,municipio
Vilaflor de Chasna,2019,Otras prestaciones,2.6,municipio
Guía de Isora,2015,Otras prestaciones,2.6,municipio
San Cristóbal de La Laguna,2018,Prestaciones por desempleo,2.6,municipio
Breña Alta,2018,Prestaciones por desempleo,2.6,municipio
Guía de Isora,2017,Otras prestaciones,2.6,municipio
Tuineje,2023,Prestaciones por desempleo,2.6,municipio
Las Palmas de Gran Canaria,2016,Prestaciones por desempleo,2.6,municipio
Tenerife,2022,Prestaciones por desempleo,2.6,isla
Arucas,2017,Prestaciones por desempleo,2.6,municipio
Granadilla de Abona,2016,Otras prestaciones,2.6,municipio
Fuencaliente de La Palma,2017,Otras prestaciones,2.6,municipio
Tías,2018,Prestaciones por desempleo,2.6,municipio
Puntallana,2019,Prestaciones por desempleo,2.6,municipio
Agüimes,2023,Prestaciones por desempleo,2.6,municipio
Agulo,2023,Prestaciones por desempleo,2.6,municipio
Firgas,2018,Prestaciones por desempleo,2.6,municipio
Tinajo,2019,Prestaciones por desempleo,2.6,municipio
Firgas,2019,Prestaciones por desempleo,2.6,municipio
San Miguel de Abona,2018,Otras prestaciones,2.6,municipio
Fasnia,2015,Otras prestaciones,2.6,municipio
Haría,2016,Prestaciones por desempleo,2.6,municipio
Moya,2023,Prestaciones por desempleo,2.6,municipio
Valverde,2018,Prestaciones por desempleo,2.6,municipio
Canarias,2022,Prestaciones por desempleo,2.6,isla
Puntallana,2018,Prestaciones por desempleo,2.6,municipio
Adeje,2023,Otras prestaciones,2.7,municipio
San Bartolomé de Tirajana,2022,Prestaciones por desempleo,2.7,municipio
Tacoronte,2019,Prestaciones por desempleo,2.7,municipio
Tacoronte,2018,Prestaciones por desempleo,2.7,municipio
La Oliva,2023,Prestaciones por desempleo,2.7,municipio
Güímar,2023,Prestaciones por desempleo,2.7,municipio
Gran Canaria,2018,Prestaciones por desempleo,2.7,isla
Santa Cruz de La Palma,2016,Otras prestaciones,2.7,municipio
Vilaflor de Chasna,2018,Otras prestaciones,2.7,municipio
Teguise,2023,Otras prestaciones,2.7,municipio
Arrecife,2015,Otras prestaciones,2.7,municipio
Arafo,2018,Prestaciones por desempleo,2.7,municipio
Breña Alta,2019,Prestaciones por desempleo,2.7,municipio
Puntagorda,2019,Otras prestaciones,2.7,municipio
Villa de Mazo,2015,Otras prestaciones,2.7,municipio
Valsequillo de Gran Canaria,2023,Prestaciones por desempleo,2.7,municipio
San Bartolomé,2018,Otras prestaciones,2.7,municipio
San Bartolomé,2019,Otras prestaciones,2.7,municipio
Breña Alta,2019,Otras prestaciones,2.7,municipio
Santa Cruz de Tenerife,2016,Prestaciones por desempleo,2.7,municipio
El Pinar de El Hierro,2023,Prestaciones por desempleo,2.7,municipio
Breña Alta,2018,Otras prestaciones,2.7,municipio
Breña Baja,2017,Prestaciones por desempleo,2.7,municipio
San Miguel de Abona,2019,Otras prestaciones,2.7,municipio
Artenara,2018,Prestaciones por desempleo,2.7,municipio
Fasnia,2016,Otras prestaciones,2.7,municipio
Betancuria,2016,Otras prestaciones,2.7,municipio
Haría,2015,Prestaciones por desempleo,2.7,municipio
Tuineje,2016,Otras prestaciones,2.7,municipio
Valle Gran Rey,2022,Prestaciones por desempleo,2.7,municipio
Santa Cruz de La Palma,2015,Otras prestaciones,2.7,municipio
Valsequillo de Gran Canaria,2022,Prestaciones por desempleo,2.7,municipio
Puerto de la Cruz,2018,Prestaciones por desempleo,2.7,municipio
Puerto de la Cruz,2019,Prestaciones por desempleo,2.7,municipio
Santiago del Teide,2022,Prestaciones por desempleo,2.7,municipio
Arona,2023,Prestaciones por desempleo,2.7,municipio
Pájara,2019,Otras prestaciones,2.7,municipio
Santa Brígida,2016,Otras prestaciones,2.7,municipio
Lanzarote,2018,Otras prestaciones,2.7,isla
Santa Úrsula,2016,Otras prestaciones,2.7,municipio
La Guancha,2023,Prestaciones por desempleo,2.7,municipio
Santa Úrsula,2015,Otras prestaciones,2.7,municipio
Agaete,2023,Prestaciones por desempleo,2.7,municipio
El Sauzal,2016,Otras prestaciones,2.7,municipio
Puerto del Rosario,2022,Prestaciones por desempleo,2.7,municipio
Gáldar,2023,Prestaciones por desempleo,2.7,municipio
Santa María de Guía de Gran Canaria,2019,Prestaciones por desempleo,2.7,municipio
Santa María de Guía de Gran Canaria,2018,Prestaciones por desempleo,2.7,municipio
San Andrés y Sauces,2021,Prestaciones por desempleo,2.7,municipio
Teguise,2015,Prestaciones por desempleo,2.7,municipio
San Sebastián de La Gomera,2019,Prestaciones por desempleo,2.7,municipio
Mogán,2016,Otras prestaciones,2.7,municipio
Mogán,2015,Otras prestaciones,2.7,municipio
Vega de San Mateo,2019,Prestaciones por desempleo,2.7,municipio
Tejeda,2016,Prestaciones por desempleo,2.7,municipio
Firgas,2017,Prestaciones por desempleo,2.7,municipio
El Hierro,2016,Otras prestaciones,2.7,isla
Granadilla de Abona,2017,Otras prestaciones,2.7,municipio
Firgas,2022,Prestaciones por desempleo,2.7,municipio
El Pinar de El Hierro,2019,Prestaciones por desempleo,2.7,municipio
El Pinar de El Hierro,2018,Otras prestaciones,2.8,municipio
El Pinar de El Hierro,2022,Prestaciones por desempleo,2.8,municipio
Fasnia,2023,Prestaciones por desempleo,2.8,municipio
Valverde,2017,Otras prestaciones,2.8,municipio
Candelaria,2016,Prestaciones por desempleo,2.8,municipio
Santa Brígida,2018,Otras prestaciones,2.8,municipio
Tías,2022,Otras prestaciones,2.8,municipio
San Andrés y Sauces,2015,Prestaciones por desempleo,2.8,municipio
Tías,2023,Otras prestaciones,2.8,municipio
Tías,2016,Prestaciones por desempleo,2.8,municipio
Vega de San Mateo,2017,Prestaciones por desempleo,2.8,municipio
La Palma,2016,Otras prestaciones,2.8,isla
Santa Brígida,2015,Otras prestaciones,2.8,municipio
Tinajo,2018,Prestaciones por desempleo,2.8,municipio
La Orotava,2022,Prestaciones por desempleo,2.8,municipio
Valleseco,2017,Prestaciones por desempleo,2.8,municipio
Puerto del Rosario,2017,Otras prestaciones,2.8,municipio
Tinajo,2018,Otras prestaciones,2.8,municipio
Santa Cruz de Tenerife,2015,Otras prestaciones,2.8,municipio
El Sauzal,2017,Prestaciones por desempleo,2.8,municipio
El Sauzal,2015,Otras prestaciones,2.8,municipio
Teguise,2020,Otras prestaciones,2.8,municipio
San Cristóbal de La Laguna,2017,Prestaciones por desempleo,2.8,municipio
Güímar,2016,Otras prestaciones,2.8,municipio
Yaiza,2023,Otras prestaciones,2.8,municipio
Tuineje,2015,Otras prestaciones,2.8,municipio
Tenerife,2015,Otras prestaciones,2.8,isla
Los Silos,2018,Prestaciones por desempleo,2.8,municipio
Tijarafe,2023,Prestaciones por desempleo,2.8,municipio
Haría,2015,Otras prestaciones,2.8,municipio
Güímar,2015,Otras prestaciones,2.8,municipio
San Bartolomé,2018,Prestaciones por desempleo,2.8,municipio
Betancuria,2015,Otras prestaciones,2.8,municipio
Valsequillo de Gran Canaria,2018,Prestaciones por desempleo,2.8,municipio
Adeje,2022,Otras prestaciones,2.8,municipio
Gran Canaria,2017,Prestaciones por desempleo,2.8,isla
Gran Canaria,2019,Prestaciones por desempleo,2.8,isla
Moya,2018,Prestaciones por desempleo,2.8,municipio
Adeje,2020,Otras prestaciones,2.8,municipio
Tegueste,2015,Prestaciones por desempleo,2.8,municipio
Arrecife,2016,Otras prestaciones,2.8,municipio
Breña Alta,2017,Prestaciones por desempleo,2.8,municipio
Teror,2016,Prestaciones por desempleo,2.8,municipio
Arafo,2019,Prestaciones por desempleo,2.8,municipio
San Sebastián de La Gomera,2016,Otras prestaciones,2.8,municipio
Guía de Isora,2023,Prestaciones por desempleo,2.8,municipio
Fuerteventura,2018,Otras prestaciones,2.8,isla
Frontera,2023,Prestaciones por desempleo,2.8,municipio
Fuencaliente de La Palma,2015,Otras prestaciones,2.8,municipio
Arona,2019,Otras prestaciones,2.8,municipio
Arona,2018,Otras prestaciones,2.8,municipio
Tejeda,2017,Prestaciones por desempleo,2.8,municipio
El Hierro,2015,Otras prestaciones,2.8,isla
Hermigua,2023,Prestaciones por desempleo,2.8,municipio
Lanzarote,2019,Otras prestaciones,2.8,isla
El Hierro,2022,Prestaciones por desempleo,2.8,isla
Telde,2023,Prestaciones por desempleo,2.8,municipio
Vilaflor de Chasna,2023,Prestaciones por desempleo,2.8,municipio
Gáldar,2022,Prestaciones por desempleo,2.8,municipio
Arico,2015,Otras prestaciones,2.8,municipio
Villa de Mazo,2016,Otras prestaciones,2.8,municipio
Fasnia,2022,Prestaciones por desempleo,2.9,municipio
Santa Cruz de Tenerife,2016,Otras prestaciones,2.9,municipio
San Cristóbal de La Laguna,2015,Otras prestaciones,2.9,municipio
Güímar,2022,Prestaciones por desempleo,2.9,municipio
Tegueste,2017,Otras prestaciones,2.9,municipio
Arrecife,2017,Otras prestaciones,2.9,municipio
Mogán,2017,Otras prestaciones,2.9,municipio
Puntagorda,2016,Otras prestaciones,2.9,municipio
Villa de Mazo,2019,Prestaciones por desempleo,2.9,municipio
Moya,2019,Prestaciones por desempleo,2.9,municipio
Valsequillo de Gran Canaria,2019,Prestaciones por desempleo,2.9,municipio
Los Llanos de Aridane,2015,Otras prestaciones,2.9,municipio
San Bartolomé,2017,Prestaciones por desempleo,2.9,municipio
San Bartolomé,2019,Prestaciones por desempleo,2.9,municipio
Puerto de la Cruz,2017,Prestaciones por desempleo,2.9,municipio
Tacoronte,2015,Otras prestaciones,2.9,municipio
Tenerife,2018,Prestaciones por desempleo,2.9,isla
Tacoronte,2016,Otras prestaciones,2.9,municipio
Tenerife,2016,Otras prestaciones,2.9,isla
La Palma,2019,Prestaciones por desempleo,2.9,isla
Teguise,2022,Otras prestaciones,2.9,municipio
Valleseco,2016,Prestaciones por desempleo,2.9,municipio
El Paso,2016,Otras prestaciones,2.9,municipio
Santa Brígida,2017,Otras prestaciones,2.9,municipio
Santiago del Teide,2018,Otras prestaciones,2.9,municipio
La Palma,2023,Prestaciones por desempleo,2.9,isla
Canarias,2018,Prestaciones por desempleo,2.9,isla
El Pinar de El Hierro,2019,Otras prestaciones,2.9,municipio
Santa Brígida,2019,Otras prestaciones,2.9,municipio
Tías,2021,Otras prestaciones,2.9,municipio
Puntallana,2017,Prestaciones por desempleo,2.9,municipio
Las Palmas,2019,Prestaciones por desempleo,2.9,provincia
Arucas,2016,Prestaciones por desempleo,2.9,municipio
Las Palmas,2018,Prestaciones por desempleo,2.9,provincia
Garachico,2022,Prestaciones por desempleo,2.9,municipio
Arafo,2016,Otras prestaciones,2.9,municipio
Arafo,2017,Otras prestaciones,2.9,municipio
Villa de Mazo,2018,Prestaciones por desempleo,2.9,municipio
El Hierro,2018,Prestaciones por desempleo,2.9,isla
Vilaflor de Chasna,2019,Prestaciones por desempleo,2.9,municipio
Granadilla de Abona,2023,Prestaciones por desempleo,2.9,municipio
Frontera,2019,Prestaciones por desempleo,2.9,municipio
Breña Baja,2019,Otras prestaciones,2.9,municipio
Garachico,2023,Prestaciones por desempleo,2.9,municipio
Telde,2022,Prestaciones por desempleo,2.9,municipio
Arico,2017,Otras prestaciones,2.9,municipio
Fuerteventura,2022,Prestaciones por desempleo,2.9,isla
Ingenio,2023,Prestaciones por desempleo,2.9,municipio
Betancuria,2018,Prestaciones por desempleo,2.9,municipio
Hermigua,2022,Prestaciones por desempleo,2.9,municipio
La Palma,2015,Otras prestaciones,2.9,isla
Santa Úrsula,2022,Prestaciones por desempleo,2.9,municipio
El Pinar de El Hierro,2018,Prestaciones por desempleo,2.9,municipio
Valverde,2017,Prestaciones por desempleo,2.9,municipio
Canarias,2019,Prestaciones por desempleo,2.9,isla
Fasnia,2018,Prestaciones por desempleo,2.9,municipio
Puntallana,2016,Otras prestaciones,3.0,municipio
La Palma,2018,Prestaciones por desempleo,3.0,isla
Teguise,2021,Otras prestaciones,3.0,municipio
La Orotava,2015,Otras prestaciones,3.0,municipio
Puntagorda,2017,Otras prestaciones,3.0,municipio
El Paso,2015,Otras prestaciones,3.0,municipio
Santa Cruz de Tenerife,2015,Prestaciones por desempleo,3.0,municipio
San Cristóbal de La Laguna,2016,Otras prestaciones,3.0,municipio
La Matanza de Acentejo,2022,Prestaciones por desempleo,3.0,municipio
San Sebastián de La Gomera,2017,Prestaciones por desempleo,3.0,municipio
Guía de Isora,2019,Otras prestaciones,3.0,municipio
Arrecife,2018,Otras prestaciones,3.0,municipio
Guía de Isora,2018,Otras prestaciones,3.0,municipio
El Rosario,2020,Otras prestaciones,3.0,municipio
Tegueste,2021,Prestaciones por desempleo,3.0,municipio
El Rosario,2022,Otras prestaciones,3.0,municipio
El Rosario,2021,Otras prestaciones,3.0,municipio
Los Llanos de Aridane,2016,Otras prestaciones,3.0,municipio
Haría,2019,Otras prestaciones,3.0,municipio
El Rosario,2023,Otras prestaciones,3.0,municipio
Los Realejos,2023,Prestaciones por desempleo,3.0,municipio
Tuineje,2017,Otras prestaciones,3.0,municipio
Las Palmas de Gran Canaria,2015,Prestaciones por desempleo,3.0,municipio
Güímar,2017,Otras prestaciones,3.0,municipio
Haría,2016,Otras prestaciones,3.0,municipio
Yaiza,2020,Otras prestaciones,3.0,municipio
Tacoronte,2017,Otras prestaciones,3.0,municipio
Tenerife,2019,Prestaciones por desempleo,3.0,isla
Puerto de la Cruz,2016,Prestaciones por desempleo,3.0,municipio
La Oliva,2022,Prestaciones por desempleo,3.0,municipio
Barlovento,2017,Prestaciones por desempleo,3.0,municipio
San Bartolomé,2023,Otras prestaciones,3.0,municipio
Santa Cruz de La Palma,2019,Otras prestaciones,3.0,municipio
Tacoronte,2018,Otras prestaciones,3.0,municipio
Vallehermoso,2023,Prestaciones por desempleo,3.0,municipio
Yaiza,2022,Otras prestaciones,3.0,municipio
Puerto del Rosario,2018,Otras prestaciones,3.0,municipio
La Matanza de Acentejo,2023,Prestaciones por desempleo,3.0,municipio
San Bartolomé de Tirajana,2015,Otras prestaciones,3.0,municipio
Los Silos,2023,Prestaciones por desempleo,3.0,municipio
Tías,2020,Otras prestaciones,3.0,municipio
Candelaria,2015,Otras prestaciones,3.0,municipio
Candelaria,2016,Otras prestaciones,3.0,municipio
Santa Cruz de La Palma,2016,Prestaciones por desempleo,3.0,municipio
Agüimes,2022,Prestaciones por desempleo,3.0,municipio
Garafía,2018,Otras prestaciones,3.0,municipio
Arrecife,2022,Prestaciones por desempleo,3.0,municipio
Villa de Mazo,2017,Prestaciones por desempleo,3.0,municipio
Fuerteventura,2019,Otras prestaciones,3.0,isla
Gáldar,2019,Prestaciones por desempleo,3.0,municipio
Hermigua,2016,Otras prestaciones,3.0,municipio
Betancuria,2017,Prestaciones por desempleo,3.0,municipio
Santa María de Guía de Gran Canaria,2017,Prestaciones por desempleo,3.0,municipio
Firgas,2016,Prestaciones por desempleo,3.0,municipio
San Juan de la Rambla,2023,Prestaciones por desempleo,3.0,municipio
Tejeda,2015,Prestaciones por desempleo,3.0,municipio
San Miguel de Abona,2022,Prestaciones por desempleo,3.0,municipio
Antigua,2020,Otras prestaciones,3.0,municipio
Fuencaliente de La Palma,2023,Prestaciones por desempleo,3.0,municipio
Granadilla de Abona,2018,Otras prestaciones,3.0,municipio
Granadilla de Abona,2019,Otras prestaciones,3.0,municipio
Antigua,2022,Prestaciones por desempleo,3.0,municipio
Breña Baja,2016,Prestaciones por desempleo,3.0,municipio
Breña Baja,2018,Otras prestaciones,3.0,municipio
Las Palmas,2017,Prestaciones por desempleo,3.0,provincia
Fuencaliente de La Palma,2019,Prestaciones por desempleo,3.1,municipio
Breña Baja,2023,Otras prestaciones,3.1,municipio
San Juan de la Rambla,2016,Otras prestaciones,3.1,municipio
Telde,2018,Prestaciones por desempleo,3.1,municipio
Canarias,2017,Prestaciones por desempleo,3.1,isla
Teror,2015,Prestaciones por desempleo,3.1,municipio
El Rosario,2021,Prestaciones por desempleo,3.1,municipio
Fuencaliente de La Palma,2016,Prestaciones por desempleo,3.1,municipio
Lanzarote,2019,Prestaciones por desempleo,3.1,isla
Valsequillo de Gran Canaria,2017,Prestaciones por desempleo,3.1,municipio
Breña Alta,2023,Otras prestaciones,3.1,municipio
Breña Alta,2020,Otras prestaciones,3.1,municipio
La Gomera,2018,Prestaciones por desempleo,3.1,isla
Lanzarote,2018,Prestaciones por desempleo,3.1,isla
La Oliva,2020,Otras prestaciones,3.1,municipio
Santiago del Teide,2019,Otras prestaciones,3.1,municipio
Tinajo,2020,Otras prestaciones,3.1,municipio
Arico,2018,Otras prestaciones,3.1,municipio
Santa Úrsula,2018,Prestaciones por desempleo,3.1,municipio
Puntagorda,2015,Otras prestaciones,3.1,municipio
Ingenio,2022,Prestaciones por desempleo,3.1,municipio
Vilaflor de Chasna,2018,Prestaciones por desempleo,3.1,municipio
Arico,2019,Otras prestaciones,3.1,municipio
La Orotava,2016,Otras prestaciones,3.1,municipio
Gáldar,2018,Prestaciones por desempleo,3.1,municipio
Barlovento,2018,Prestaciones por desempleo,3.1,municipio
Barlovento,2019,Prestaciones por desempleo,3.1,municipio
San Sebastián de La Gomera,2015,Otras prestaciones,3.1,municipio
La Palma,2017,Prestaciones por desempleo,3.1,isla
Puerto del Rosario,2018,Prestaciones por desempleo,3.1,municipio
Vega de San Mateo,2016,Prestaciones por desempleo,3.1,municipio
Santa Cruz de La Palma,2018,Otras prestaciones,3.1,municipio
San Bartolomé,2020,Otras prestaciones,3.1,municipio
Tacoronte,2017,Prestaciones por desempleo,3.1,municipio
Tenerife,2017,Otras prestaciones,3.1,isla
Tazacorte,2015,Otras prestaciones,3.1,municipio
San Bartolomé de Tirajana,2017,Prestaciones por desempleo,3.1,municipio
San Cristóbal de La Laguna,2016,Prestaciones por desempleo,3.1,municipio
Valle Gran Rey,2018,Prestaciones por desempleo,3.1,municipio
Fasnia,2019,Prestaciones por desempleo,3.1,municipio
Artenara,2019,Prestaciones por desempleo,3.1,municipio
El Pinar de El Hierro,2017,Otras prestaciones,3.1,municipio
Fuencaliente de La Palma,2017,Prestaciones por desempleo,3.1,municipio
Moya,2017,Prestaciones por desempleo,3.1,municipio
Adeje,2021,Otras prestaciones,3.1,municipio
Haría,2018,Otras prestaciones,3.1,municipio
Haría,2017,Otras prestaciones,3.1,municipio
Arafo,2017,Prestaciones por desempleo,3.1,municipio
San Bartolomé de Tirajana,2016,Otras prestaciones,3.1,municipio
Puerto del Rosario,2015,Otras prestaciones,3.1,municipio
El Sauzal,2018,Otras prestaciones,3.1,municipio
San Bartolomé de Tirajana,2018,Prestaciones por desempleo,3.1,municipio
La Gomera,2019,Prestaciones por desempleo,3.2,isla
La Gomera,2016,Otras prestaciones,3.2,isla
La Guancha,2022,Prestaciones por desempleo,3.2,municipio
Santa Lucía de Tirajana,2023,Prestaciones por desempleo,3.2,municipio
El Paso,2018,Otras prestaciones,3.2,municipio
El Paso,2019,Otras prestaciones,3.2,municipio
Lanzarote,2017,Prestaciones por desempleo,3.2,isla
Telde,2019,Prestaciones por desempleo,3.2,municipio
Fuencaliente de La Palma,2018,Otras prestaciones,3.2,municipio
Breña Baja,2021,Otras prestaciones,3.2,municipio
San Miguel de Abona,2022,Otras prestaciones,3.2,municipio
Puntallana,2015,Otras prestaciones,3.2,municipio
Tías,2015,Prestaciones por desempleo,3.2,municipio
La Orotava,2019,Prestaciones por desempleo,3.2,municipio
El Sauzal,2019,Otras prestaciones,3.2,municipio
Arico,2023,Prestaciones por desempleo,3.2,municipio
La Victoria de Acentejo,2023,Prestaciones por desempleo,3.2,municipio
San Sebastián de La Gomera,2015,Prestaciones por desempleo,3.2,municipio
Hermigua,2015,Otras prestaciones,3.2,municipio
La Oliva,2023,Otras prestaciones,3.2,municipio
Tinajo,2021,Otras prestaciones,3.2,municipio
Santa Cruz de Tenerife,2017,Otras prestaciones,3.2,municipio
La Palma,2017,Otras prestaciones,3.2,isla
San Andrés y Sauces,2016,Otras prestaciones,3.2,municipio
Agaete,2018,Prestaciones por desempleo,3.2,municipio
Mogán,2022,Prestaciones por desempleo,3.2,municipio
La Palma,2019,Otras prestaciones,3.2,isla
Gran Canaria,2016,Prestaciones por desempleo,3.2,isla
Tegueste,2023,Otras prestaciones,3.2,municipio
Tenerife,2017,Prestaciones por desempleo,3.2,isla
Arrecife,2019,Otras prestaciones,3.2,municipio
Fasnia,2017,Prestaciones por desempleo,3.2,municipio
Valverde,2021,Prestaciones por desempleo,3.2,municipio
Valle Gran Rey,2016,Otras prestaciones,3.2,municipio
Candelaria,2015,Prestaciones por desempleo,3.2,municipio
Tijarafe,2019,Prestaciones por desempleo,3.2,municipio
Santa Cruz de La Palma,2017,Otras prestaciones,3.2,municipio
Tuineje,2022,Prestaciones por desempleo,3.2,municipio
Mogán,2018,Otras prestaciones,3.2,municipio
San Bartolomé de Tirajana,2017,Otras prestaciones,3.2,municipio
Icod de los Vinos,2023,Prestaciones por desempleo,3.2,municipio
San Bartolomé,2016,Prestaciones por desempleo,3.2,municipio
Los Realejos,2015,Otras prestaciones,3.2,municipio
Breña Baja,2015,Prestaciones por desempleo,3.2,municipio
Los Realejos,2016,Otras prestaciones,3.2,municipio
Betancuria,2016,Prestaciones por desempleo,3.2,municipio
Yaiza,2021,Otras prestaciones,3.2,municipio
Breña Alta,2022,Otras prestaciones,3.2,municipio
Los Llanos de Aridane,2019,Prestaciones por desempleo,3.2,municipio
Frontera,2022,Prestaciones por desempleo,3.2,municipio
Breña Baja,2022,Otras prestaciones,3.2,municipio
Pájara,2022,Prestaciones por desempleo,3.2,municipio
Valleseco,2015,Prestaciones por desempleo,3.2,municipio
Puerto de la Cruz,2016,Otras prestaciones,3.2,municipio
Arona,2022,Prestaciones por desempleo,3.2,municipio
Santa Úrsula,2018,Otras prestaciones,3.2,municipio
Puerto de la Cruz,2015,Otras prestaciones,3.2,municipio
Barlovento,2016,Otras prestaciones,3.2,municipio
Tinajo,2017,Prestaciones por desempleo,3.2,municipio
El Paso,2019,Prestaciones por desempleo,3.2,municipio
Santa Úrsula,2017,Otras prestaciones,3.2,municipio
Santa Úrsula,2019,Prestaciones por desempleo,3.2,municipio
Vilaflor de Chasna,2022,Otras prestaciones,3.2,municipio
La Orotava,2018,Prestaciones por desempleo,3.2,municipio
Fuencaliente de La Palma,2018,Prestaciones por desempleo,3.3,municipio
Breña Baja,2020,Otras prestaciones,3.3,municipio
La Oliva,2021,Otras prestaciones,3.3,municipio
Las Palmas,2016,Prestaciones por desempleo,3.3,provincia
Frontera,2016,Otras prestaciones,3.3,municipio
San Miguel de Abona,2020,Otras prestaciones,3.3,municipio
Telde,2017,Prestaciones por desempleo,3.3,municipio
Fasnia,2019,Otras prestaciones,3.3,municipio
Gáldar,2017,Prestaciones por desempleo,3.3,municipio
Candelaria,2017,Otras prestaciones,3.3,municipio
Canarias,2015,Otras prestaciones,3.3,isla
Tacoronte,2016,Prestaciones por desempleo,3.3,municipio
San Cristóbal de La Laguna,2017,Otras prestaciones,3.3,municipio
Valverde,2018,Otras prestaciones,3.3,municipio
Canarias,2016,Otras prestaciones,3.3,isla
El Pinar de El Hierro,2017,Prestaciones por desempleo,3.3,municipio
El Pinar de El Hierro,2021,Prestaciones por desempleo,3.3,municipio
Santa Cruz de Tenerife,2018,Otras prestaciones,3.3,municipio
Tazacorte,2019,Otras prestaciones,3.3,municipio
Tenerife,2018,Otras prestaciones,3.3,isla
Tenerife,2019,Otras prestaciones,3.3,isla
Las Palmas de Gran Canaria,2021,Prestaciones por desempleo,3.3,municipio
San Cristóbal de La Laguna,2018,Otras prestaciones,3.3,municipio
San Bartolomé,2022,Otras prestaciones,3.3,municipio
San Bartolomé,2021,Otras prestaciones,3.3,municipio
Tegueste,2019,Otras prestaciones,3.3,municipio
Santa Cruz de La Palma,2015,Prestaciones por desempleo,3.3,municipio
Guía de Isora,2022,Prestaciones por desempleo,3.3,municipio
San Sebastián de La Gomera,2017,Otras prestaciones,3.3,municipio
El Sauzal,2017,Otras prestaciones,3.3,municipio
Puntagorda,2018,Otras prestaciones,3.3,municipio
La Palma,2022,Prestaciones por desempleo,3.3,isla
La Palma,2018,Otras prestaciones,3.3,isla
El Sauzal,2016,Prestaciones por desempleo,3.3,municipio
Los Silos,2016,Otras prestaciones,3.3,municipio
Los Silos,2022,Prestaciones por desempleo,3.3,municipio
Santa Cruz de Tenerife,2019,Otras prestaciones,3.3,municipio
Villa de Mazo,2017,Otras prestaciones,3.3,municipio
Villa de Mazo,2022,Otras prestaciones,3.3,municipio
Agaete,2019,Prestaciones por desempleo,3.3,municipio
Puntallana,2017,Otras prestaciones,3.3,municipio
Santa Cruz de Tenerife,2021,Prestaciones por desempleo,3.3,municipio
Tinajo,2022,Otras prestaciones,3.3,municipio
Tinajo,2023,Otras prestaciones,3.3,municipio
El Hierro,2017,Prestaciones por desempleo,3.3,isla
Vilaflor de Chasna,2022,Prestaciones por desempleo,3.3,municipio
Hermigua,2017,Otras prestaciones,3.3,municipio
Los Llanos de Aridane,2017,Prestaciones por desempleo,3.3,municipio
Breña Alta,2021,Otras prestaciones,3.3,municipio
Alajeró,2019,Prestaciones por desempleo,3.3,municipio
Alajeró,2018,Prestaciones por desempleo,3.3,municipio
Fasnia,2017,Otras prestaciones,3.3,municipio
Hermigua,2023,Otras prestaciones,3.3,municipio
San Miguel de Abona,2023,Otras prestaciones,3.3,municipio
El Hierro,2017,Otras prestaciones,3.3,isla
Los Llanos de Aridane,2018,Prestaciones por desempleo,3.3,municipio
Betancuria,2018,Otras prestaciones,3.3,municipio
Arafo,2018,Otras prestaciones,3.3,municipio
Tegueste,2018,Otras prestaciones,3.3,municipio
San Juan de la Rambla,2017,Otras prestaciones,3.4,municipio
Tejeda,2021,Prestaciones por desempleo,3.4,municipio
Candelaria,2018,Otras prestaciones,3.4,municipio
Frontera,2015,Otras prestaciones,3.4,municipio
Arucas,2015,Prestaciones por desempleo,3.4,municipio
Antigua,2023,Otras prestaciones,3.4,municipio
Teror,2016,Otras prestaciones,3.4,municipio
Garafía,2019,Otras prestaciones,3.4,municipio
Agulo,2019,Prestaciones por desempleo,3.4,municipio
Granadilla de Abona,2022,Prestaciones por desempleo,3.4,municipio
Buenavista del Norte,2023,Prestaciones por desempleo,3.4,municipio
El Hierro,2018,Otras prestaciones,3.4,isla
Puerto de la Cruz,2017,Otras prestaciones,3.4,municipio
Santa María de Guía de Gran Canaria,2021,Prestaciones por desempleo,3.4,municipio
La Orotava,2017,Otras prestaciones,3.4,municipio
El Hierro,2021,Prestaciones por desempleo,3.4,isla
Lanzarote,2020,Otras prestaciones,3.4,isla
Arico,2018,Prestaciones por desempleo,3.4,municipio
Vilaflor de Chasna,2023,Otras prestaciones,3.4,municipio
El Paso,2017,Prestaciones por desempleo,3.4,municipio
El Paso,2018,Prestaciones por desempleo,3.4,municipio
Puntagorda,2023,Prestaciones por desempleo,3.4,municipio
Santiago del Teide,2023,Otras prestaciones,3.4,municipio
Puerto de la Cruz,2019,Otras prestaciones,3.4,municipio
Yaiza,2018,Prestaciones por desempleo,3.4,municipio
El Paso,2017,Otras prestaciones,3.4,municipio
Puerto de la Cruz,2018,Otras prestaciones,3.4,municipio
La Gomera,2015,Otras prestaciones,3.4,isla
Barlovento,2017,Otras prestaciones,3.4,municipio
Lanzarote,2023,Otras prestaciones,3.4,isla
San Juan de la Rambla,2015,Otras prestaciones,3.4,municipio
San Juan de la Rambla,2022,Prestaciones por desempleo,3.4,municipio
Agulo,2015,Otras prestaciones,3.4,municipio
Agulo,2019,Otras prestaciones,3.4,municipio
Agulo,2023,Otras prestaciones,3.4,municipio
Breña Alta,2016,Prestaciones por desempleo,3.4,municipio
Betancuria,2017,Otras prestaciones,3.4,municipio
Arico,2022,Prestaciones por desempleo,3.4,municipio
Villa de Mazo,2019,Otras prestaciones,3.4,municipio
La Matanza de Acentejo,2015,Otras prestaciones,3.4,municipio
Vega de San Mateo,2015,Prestaciones por desempleo,3.4,municipio
Santa Brígida,2020,Otras prestaciones,3.4,municipio
La Matanza de Acentejo,2016,Otras prestaciones,3.4,municipio
La Matanza de Acentejo,2019,Prestaciones por desempleo,3.4,municipio
Puerto del Rosario,2019,Prestaciones por desempleo,3.4,municipio
San Bartolomé de Tirajana,2019,Prestaciones por desempleo,3.4,municipio
Puerto del Rosario,2017,Prestaciones por desempleo,3.4,municipio
Santa Cruz de La Palma,2021,Prestaciones por desempleo,3.4,municipio
San Cristóbal de La Laguna,2019,Otras prestaciones,3.4,municipio
Mogán,2019,Otras prestaciones,3.4,municipio
Villa de Mazo,2018,Otras prestaciones,3.4,municipio
San Bartolomé de Tirajana,2018,Otras prestaciones,3.4,municipio
Puerto del Rosario,2019,Otras prestaciones,3.4,municipio
Vallehermoso,2022,Prestaciones por desempleo,3.4,municipio
Tacoronte,2019,Otras prestaciones,3.4,municipio
Tazacorte,2018,Otras prestaciones,3.4,municipio
Arafo,2016,Prestaciones por desempleo,3.4,municipio
Tegueste,2022,Otras prestaciones,3.4,municipio
Adeje,2018,Prestaciones por desempleo,3.4,municipio
Adeje,2019,Prestaciones por desempleo,3.4,municipio
Güímar,2019,Prestaciones por desempleo,3.4,municipio
Güímar,2018,Otras prestaciones,3.4,municipio
Tuineje,2018,Otras prestaciones,3.4,municipio
Canarias,2016,Prestaciones por desempleo,3.4,isla
Candelaria,2019,Otras prestaciones,3.4,municipio
Tijarafe,2019,Otras prestaciones,3.4,municipio
Tazacorte,2016,Otras prestaciones,3.4,municipio
Valle Gran Rey,2015,Otras prestaciones,3.4,municipio
Valle Gran Rey,2017,Otras prestaciones,3.4,municipio
Fasnia,2016,Prestaciones por desempleo,3.4,municipio
Artenara,2017,Prestaciones por desempleo,3.4,municipio
Candelaria,2021,Prestaciones por desempleo,3.4,municipio
Arucas,2021,Prestaciones por desempleo,3.5,municipio
Artenara,2021,Prestaciones por desempleo,3.5,municipio
Alajeró,2015,Otras prestaciones,3.5,municipio
Alajeró,2016,Otras prestaciones,3.5,municipio
Valle Gran Rey,2019,Otras prestaciones,3.5,municipio
El Pinar de El Hierro,2021,Otras prestaciones,3.5,municipio
Moya,2016,Prestaciones por desempleo,3.5,municipio
Güímar,2018,Prestaciones por desempleo,3.5,municipio
Güímar,2019,Otras prestaciones,3.5,municipio
El Tanque,2016,Otras prestaciones,3.5,municipio
Valle Gran Rey,2017,Prestaciones por desempleo,3.5,municipio
Valle Gran Rey,2016,Prestaciones por desempleo,3.5,municipio
Tijarafe,2022,Prestaciones por desempleo,3.5,municipio
Tijarafe,2015,Otras prestaciones,3.5,municipio
Tijarafe,2016,Otras prestaciones,3.5,municipio
Valle Gran Rey,2019,Prestaciones por desempleo,3.5,municipio
Tegueste,2021,Otras prestaciones,3.5,municipio
Tenerife,2016,Prestaciones por desempleo,3.5,isla
Tijarafe,2018,Prestaciones por desempleo,3.5,municipio
Mogán,2018,Prestaciones por desempleo,3.5,municipio
La Victoria de Acentejo,2022,Prestaciones por desempleo,3.5,municipio
San Sebastián de La Gomera,2019,Otras prestaciones,3.5,municipio
La Matanza de Acentejo,2018,Prestaciones por desempleo,3.5,municipio
San Andrés y Sauces,2017,Otras prestaciones,3.5,municipio
Agaete,2017,Prestaciones por desempleo,3.5,municipio
San Cristóbal de La Laguna,2015,Prestaciones por desempleo,3.5,municipio
Arafo,2023,Otras prestaciones,3.5,municipio
San Bartolomé de Tirajana,2016,Prestaciones por desempleo,3.5,municipio
Los Silos,2015,Otras prestaciones,3.5,municipio
Santa Cruz de La Palma,2020,Otras prestaciones,3.5,municipio
Tuineje,2019,Otras prestaciones,3.5,municipio
San Sebastián de La Gomera,2023,Otras prestaciones,3.5,municipio
San Sebastián de La Gomera,2016,Prestaciones por desempleo,3.5,municipio
Guía de Isora,2020,Otras prestaciones,3.5,municipio
Arafo,2019,Otras prestaciones,3.5,municipio
Yaiza,2017,Prestaciones por desempleo,3.5,municipio
Los Llanos de Aridane,2019,Otras prestaciones,3.5,municipio
Los Llanos de Aridane,2017,Otras prestaciones,3.5,municipio
Los Llanos de Aridane,2018,Otras prestaciones,3.5,municipio
Frontera,2018,Prestaciones por desempleo,3.5,municipio
Breña Baja,2021,Prestaciones por desempleo,3.5,municipio
Fuencaliente de La Palma,2015,Prestaciones por desempleo,3.5,municipio
Agulo,2016,Otras prestaciones,3.5,municipio
Fuencaliente de La Palma,2019,Otras prestaciones,3.5,municipio
Barlovento,2015,Otras prestaciones,3.5,municipio
Barlovento,2018,Otras prestaciones,3.5,municipio
Firgas,2015,Prestaciones por desempleo,3.5,municipio
Santa Úrsula,2017,Prestaciones por desempleo,3.5,municipio
Arico,2020,Otras prestaciones,3.5,municipio
El Paso,2023,Prestaciones por desempleo,3.5,municipio
La Gomera,2017,Otras prestaciones,3.5,isla
Santa Úrsula,2019,Otras prestaciones,3.5,municipio
Barlovento,2016,Prestaciones por desempleo,3.5,municipio
La Orotava,2018,Otras prestaciones,3.5,municipio
Tinajo,2016,Prestaciones por desempleo,3.5,municipio
Santa Brígida,2020,Prestaciones por desempleo,3.5,municipio
Puntagorda,2020,Otras prestaciones,3.5,municipio
Puntallana,2022,Otras prestaciones,3.5,municipio
Puntallana,2023,Otras prestaciones,3.5,municipio
Puntallana,2016,Prestaciones por desempleo,3.5,municipio
San Andrés y Sauces,2015,Otras prestaciones,3.5,municipio
Villa de Mazo,2020,Otras prestaciones,3.5,municipio
La Victoria de Acentejo,2016,Otras prestaciones,3.5,municipio
Teror,2015,Otras prestaciones,3.5,municipio
La Gomera,2017,Prestaciones por desempleo,3.5,isla
El Paso,2020,Otras prestaciones,3.5,municipio
Lanzarote,2022,Otras prestaciones,3.5,isla
La Oliva,2022,Otras prestaciones,3.5,municipio
Antigua,2021,Otras prestaciones,3.5,municipio
Antigua,2018,Prestaciones por desempleo,3.5,municipio
Fuencaliente de La Palma,2022,Prestaciones por desempleo,3.5,municipio
Los Silos,2017,Otras prestaciones,3.6,municipio
Icod de los Vinos,2022,Prestaciones por desempleo,3.6,municipio
Icod de los Vinos,2016,Otras prestaciones,3.6,municipio
Santa Cruz de La Palma,2022,Otras prestaciones,3.6,municipio
San Bartolomé,2015,Prestaciones por desempleo,3.6,municipio
San Andrés y Sauces,2019,Otras prestaciones,3.6,municipio
La Palma,2016,Prestaciones por desempleo,3.6,isla
Valverde,2021,Otras prestaciones,3.6,municipio
Artenara,2015,Prestaciones por desempleo,3.6,municipio
Canarias,2018,Otras prestaciones,3.6,isla
Candelaria,2020,Otras prestaciones,3.6,municipio
Artenara,2016,Prestaciones por desempleo,3.6,municipio
Valverde,2022,Otras prestaciones,3.6,municipio
Valverde,2015,Prestaciones por desempleo,3.6,municipio
Alajeró,2017,Otras prestaciones,3.6,municipio
Tijarafe,2018,Otras prestaciones,3.6,municipio
Tegueste,2020,Otras prestaciones,3.6,municipio
Gran Canaria,2015,Prestaciones por desempleo,3.6,isla
Canarias,2017,Otras prestaciones,3.6,isla
El Sauzal,2015,Prestaciones por desempleo,3.6,municipio
Santa Cruz de La Palma,2023,Otras prestaciones,3.6,municipio
Puerto del Rosario,2020,Otras prestaciones,3.6,municipio
Adeje,2017,Prestaciones por desempleo,3.6,municipio
Villa de Mazo,2023,Otras prestaciones,3.6,municipio
La Matanza de Acentejo,2017,Otras prestaciones,3.6,municipio
Puerto de la Cruz,2015,Prestaciones por desempleo,3.6,municipio
Gáldar,2021,Prestaciones por desempleo,3.6,municipio
Vilaflor de Chasna,2017,Prestaciones por desempleo,3.6,municipio
Santa Lucía de Tirajana,2022,Prestaciones por desempleo,3.6,municipio
Santa Brígida,2022,Otras prestaciones,3.6,municipio
Lanzarote,2021,Otras prestaciones,3.6,isla
La Orotava,2019,Otras prestaciones,3.6,municipio
Puntallana,2021,Prestaciones por desempleo,3.6,municipio
Puntallana,2019,Otras prestaciones,3.6,municipio
Puntallana,2021,Otras prestaciones,3.6,municipio
Tinajo,2015,Prestaciones por desempleo,3.6,municipio
Barlovento,2019,Otras prestaciones,3.6,municipio
Santa Brígida,2021,Otras prestaciones,3.6,municipio
La Orotava,2017,Prestaciones por desempleo,3.6,municipio
Agulo,2018,Prestaciones por desempleo,3.6,municipio
Agüimes,2019,Prestaciones por desempleo,3.6,municipio
Granadilla de Abona,2023,Otras prestaciones,3.6,municipio
Buenavista del Norte,2022,Prestaciones por desempleo,3.6,municipio
Valsequillo de Gran Canaria,2016,Prestaciones por desempleo,3.6,municipio
Lanzarote,2016,Prestaciones por desempleo,3.6,isla
Los Realejos,2022,Prestaciones por desempleo,3.6,municipio
La Gomera,2023,Otras prestaciones,3.6,isla
Fuerteventura,2020,Otras prestaciones,3.6,isla
San Miguel de Abona,2018,Prestaciones por desempleo,3.6,municipio
El Hierro,2019,Otras prestaciones,3.6,isla
Betancuria,2015,Prestaciones por desempleo,3.6,municipio
Garafía,2019,Prestaciones por desempleo,3.6,municipio
Puerto del Rosario,2016,Prestaciones por desempleo,3.6,municipio
San Bartolomé de Tirajana,2019,Otras prestaciones,3.6,municipio
Tijarafe,2017,Prestaciones por desempleo,3.6,municipio
Agüimes,2018,Prestaciones por desempleo,3.6,municipio
Santa María de Guía de Gran Canaria,2016,Prestaciones por desempleo,3.6,municipio
Garafía,2022,Prestaciones por desempleo,3.6,municipio
Garachico,2018,Prestaciones por desempleo,3.6,municipio
Antigua,2022,Otras prestaciones,3.6,municipio
Las Palmas,2015,Otras prestaciones,3.6,provincia
El Pinar de El Hierro,2020,Otras prestaciones,3.6,municipio
Garafía,2018,Prestaciones por desempleo,3.7,municipio
Valverde,2019,Otras prestaciones,3.7,municipio
Las Palmas de Gran Canaria,2015,Otras prestaciones,3.7,municipio
Tacoronte,2021,Prestaciones por desempleo,3.7,municipio
La Guancha,2019,Prestaciones por desempleo,3.7,municipio
Tacoronte,2015,Prestaciones por desempleo,3.7,municipio
Haría,2020,Otras prestaciones,3.7,municipio
San Juan de la Rambla,2018,Otras prestaciones,3.7,municipio
Yaiza,2019,Prestaciones por desempleo,3.7,municipio
San Cristóbal de La Laguna,2021,Prestaciones por desempleo,3.7,municipio
Guía de Isora,2023,Otras prestaciones,3.7,municipio
San Miguel de Abona,2019,Prestaciones por desempleo,3.7,municipio
Icod de los Vinos,2015,Otras prestaciones,3.7,municipio
Arico,2023,Otras prestaciones,3.7,municipio
Garachico,2019,Prestaciones por desempleo,3.7,municipio
Garachico,2016,Otras prestaciones,3.7,municipio
Betancuria,2019,Otras prestaciones,3.7,municipio
Villa de Mazo,2016,Prestaciones por desempleo,3.7,municipio
Arona,2023,Otras prestaciones,3.7,municipio
Granadilla de Abona,2020,Otras prestaciones,3.7,municipio
San Miguel de Abona,2021,Otras prestaciones,3.7,municipio
Las Palmas,2016,Otras prestaciones,3.7,provincia
Frontera,2017,Prestaciones por desempleo,3.7,municipio
Tijarafe,2017,Otras prestaciones,3.7,municipio
La Palma,2020,Otras prestaciones,3.7,isla
Fuerteventura,2017,Prestaciones por desempleo,3.7,isla
Los Realejos,2018,Otras prestaciones,3.7,municipio
Los Realejos,2017,Otras prestaciones,3.7,municipio
El Sauzal,2020,Otras prestaciones,3.7,municipio
Fuerteventura,2018,Prestaciones por desempleo,3.7,isla
La Gomera,2019,Otras prestaciones,3.7,isla
Valle Gran Rey,2023,Otras prestaciones,3.7,municipio
Pájara,2020,Otras prestaciones,3.7,municipio
Pájara,2021,Otras prestaciones,3.7,municipio
Pájara,2022,Otras prestaciones,3.7,municipio
Vilaflor de Chasna,2016,Prestaciones por desempleo,3.7,municipio
Mogán,2017,Prestaciones por desempleo,3.7,municipio
Pájara,2023,Otras prestaciones,3.7,municipio
Puntagorda,2018,Prestaciones por desempleo,3.7,municipio
Vilaflor de Chasna,2021,Otras prestaciones,3.7,municipio
Tijarafe,2021,Otras prestaciones,3.7,municipio
Santiago del Teide,2017,Prestaciones por desempleo,3.7,municipio
Santiago del Teide,2019,Prestaciones por desempleo,3.7,municipio
Barlovento,2021,Otras prestaciones,3.7,municipio
Mogán,2019,Prestaciones por desempleo,3.7,municipio
Canarias,2019,Otras prestaciones,3.7,isla
San Andrés y Sauces,2018,Otras prestaciones,3.7,municipio
La Matanza de Acentejo,2019,Otras prestaciones,3.7,municipio
Valverde,2016,Prestaciones por desempleo,3.7,municipio
Candelaria,2021,Otras prestaciones,3.7,municipio
Fasnia,2018,Otras prestaciones,3.7,municipio
Garafía,2016,Otras prestaciones,3.7,municipio
Telde,2016,Prestaciones por desempleo,3.7,municipio
Frontera,2019,Otras prestaciones,3.7,municipio
Barlovento,2023,Otras prestaciones,3.7,municipio
Villa de Mazo,2021,Otras prestaciones,3.7,municipio
Santa Cruz de La Palma,2021,Otras prestaciones,3.7,municipio
La Victoria de Acentejo,2015,Otras prestaciones,3.7,municipio
San Sebastián de La Gomera,2022,Otras prestaciones,3.7,municipio
Santiago del Teide,2022,Otras prestaciones,3.7,municipio
Las Palmas,2015,Prestaciones por desempleo,3.8,provincia
Teror,2017,Otras prestaciones,3.8,municipio
Los Realejos,2019,Otras prestaciones,3.8,municipio
San Juan de la Rambla,2018,Prestaciones por desempleo,3.8,municipio
Tijarafe,2021,Prestaciones por desempleo,3.8,municipio
Arona,2022,Otras prestaciones,3.8,municipio
Arona,2020,Otras prestaciones,3.8,municipio
Garachico,2018,Otras prestaciones,3.8,municipio
Puntallana,2015,Prestaciones por desempleo,3.8,municipio
Breña Alta,2021,Prestaciones por desempleo,3.8,municipio
Garachico,2017,Otras prestaciones,3.8,municipio
Garachico,2015,Otras prestaciones,3.8,municipio
Arafo,2021,Prestaciones por desempleo,3.8,municipio
Teror,2018,Otras prestaciones,3.8,municipio
Antigua,2019,Prestaciones por desempleo,3.8,municipio
Puntallana,2020,Otras prestaciones,3.8,municipio
Güímar,2017,Prestaciones por desempleo,3.8,municipio
Puntagorda,2023,Otras prestaciones,3.8,municipio
Puntagorda,2019,Prestaciones por desempleo,3.8,municipio
Fuerteventura,2021,Otras prestaciones,3.8,isla
Arafo,2020,Otras prestaciones,3.8,municipio
Los Realejos,2019,Prestaciones por desempleo,3.8,municipio
Granadilla de Abona,2021,Otras prestaciones,3.8,municipio
Fuerteventura,2023,Otras prestaciones,3.8,isla
Moya,2021,Prestaciones por desempleo,3.8,municipio
Gáldar,2016,Prestaciones por desempleo,3.8,municipio
Firgas,2021,Prestaciones por desempleo,3.8,municipio
Valle Gran Rey,2022,Otras prestaciones,3.8,municipio
Arico,2017,Prestaciones por desempleo,3.8,municipio
Arico,2019,Prestaciones por desempleo,3.8,municipio
Vallehermoso,2017,Prestaciones por desempleo,3.8,municipio
Arucas,2015,Otras prestaciones,3.8,municipio
El Hierro,2021,Otras prestaciones,3.8,isla
Valsequillo de Gran Canaria,2016,Otras prestaciones,3.8,municipio
Vega de San Mateo,2021,Prestaciones por desempleo,3.8,municipio
San Andrés y Sauces,2021,Otras prestaciones,3.8,municipio
Santa Brígida,2023,Otras prestaciones,3.8,municipio
Agaete,2021,Prestaciones por desempleo,3.8,municipio
San Sebastián de La Gomera,2021,Otras prestaciones,3.8,municipio
Santiago del Teide,2020,Otras prestaciones,3.8,municipio
Puntagorda,2021,Otras prestaciones,3.8,municipio
Santiago del Teide,2018,Prestaciones por desempleo,3.8,municipio
Arrecife,2018,Prestaciones por desempleo,3.8,municipio
Ingenio,2019,Prestaciones por desempleo,3.8,municipio
Ingenio,2018,Prestaciones por desempleo,3.8,municipio
Fasnia,2015,Prestaciones por desempleo,3.8,municipio
La Matanza de Acentejo,2018,Otras prestaciones,3.8,municipio
Candelaria,2023,Otras prestaciones,3.8,municipio
Canarias,2015,Prestaciones por desempleo,3.8,isla
Guía de Isora,2022,Otras prestaciones,3.8,municipio
Adeje,2016,Prestaciones por desempleo,3.8,municipio
La Guancha,2018,Prestaciones por desempleo,3.8,municipio
Agulo,2017,Otras prestaciones,3.8,municipio
Arico,2022,Otras prestaciones,3.8,municipio
Agüimes,2017,Prestaciones por desempleo,3.8,municipio
Los Realejos,2018,Prestaciones por desempleo,3.8,municipio
Tejeda,2016,Otras prestaciones,3.8,municipio
El Sauzal,2021,Prestaciones por desempleo,3.8,municipio
La Gomera,2022,Otras prestaciones,3.8,isla
San Cristóbal de La Laguna,2020,Otras prestaciones,3.8,municipio
Arico,2021,Otras prestaciones,3.8,municipio
Garafía,2023,Prestaciones por desempleo,3.8,municipio
El Pinar de El Hierro,2022,Otras prestaciones,3.8,municipio
La Guancha,2017,Prestaciones por desempleo,3.9,municipio
Valverde,2023,Otras prestaciones,3.9,municipio
Valverde,2020,Otras prestaciones,3.9,municipio
Vallehermoso,2023,Otras prestaciones,3.9,municipio
Alajeró,2017,Prestaciones por desempleo,3.9,municipio
Arrecife,2020,Otras prestaciones,3.9,municipio
La Oliva,2017,Prestaciones por desempleo,3.9,municipio
Mogán,2016,Prestaciones por desempleo,3.9,municipio
San Sebastián de La Gomera,2021,Prestaciones por desempleo,3.9,municipio
Fuerteventura,2022,Otras prestaciones,3.9,isla
Puntallana,2018,Otras prestaciones,3.9,municipio
Las Palmas,2018,Otras prestaciones,3.9,provincia
Hermigua,2018,Prestaciones por desempleo,3.9,municipio
Tenerife,2015,Prestaciones por desempleo,3.9,isla
Teror,2021,Prestaciones por desempleo,3.9,municipio
Granadilla de Abona,2022,Otras prestaciones,3.9,municipio
Villa de Mazo,2015,Prestaciones por desempleo,3.9,municipio
Frontera,2021,Prestaciones por desempleo,3.9,municipio
Las Palmas,2017,Otras prestaciones,3.9,provincia
San Miguel de Abona,2017,Prestaciones por desempleo,3.9,municipio
Los Silos,2019,Prestaciones por desempleo,3.9,municipio
Haría,2021,Otras prestaciones,3.9,municipio
Tazacorte,2017,Otras prestaciones,3.9,municipio
Arucas,2016,Otras prestaciones,3.9,municipio
El Hierro,2022,Otras prestaciones,3.9,isla
Las Palmas de Gran Canaria,2016,Otras prestaciones,3.9,municipio
Tacoronte,2020,Otras prestaciones,3.9,municipio
Tacoronte,2021,Otras prestaciones,3.9,municipio
Puerto del Rosario,2023,Otras prestaciones,3.9,municipio
Tejeda,2015,Otras prestaciones,3.9,municipio
La Gomera,2015,Prestaciones por desempleo,3.9,isla
Puerto del Rosario,2021,Otras prestaciones,3.9,municipio
Hermigua,2019,Otras prestaciones,3.9,municipio
La Gomera,2016,Prestaciones por desempleo,3.9,isla
Hermigua,2021,Otras prestaciones,3.9,municipio
Hermigua,2022,Otras prestaciones,3.9,municipio
San Bartolomé de Tirajana,2015,Prestaciones por desempleo,3.9,municipio
Los Silos,2019,Otras prestaciones,3.9,municipio
Barlovento,2020,Otras prestaciones,3.9,municipio
Barlovento,2022,Otras prestaciones,3.9,municipio
Arrecife,2019,Prestaciones por desempleo,3.9,municipio
Puntagorda,2022,Prestaciones por desempleo,3.9,municipio
Arafo,2022,Otras prestaciones,3.9,municipio
San Sebastián de La Gomera,2018,Otras prestaciones,3.9,municipio
La Orotava,2016,Prestaciones por desempleo,3.9,municipio
Valsequillo de Gran Canaria,2015,Prestaciones por desempleo,3.9,municipio
Tenerife,2020,Otras prestaciones,3.9,isla
Puntagorda,2022,Otras prestaciones,3.9,municipio
Santa Cruz de Tenerife,2020,Otras prestaciones,3.9,municipio
Arrecife,2017,Prestaciones por desempleo,3.9,municipio
Candelaria,2022,Otras prestaciones,3.9,municipio
San Andrés y Sauces,2020,Prestaciones por desempleo,3.9,municipio
San Andrés y Sauces,2020,Otras prestaciones,3.9,municipio
Fasnia,2023,Otras prestaciones,3.9,municipio
San Andrés y Sauces,2022,Otras prestaciones,3.9,municipio
La Matanza de Acentejo,2017,Prestaciones por desempleo,4.0,municipio
Fasnia,2020,Otras prestaciones,4.0,municipio
Alajeró,2019,Otras prestaciones,4.0,municipio
Agaete,2016,Prestaciones por desempleo,4.0,municipio
Ingenio,2017,Prestaciones por desempleo,4.0,municipio
El Pinar de El Hierro,2023,Otras prestaciones,4.0,municipio
Garafía,2015,Otras prestaciones,4.0,municipio
Garafía,2017,Otras prestaciones,4.0,municipio
Santa Lucía de Tirajana,2015,Otras prestaciones,4.0,municipio
Tenerife,2023,Otras prestaciones,4.0,isla
Los Llanos de Aridane,2023,Prestaciones por desempleo,4.0,municipio
San Sebastián de La Gomera,2020,Otras prestaciones,4.0,municipio
El Paso,2016,Prestaciones por desempleo,4.0,municipio
Valleseco,2021,Prestaciones por desempleo,4.0,municipio
Breña Alta,2015,Prestaciones por desempleo,4.0,municipio
Tijarafe,2015,Prestaciones por desempleo,4.0,municipio
Gran Canaria,2015,Otras prestaciones,4.0,isla
La Victoria de Acentejo,2018,Otras prestaciones,4.0,municipio
Icod de los Vinos,2017,Otras prestaciones,4.0,municipio
La Oliva,2018,Prestaciones por desempleo,4.0,municipio
Arafo,2021,Otras prestaciones,4.0,municipio
Santa María de Guía de Gran Canaria,2015,Prestaciones por desempleo,4.0,municipio
La Victoria de Acentejo,2017,Otras prestaciones,4.0,municipio
La Victoria de Acentejo,2019,Prestaciones por desempleo,4.0,municipio
La Palma,2015,Prestaciones por desempleo,4.0,isla
Fuerteventura,2016,Prestaciones por desempleo,4.0,isla
Fuerteventura,2019,Prestaciones por desempleo,4.0,isla
La Gomera,2021,Otras prestaciones,4.0,isla
La Palma,2023,Otras prestaciones,4.0,isla
Gran Canaria,2016,Otras prestaciones,4.0,isla
Haría,2023,Otras prestaciones,4.0,municipio
Antigua,2017,Prestaciones por desempleo,4.0,municipio
Teror,2019,Otras prestaciones,4.0,municipio
Santa Cruz de Tenerife,2023,Otras prestaciones,4.0,municipio
El Sauzal,2023,Otras prestaciones,4.0,municipio
Agulo,2017,Prestaciones por desempleo,4.0,municipio
Los Llanos de Aridane,2016,Prestaciones por desempleo,4.0,municipio
Tejeda,2017,Otras prestaciones,4.0,municipio
El Hierro,2020,Otras prestaciones,4.0,isla
Agüimes,2015,Otras prestaciones,4.0,municipio
Vallehermoso,2016,Otras prestaciones,4.0,municipio
La Guancha,2016,Otras prestaciones,4.0,municipio
San Juan de la Rambla,2019,Prestaciones por desempleo,4.0,municipio
Valsequillo de Gran Canaria,2015,Otras prestaciones,4.0,municipio
Garachico,2017,Prestaciones por desempleo,4.0,municipio
Güímar,2023,Otras prestaciones,4.0,municipio
Guía de Isora,2021,Otras prestaciones,4.0,municipio
Adeje,2015,Prestaciones por desempleo,4.0,municipio
Valle Gran Rey,2020,Otras prestaciones,4.0,municipio
El Tanque,2017,Otras prestaciones,4.0,municipio
Valle Gran Rey,2021,Otras prestaciones,4.0,municipio
Valle Gran Rey,2018,Otras prestaciones,4.0,municipio
Icod de los Vinos,2019,Prestaciones por desempleo,4.0,municipio
Icod de los Vinos,2018,Prestaciones por desempleo,4.0,municipio
Tazacorte,2020,Otras prestaciones,4.0,municipio
Tacoronte,2023,Otras prestaciones,4.0,municipio
Agulo,2022,Otras prestaciones,4.0,municipio
Alajeró,2022,Otras prestaciones,4.0,municipio
Alajeró,2023,Otras prestaciones,4.0,municipio
El Hierro,2023,Otras prestaciones,4.0,isla
Frontera,2018,Otras prestaciones,4.0,municipio
Betancuria,2023,Otras prestaciones,4.1,municipio
Vilaflor de Chasna,2020,Otras prestaciones,4.1,municipio
Puerto del Rosario,2022,Otras prestaciones,4.1,municipio
Puerto del Rosario,2015,Prestaciones por desempleo,4.1,municipio
Puerto de la Cruz,2022,Otras prestaciones,4.1,municipio
Moya,2015,Prestaciones por desempleo,4.1,municipio
Las Palmas,2019,Otras prestaciones,4.1,provincia
El Tanque,2023,Prestaciones por desempleo,4.1,municipio
Valle Gran Rey,2015,Prestaciones por desempleo,4.1,municipio
Tijarafe,2020,Otras prestaciones,4.1,municipio
Garachico,2019,Otras prestaciones,4.1,municipio
La Palma,2021,Otras prestaciones,4.1,isla
El Sauzal,2021,Otras prestaciones,4.1,municipio
San Cristóbal de La Laguna,2021,Otras prestaciones,4.1,municipio
Buenavista del Norte,2019,Prestaciones por desempleo,4.1,municipio
Icod de los Vinos,2018,Otras prestaciones,4.1,municipio
Güímar,2020,Otras prestaciones,4.1,municipio
Mogán,2022,Otras prestaciones,4.1,municipio
Tenerife,2021,Otras prestaciones,4.1,isla
La Victoria de Acentejo,2018,Prestaciones por desempleo,4.1,municipio
Santa Cruz de Tenerife,2022,Otras prestaciones,4.1,municipio
Arrecife,2023,Otras prestaciones,4.1,municipio
Santa Cruz de Tenerife,2021,Otras prestaciones,4.1,municipio
Santa Lucía de Tirajana,2016,Otras prestaciones,4.1,municipio
Frontera,2021,Otras prestaciones,4.1,municipio
Santiago del Teide,2021,Otras prestaciones,4.1,municipio
Tijarafe,2023,Otras prestaciones,4.1,municipio
Tijarafe,2022,Otras prestaciones,4.1,municipio
Vilaflor de Chasna,2015,Prestaciones por desempleo,4.1,municipio
Arafo,2015,Prestaciones por desempleo,4.1,municipio
El Tanque,2015,Otras prestaciones,4.1,municipio
Pájara,2016,Prestaciones por desempleo,4.1,municipio
Pájara,2017,Prestaciones por desempleo,4.1,municipio
San Andrés y Sauces,2023,Otras prestaciones,4.1,municipio
Los Silos,2017,Prestaciones por desempleo,4.1,municipio
Las Palmas de Gran Canaria,2018,Otras prestaciones,4.1,municipio
El Hierro,2015,Prestaciones por desempleo,4.1,isla
Las Palmas de Gran Canaria,2017,Otras prestaciones,4.1,municipio
Alajeró,2016,Prestaciones por desempleo,4.1,municipio
Vallehermoso,2019,Prestaciones por desempleo,4.1,municipio
Tuineje,2017,Prestaciones por desempleo,4.1,municipio
Vallehermoso,2022,Otras prestaciones,4.1,municipio
Valsequillo de Gran Canaria,2018,Otras prestaciones,4.1,municipio
Barlovento,2015,Prestaciones por desempleo,4.1,municipio
Santa Úrsula,2016,Prestaciones por desempleo,4.1,municipio
El Paso,2023,Otras prestaciones,4.1,municipio
Tenerife,2022,Otras prestaciones,4.1,isla
Tacoronte,2022,Otras prestaciones,4.1,municipio
Fuencaliente de La Palma,2021,Otras prestaciones,4.1,municipio
Lanzarote,2015,Prestaciones por desempleo,4.1,isla
Betancuria,2022,Otras prestaciones,4.2,municipio
Güímar,2016,Prestaciones por desempleo,4.2,municipio
Granadilla de Abona,2019,Prestaciones por desempleo,4.2,municipio
La Victoria de Acentejo,2019,Otras prestaciones,4.2,municipio
Arona,2021,Otras prestaciones,4.2,municipio
Tijarafe,2016,Prestaciones por desempleo,4.2,municipio
Arrecife,2022,Otras prestaciones,4.2,municipio
Barlovento,2021,Prestaciones por desempleo,4.2,municipio
Agaete,2015,Prestaciones por desempleo,4.2,municipio
El Pinar de El Hierro,2015,Prestaciones por desempleo,4.2,municipio
Frontera,2017,Otras prestaciones,4.2,municipio
Garafía,2020,Otras prestaciones,4.2,municipio
Arona,2018,Prestaciones por desempleo,4.2,municipio
Frontera,2020,Otras prestaciones,4.2,municipio
El Paso,2022,Prestaciones por desempleo,4.2,municipio
Santiago del Teide,2016,Prestaciones por desempleo,4.2,municipio
Agüimes,2016,Otras prestaciones,4.2,municipio
El Hierro,2016,Prestaciones por desempleo,4.2,isla
Puerto de la Cruz,2023,Otras prestaciones,4.2,municipio
La Guancha,2015,Otras prestaciones,4.2,municipio
Vallehermoso,2017,Otras prestaciones,4.2,municipio
San Juan de la Rambla,2019,Otras prestaciones,4.2,municipio
El Sauzal,2022,Otras prestaciones,4.2,municipio
Fuencaliente de La Palma,2020,Otras prestaciones,4.2,municipio
Tejeda,2019,Otras prestaciones,4.2,municipio
San Cristóbal de La Laguna,2023,Otras prestaciones,4.2,municipio
Los Llanos de Aridane,2020,Otras prestaciones,4.2,municipio
San Cristóbal de La Laguna,2022,Otras prestaciones,4.2,municipio
San Juan de la Rambla,2017,Prestaciones por desempleo,4.2,municipio
San Miguel de Abona,2016,Prestaciones por desempleo,4.2,municipio
Antigua,2016,Prestaciones por desempleo,4.2,municipio
Icod de los Vinos,2017,Prestaciones por desempleo,4.2,municipio
Haría,2022,Otras prestaciones,4.2,municipio
La Gomera,2018,Otras prestaciones,4.2,isla
Güímar,2022,Otras prestaciones,4.2,municipio
Tuineje,2018,Prestaciones por desempleo,4.2,municipio
Arucas,2018,Otras prestaciones,4.2,municipio
Arucas,2017,Otras prestaciones,4.2,municipio
Valsequillo de Gran Canaria,2017,Otras prestaciones,4.2,municipio
Las Palmas de Gran Canaria,2019,Otras prestaciones,4.2,municipio
Agulo,2021,Otras prestaciones,4.2,municipio
Los Silos,2021,Otras prestaciones,4.2,municipio
Los Silos,2023,Otras prestaciones,4.2,municipio
Garafía,2017,Prestaciones por desempleo,4.2,municipio
Garafía,2023,Otras prestaciones,4.2,municipio
Fuencaliente de La Palma,2023,Otras prestaciones,4.2,municipio
Canarias,2020,Otras prestaciones,4.3,isla
Tuineje,2021,Otras prestaciones,4.3,municipio
Tuineje,2020,Otras prestaciones,4.3,municipio
Los Silos,2022,Otras prestaciones,4.3,municipio
Arona,2019,Prestaciones por desempleo,4.3,municipio
Alajeró,2015,Prestaciones por desempleo,4.3,municipio
Garafía,2016,Prestaciones por desempleo,4.3,municipio
San Bartolomé de Tirajana,2023,Otras prestaciones,4.3,municipio
Los Realejos,2017,Prestaciones por desempleo,4.3,municipio
La Orotava,2020,Otras prestaciones,4.3,municipio
Vallehermoso,2021,Otras prestaciones,4.3,municipio
Gran Canaria,2018,Otras prestaciones,4.3,isla
Gran Canaria,2017,Otras prestaciones,4.3,isla
Guía de Isora,2019,Prestaciones por desempleo,4.3,municipio
Güímar,2021,Otras prestaciones,4.3,municipio
El Paso,2021,Otras prestaciones,4.3,municipio
Guía de Isora,2018,Prestaciones por desempleo,4.3,municipio
Puerto de la Cruz,2021,Otras prestaciones,4.3,municipio
Arucas,2019,Otras prestaciones,4.3,municipio
La Victoria de Acentejo,2017,Prestaciones por desempleo,4.3,municipio
Garachico,2016,Prestaciones por desempleo,4.3,municipio
La Palma,2021,Prestaciones por desempleo,4.3,isla
Granadilla de Abona,2018,Prestaciones por desempleo,4.3,municipio
Buenavista del Norte,2018,Prestaciones por desempleo,4.3,municipio
Agulo,2015,Prestaciones por desempleo,4.3,municipio
La Oliva,2019,Prestaciones por desempleo,4.3,municipio
Icod de los Vinos,2019,Otras prestaciones,4.3,municipio
Santa Úrsula,2020,Otras prestaciones,4.3,municipio
Ingenio,2016,Prestaciones por desempleo,4.3,municipio
La Gomera,2020,Otras prestaciones,4.3,isla
Hermigua,2019,Prestaciones por desempleo,4.3,municipio
Garafía,2021,Otras prestaciones,4.3,municipio
Gáldar,2015,Prestaciones por desempleo,4.3,municipio
Frontera,2023,Otras prestaciones,4.3,municipio
Puntagorda,2017,Prestaciones por desempleo,4.3,municipio
La Oliva,2016,Prestaciones por desempleo,4.3,municipio
La Matanza de Acentejo,2022,Otras prestaciones,4.3,municipio
Tuineje,2016,Prestaciones por desempleo,4.3,municipio
Frontera,2022,Otras prestaciones,4.3,municipio
Valverde,2020,Prestaciones por desempleo,4.3,municipio
Los Silos,2016,Prestaciones por desempleo,4.3,municipio
La Matanza de Acentejo,2020,Otras prestaciones,4.3,municipio
La Matanza de Acentejo,2023,Otras prestaciones,4.4,municipio
Mogán,2023,Otras prestaciones,4.4,municipio
Mogán,2020,Otras prestaciones,4.4,municipio
Valsequillo de Gran Canaria,2019,Otras prestaciones,4.4,municipio
Gran Canaria,2019,Otras prestaciones,4.4,isla
Puerto de la Cruz,2020,Otras prestaciones,4.4,municipio
Telde,2015,Otras prestaciones,4.4,municipio
Teror,2020,Otras prestaciones,4.4,municipio
Vallehermoso,2019,Otras prestaciones,4.4,municipio
Agüimes,2016,Prestaciones por desempleo,4.4,municipio
Arico,2016,Prestaciones por desempleo,4.4,municipio
San Bartolomé de Tirajana,2022,Otras prestaciones,4.4,municipio
San Bartolomé de Tirajana,2021,Otras prestaciones,4.4,municipio
La Orotava,2021,Otras prestaciones,4.4,municipio
Vallehermoso,2016,Prestaciones por desempleo,4.4,municipio
Telde,2015,Prestaciones por desempleo,4.4,municipio
Fuencaliente de La Palma,2022,Otras prestaciones,4.4,municipio
El Tanque,2022,Prestaciones por desempleo,4.4,municipio
Los Silos,2020,Otras prestaciones,4.4,municipio
La Orotava,2023,Otras prestaciones,4.4,municipio
La Orotava,2022,Otras prestaciones,4.4,municipio
Buenavista del Norte,2015,Otras prestaciones,4.4,municipio
Arrecife,2021,Otras prestaciones,4.4,municipio
Buenavista del Norte,2016,Otras prestaciones,4.4,municipio
Villa de Mazo,2021,Prestaciones por desempleo,4.4,municipio
Puntagorda,2016,Prestaciones por desempleo,4.4,municipio
Hermigua,2018,Otras prestaciones,4.4,municipio
La Matanza de Acentejo,2021,Otras prestaciones,4.4,municipio
Yaiza,2016,Prestaciones por desempleo,4.4,municipio
Mogán,2021,Otras prestaciones,4.5,municipio
Arrecife,2016,Prestaciones por desempleo,4.5,municipio
Tejeda,2022,Otras prestaciones,4.5,municipio
Tejeda,2021,Otras prestaciones,4.5,municipio
Arona,2017,Prestaciones por desempleo,4.5,municipio
Garachico,2015,Prestaciones por desempleo,4.5,municipio
La Guancha,2016,Prestaciones por desempleo,4.5,municipio
El Tanque,2018,Otras prestaciones,4.5,municipio
Vallehermoso,2018,Prestaciones por desempleo,4.5,municipio
Fasnia,2021,Otras prestaciones,4.5,municipio
Telde,2016,Otras prestaciones,4.5,municipio
Guía de Isora,2017,Prestaciones por desempleo,4.5,municipio
Canarias,2023,Otras prestaciones,4.5,isla
Santa Úrsula,2022,Otras prestaciones,4.5,municipio
Buenavista del Norte,2017,Prestaciones por desempleo,4.5,municipio
Santa Úrsula,2023,Otras prestaciones,4.5,municipio
Hermigua,2020,Otras prestaciones,4.5,municipio
Santa Lucía de Tirajana,2017,Otras prestaciones,4.5,municipio
Santa Lucía de Tirajana,2018,Prestaciones por desempleo,4.5,municipio
Canarias,2022,Otras prestaciones,4.5,isla
Betancuria,2020,Otras prestaciones,4.5,municipio
Agüimes,2018,Otras prestaciones,4.5,municipio
Fasnia,2022,Otras prestaciones,4.5,municipio
Los Silos,2015,Prestaciones por desempleo,4.5,municipio
San Bartolomé de Tirajana,2020,Otras prestaciones,4.5,municipio
La Aldea de San Nicolás,2023,Prestaciones por desempleo,4.5,municipio
Agüimes,2019,Otras prestaciones,4.6,municipio
Santiago del Teide,2015,Prestaciones por desempleo,4.6,municipio
Tejeda,2018,Otras prestaciones,4.6,municipio
Mogán,2015,Prestaciones por desempleo,4.6,municipio
Granadilla de Abona,2017,Prestaciones por desempleo,4.6,municipio
La Orotava,2015,Prestaciones por desempleo,4.6,municipio
Santa Lucía de Tirajana,2017,Prestaciones por desempleo,4.6,municipio
Los Realejos,2021,Otras prestaciones,4.6,municipio
Buenavista del Norte,2019,Otras prestaciones,4.6,municipio
Agulo,2016,Prestaciones por desempleo,4.6,municipio
Santa Lucía de Tirajana,2018,Otras prestaciones,4.6,municipio
Fuerteventura,2015,Prestaciones por desempleo,4.6,isla
La Matanza de Acentejo,2016,Prestaciones por desempleo,4.6,municipio
Yaiza,2015,Prestaciones por desempleo,4.6,municipio
Canarias,2021,Otras prestaciones,4.6,isla
Los Realejos,2022,Otras prestaciones,4.6,municipio
Los Realejos,2023,Otras prestaciones,4.6,municipio
Tuineje,2019,Prestaciones por desempleo,4.6,municipio
Los Realejos,2020,Otras prestaciones,4.6,municipio
Agüimes,2017,Otras prestaciones,4.6,municipio
La Aldea de San Nicolás,2022,Prestaciones por desempleo,4.6,municipio
El Tanque,2019,Otras prestaciones,4.6,municipio
Los Llanos de Aridane,2015,Prestaciones por desempleo,4.6,municipio
La Guancha,2019,Otras prestaciones,4.6,municipio
Vallehermoso,2018,Otras prestaciones,4.6,municipio
La Guancha,2017,Otras prestaciones,4.6,municipio
Garafía,2021,Prestaciones por desempleo,4.6,municipio
Vallehermoso,2015,Otras prestaciones,4.6,municipio
Firgas,2015,Otras prestaciones,4.6,municipio
San Juan de la Rambla,2016,Prestaciones por desempleo,4.6,municipio
Buenavista del Norte,2018,Otras prestaciones,4.6,municipio
Santa Úrsula,2021,Otras prestaciones,4.6,municipio
El Paso,2015,Prestaciones por desempleo,4.6,municipio
Garafía,2022,Otras prestaciones,4.6,municipio
Pájara,2018,Prestaciones por desempleo,4.7,municipio
Icod de los Vinos,2016,Prestaciones por desempleo,4.7,municipio
Güímar,2021,Prestaciones por desempleo,4.7,municipio
Firgas,2016,Otras prestaciones,4.7,municipio
Artenara,2016,Otras prestaciones,4.7,municipio
El Pinar de El Hierro,2016,Prestaciones por desempleo,4.7,municipio
Tuineje,2023,Otras prestaciones,4.7,municipio
Agulo,2020,Otras prestaciones,4.7,municipio
Alajeró,2018,Otras prestaciones,4.7,municipio
Tazacorte,2021,Otras prestaciones,4.7,municipio
San Juan de la Rambla,2023,Otras prestaciones,4.7,municipio
Tejeda,2020,Otras prestaciones,4.7,municipio
Las Palmas,2020,Otras prestaciones,4.7,provincia
Garachico,2022,Otras prestaciones,4.7,municipio
Telde,2018,Otras prestaciones,4.7,municipio
Valsequillo de Gran Canaria,2021,Prestaciones por desempleo,4.7,municipio
Güímar,2015,Prestaciones por desempleo,4.7,municipio
La Guancha,2018,Otras prestaciones,4.7,municipio
El Rosario,2020,Prestaciones por desempleo,4.7,municipio
Alajeró,2021,Otras prestaciones,4.7,municipio
Las Palmas de Gran Canaria,2020,Otras prestaciones,4.7,municipio
Tuineje,2022,Otras prestaciones,4.7,municipio
Santa Lucía de Tirajana,2019,Prestaciones por desempleo,4.7,municipio
Hermigua,2017,Prestaciones por desempleo,4.7,municipio
Antigua,2015,Prestaciones por desempleo,4.8,municipio
Los Llanos de Aridane,2022,Prestaciones por desempleo,4.8,municipio
Los Realejos,2016,Prestaciones por desempleo,4.8,municipio
Teror,2021,Otras prestaciones,4.8,municipio
Arico,2015,Prestaciones por desempleo,4.8,municipio
Tazacorte,2019,Prestaciones por desempleo,4.8,municipio
Agulo,2018,Otras prestaciones,4.8,municipio
Garafía,2015,Prestaciones por desempleo,4.8,municipio
Tazacorte,2017,Prestaciones por desempleo,4.8,municipio
Santa Úrsula,2015,Prestaciones por desempleo,4.8,municipio
Santa Lucía de Tirajana,2019,Otras prestaciones,4.8,municipio
Buenavista del Norte,2017,Otras prestaciones,4.8,municipio
Teror,2023,Otras prestaciones,4.8,municipio
Firgas,2018,Otras prestaciones,4.8,municipio
Fasnia,2021,Prestaciones por desempleo,4.8,municipio
San Miguel de Abona,2015,Prestaciones por desempleo,4.8,municipio
Tazacorte,2018,Prestaciones por desempleo,4.8,municipio
Teror,2022,Otras prestaciones,4.8,municipio
Agüimes,2015,Prestaciones por desempleo,4.8,municipio
Arona,2016,Prestaciones por desempleo,4.8,municipio
Tejeda,2023,Otras prestaciones,4.8,municipio
Tegueste,2020,Prestaciones por desempleo,4.8,municipio
Garachico,2021,Otras prestaciones,4.8,municipio
Arucas,2020,Otras prestaciones,4.9,municipio
La Palma,2022,Otras prestaciones,4.9,isla
Gran Canaria,2021,Prestaciones por desempleo,4.9,isla
La Guancha,2023,Otras prestaciones,4.9,municipio
El Hierro,2020,Prestaciones por desempleo,4.9,isla
Las Palmas de Gran Canaria,2021,Otras prestaciones,4.9,municipio
Vallehermoso,2015,Prestaciones por desempleo,4.9,municipio
Telde,2017,Otras prestaciones,4.9,municipio
La Victoria de Acentejo,2020,Otras prestaciones,4.9,municipio
Vega de San Mateo,2016,Otras prestaciones,4.9,municipio
Telde,2019,Otras prestaciones,4.9,municipio
Artenara,2015,Otras prestaciones,4.9,municipio
Frontera,2016,Prestaciones por desempleo,4.9,municipio
Pájara,2019,Prestaciones por desempleo,4.9,municipio
Valsequillo de Gran Canaria,2022,Otras prestaciones,4.9,municipio
La Oliva,2015,Prestaciones por desempleo,4.9,municipio
Frontera,2015,Prestaciones por desempleo,4.9,municipio
Firgas,2017,Otras prestaciones,4.9,municipio
Las Palmas,2022,Otras prestaciones,4.9,provincia
Gran Canaria,2020,Otras prestaciones,5.0,isla
Valsequillo de Gran Canaria,2020,Otras prestaciones,5.0,municipio
Icod de los Vinos,2023,Otras prestaciones,5.0,municipio
Santa Cruz de La Palma,2020,Prestaciones por desempleo,5.0,municipio
Alajeró,2020,Otras prestaciones,5.0,municipio
Las Palmas de Gran Canaria,2022,Otras prestaciones,5.0,municipio
Los Llanos de Aridane,2023,Otras prestaciones,5.0,municipio
San Juan de la Rambla,2021,Otras prestaciones,5.0,municipio
La Victoria de Acentejo,2023,Otras prestaciones,5.0,municipio
Garachico,2023,Otras prestaciones,5.0,municipio
San Juan de la Rambla,2022,Otras prestaciones,5.0,municipio
Las Palmas,2021,Otras prestaciones,5.0,provincia
Granadilla de Abona,2016,Prestaciones por desempleo,5.0,municipio
Icod de los Vinos,2022,Otras prestaciones,5.0,municipio
San Juan de la Rambla,2020,Otras prestaciones,5.0,municipio
Santa Cruz de Tenerife,2020,Prestaciones por desempleo,5.0,municipio
Pájara,2015,Prestaciones por desempleo,5.0,municipio
Ingenio,2015,Prestaciones por desempleo,5.0,municipio
Tijarafe,2020,Prestaciones por desempleo,5.0,municipio
Las Palmas,2023,Otras prestaciones,5.0,provincia
El Paso,2021,Prestaciones por desempleo,5.0,municipio
Buenavista del Norte,2016,Prestaciones por desempleo,5.0,municipio
Santa Lucía de Tirajana,2016,Prestaciones por desempleo,5.0,municipio
Guía de Isora,2016,Prestaciones por desempleo,5.0,municipio
Firgas,2019,Otras prestaciones,5.0,municipio
Betancuria,2021,Otras prestaciones,5.0,municipio
Artenara,2023,Otras prestaciones,5.1,municipio
Vega de San Mateo,2015,Otras prestaciones,5.1,municipio
Puntallana,2020,Prestaciones por desempleo,5.1,municipio
Buenavista del Norte,2021,Otras prestaciones,5.1,municipio
Valsequillo de Gran Canaria,2021,Otras prestaciones,5.1,municipio
Agulo,2021,Prestaciones por desempleo,5.1,municipio
Hermigua,2015,Prestaciones por desempleo,5.1,municipio
La Victoria de Acentejo,2022,Otras prestaciones,5.1,municipio
Ingenio,2015,Otras prestaciones,5.1,municipio
Buenavista del Norte,2023,Otras prestaciones,5.1,municipio
Buenavista del Norte,2022,Otras prestaciones,5.1,municipio
Agaete,2016,Otras prestaciones,5.1,municipio
Vallehermoso,2020,Otras prestaciones,5.1,municipio
Las Palmas de Gran Canaria,2023,Otras prestaciones,5.1,municipio
Icod de los Vinos,2020,Otras prestaciones,5.1,municipio
Telde,2021,Prestaciones por desempleo,5.1,municipio
Las Palmas de Gran Canaria,2020,Prestaciones por desempleo,5.1,municipio
Los Llanos de Aridane,2021,Prestaciones por desempleo,5.1,municipio
Tuineje,2015,Prestaciones por desempleo,5.1,municipio
Agaete,2018,Otras prestaciones,5.2,municipio
Agaete,2019,Otras prestaciones,5.2,municipio
El Tanque,2023,Otras prestaciones,5.2,municipio
Arrecife,2015,Prestaciones por desempleo,5.2,municipio
Arucas,2021,Otras prestaciones,5.2,municipio
Valleseco,2016,Otras prestaciones,5.2,municipio
Valsequillo de Gran Canaria,2023,Otras prestaciones,5.2,municipio
Valleseco,2019,Otras prestaciones,5.2,municipio
Ingenio,2016,Otras prestaciones,5.2,municipio
Vega de San Mateo,2018,Otras prestaciones,5.2,municipio
Agaete,2015,Otras prestaciones,5.2,municipio
Artenara,2022,Otras prestaciones,5.2,municipio
La Matanza de Acentejo,2015,Prestaciones por desempleo,5.2,municipio
Agüimes,2020,Otras prestaciones,5.3,municipio
Gran Canaria,2021,Otras prestaciones,5.3,isla
Icod de los Vinos,2021,Otras prestaciones,5.3,municipio
Gran Canaria,2022,Otras prestaciones,5.3,isla
Arucas,2022,Otras prestaciones,5.3,municipio
Tejeda,2020,Prestaciones por desempleo,5.3,municipio
La Victoria de Acentejo,2021,Otras prestaciones,5.3,municipio
Artenara,2018,Otras prestaciones,5.3,municipio
Santa María de Guía de Gran Canaria,2020,Prestaciones por desempleo,5.3,municipio
Puntagorda,2015,Prestaciones por desempleo,5.3,municipio
La Gomera,2021,Prestaciones por desempleo,5.3,isla
Valleseco,2018,Otras prestaciones,5.3,municipio
La Guancha,2021,Otras prestaciones,5.3,municipio
Tazacorte,2023,Otras prestaciones,5.3,municipio
La Guancha,2015,Prestaciones por desempleo,5.3,municipio
La Guancha,2022,Otras prestaciones,5.3,municipio
Artenara,2019,Otras prestaciones,5.4,municipio
San Juan de la Rambla,2015,Prestaciones por desempleo,5.4,municipio
Ingenio,2018,Otras prestaciones,5.4,municipio
La Victoria de Acentejo,2016,Prestaciones por desempleo,5.4,municipio
Hermigua,2016,Prestaciones por desempleo,5.4,municipio
Gáldar,2020,Prestaciones por desempleo,5.4,municipio
Garachico,2020,Otras prestaciones,5.4,municipio
El Pinar de El Hierro,2020,Prestaciones por desempleo,5.4,municipio
Agüimes,2022,Otras prestaciones,5.4,municipio
Los Llanos de Aridane,2021,Otras prestaciones,5.4,municipio
El Tanque,2019,Prestaciones por desempleo,5.4,municipio
El Tanque,2022,Otras prestaciones,5.4,municipio
Betancuria,2021,Prestaciones por desempleo,5.4,municipio
Artenara,2020,Prestaciones por desempleo,5.4,municipio
Artenara,2020,Otras prestaciones,5.4,municipio
Vega de San Mateo,2019,Otras prestaciones,5.4,municipio
Icod de los Vinos,2015,Prestaciones por desempleo,5.4,municipio
Arona,2015,Prestaciones por desempleo,5.4,municipio
La Aldea de San Nicolás,2018,Prestaciones por desempleo,5.4,municipio
La Matanza de Acentejo,2021,Prestaciones por desempleo,5.4,municipio
Tazacorte,2023,Prestaciones por desempleo,5.4,municipio
Candelaria,2020,Prestaciones por desempleo,5.5,municipio
Los Realejos,2015,Prestaciones por desempleo,5.5,municipio
Firgas,2020,Otras prestaciones,5.5,municipio
Moya,2016,Otras prestaciones,5.5,municipio
Agüimes,2023,Otras prestaciones,5.5,municipio
Valleseco,2017,Otras prestaciones,5.5,municipio
Artenara,2017,Otras prestaciones,5.5,municipio
Santa María de Guía de Gran Canaria,2016,Otras prestaciones,5.5,municipio
Buenavista del Norte,2020,Otras prestaciones,5.5,municipio
Ingenio,2017,Otras prestaciones,5.5,municipio
Buenavista del Norte,2015,Prestaciones por desempleo,5.5,municipio
Fuencaliente de La Palma,2021,Prestaciones por desempleo,5.5,municipio
Breña Baja,2020,Prestaciones por desempleo,5.5,municipio
Hermigua,2021,Prestaciones por desempleo,5.5,municipio
Valleseco,2020,Prestaciones por desempleo,5.5,municipio
Agaete,2017,Otras prestaciones,5.5,municipio
Telde,2020,Otras prestaciones,5.5,municipio
La Aldea de San Nicolás,2019,Prestaciones por desempleo,5.5,municipio
Gran Canaria,2023,Otras prestaciones,5.5,isla
Vega de San Mateo,2017,Otras prestaciones,5.6,municipio
Firgas,2020,Prestaciones por desempleo,5.6,municipio
Santa María de Guía de Gran Canaria,2018,Otras prestaciones,5.6,municipio
Granadilla de Abona,2015,Prestaciones por desempleo,5.6,municipio
Agüimes,2021,Otras prestaciones,5.6,municipio
Moya,2018,Otras prestaciones,5.6,municipio
Ingenio,2019,Otras prestaciones,5.6,municipio
Santa Úrsula,2021,Prestaciones por desempleo,5.6,municipio
El Tanque,2020,Otras prestaciones,5.6,municipio
El Sauzal,2020,Prestaciones por desempleo,5.6,municipio
Arucas,2020,Prestaciones por desempleo,5.6,municipio
Barlovento,2020,Prestaciones por desempleo,5.7,municipio
Frontera,2020,Prestaciones por desempleo,5.7,municipio
Breña Alta,2020,Prestaciones por desempleo,5.7,municipio
Santa Lucía de Tirajana,2020,Otras prestaciones,5.7,municipio
Guía de Isora,2015,Prestaciones por desempleo,5.7,municipio
Puntagorda,2021,Prestaciones por desempleo,5.7,municipio
Moya,2020,Prestaciones por desempleo,5.7,municipio
Telde,2022,Otras prestaciones,5.7,municipio
Valleseco,2021,Otras prestaciones,5.7,municipio
Arucas,2023,Otras prestaciones,5.7,municipio
Valleseco,2015,Otras prestaciones,5.7,municipio
El Tanque,2017,Prestaciones por desempleo,5.7,municipio
Tazacorte,2016,Prestaciones por desempleo,5.8,municipio
Santa María de Guía de Gran Canaria,2019,Otras prestaciones,5.8,municipio
Haría,2021,Prestaciones por desempleo,5.8,municipio
Telde,2021,Otras prestaciones,5.8,municipio
San Cristóbal de La Laguna,2020,Prestaciones por desempleo,5.8,municipio
La Guancha,2020,Otras prestaciones,5.8,municipio
El Tanque,2018,Prestaciones por desempleo,5.8,municipio
Tacoronte,2020,Prestaciones por desempleo,5.8,municipio
Vallehermoso,2021,Prestaciones por desempleo,5.8,municipio
Tenerife,2021,Prestaciones por desempleo,5.8,isla
Valleseco,2020,Otras prestaciones,5.8,municipio
El Tanque,2021,Otras prestaciones,5.8,municipio
Canarias,2021,Prestaciones por desempleo,5.8,isla
Santa Lucía de Tirajana,2022,Otras prestaciones,5.9,municipio
Tazacorte,2022,Prestaciones por desempleo,5.9,municipio
Teror,2020,Prestaciones por desempleo,5.9,municipio
La Guancha,2021,Prestaciones por desempleo,5.9,municipio
La Palma,2020,Prestaciones por desempleo,5.9,isla
Santa Lucía de Tirajana,2015,Prestaciones por desempleo,5.9,municipio
Santa María de Guía de Gran Canaria,2015,Otras prestaciones,5.9,municipio
Valleseco,2022,Otras prestaciones,5.9,municipio
Moya,2015,Otras prestaciones,5.9,municipio
La Orotava,2021,Prestaciones por desempleo,5.9,municipio
Artenara,2021,Otras prestaciones,5.9,municipio
Vega de San Mateo,2022,Otras prestaciones,5.9,municipio
Vega de San Mateo,2020,Prestaciones por desempleo,5.9,municipio
Firgas,2022,Otras prestaciones,5.9,municipio
Firgas,2021,Otras prestaciones,5.9,municipio
Arafo,2020,Prestaciones por desempleo,6.0,municipio
La Victoria de Acentejo,2021,Prestaciones por desempleo,6.0,municipio
Moya,2017,Otras prestaciones,6.0,municipio
La Victoria de Acentejo,2015,Prestaciones por desempleo,6.0,municipio
Vega de San Mateo,2021,Otras prestaciones,6.0,municipio
Vega de San Mateo,2020,Otras prestaciones,6.0,municipio
Vega de San Mateo,2023,Otras prestaciones,6.0,municipio
Moya,2019,Otras prestaciones,6.0,municipio
Las Palmas,2021,Prestaciones por desempleo,6.0,provincia
Telde,2023,Otras prestaciones,6.0,municipio
La Aldea de San Nicolás,2017,Prestaciones por desempleo,6.0,municipio
El Paso,2022,Otras prestaciones,6.0,municipio
Santa María de Guía de Gran Canaria,2017,Otras prestaciones,6.1,municipio
La Aldea de San Nicolás,2016,Otras prestaciones,6.1,municipio
Agaete,2020,Otras prestaciones,6.1,municipio
Valleseco,2023,Otras prestaciones,6.2,municipio
Puerto de la Cruz,2021,Prestaciones por desempleo,6.2,municipio
San Sebastián de La Gomera,2020,Prestaciones por desempleo,6.2,municipio
Santa Lucía de Tirajana,2023,Otras prestaciones,6.2,municipio
Artenara,2020,Otros ingresos,6.2,municipio
Santa Lucía de Tirajana,2021,Otras prestaciones,6.2,municipio
Los Silos,2021,Prestaciones por desempleo,6.2,municipio
Firgas,2023,Otras prestaciones,6.2,municipio
Tazacorte,2015,Prestaciones por desempleo,6.3,municipio
Gáldar,2015,Otras prestaciones,6.3,municipio
Garachico,2021,Prestaciones por desempleo,6.3,municipio
Agaete,2020,Prestaciones por desempleo,6.3,municipio
Agaete,2022,Otras prestaciones,6.3,municipio
El Tanque,2016,Prestaciones por desempleo,6.3,municipio
Garafía,2020,Prestaciones por desempleo,6.3,municipio
El Paso,2020,Prestaciones por desempleo,6.3,municipio
Gáldar,2018,Otras prestaciones,6.4,municipio
Agaete,2021,Otras prestaciones,6.4,municipio
Ingenio,2020,Otras prestaciones,6.4,municipio
Gáldar,2016,Otras prestaciones,6.4,municipio
Villa de Mazo,2020,Prestaciones por desempleo,6.4,municipio
Gáldar,2019,Otras prestaciones,6.4,municipio
La Aldea de San Nicolás,2017,Otras prestaciones,6.5,municipio
La Aldea de San Nicolás,2016,Prestaciones por desempleo,6.5,municipio
Los Llanos de Aridane,2020,Prestaciones por desempleo,6.5,municipio
Artenara,2016,Otros ingresos,6.5,municipio
Moya,2020,Otras prestaciones,6.6,municipio
La Aldea de San Nicolás,2018,Otras prestaciones,6.6,municipio
La Aldea de San Nicolás,2015,Otras prestaciones,6.6,municipio
Arico,2021,Prestaciones por desempleo,6.6,municipio
Moya,2022,Otras prestaciones,6.7,municipio
Santa María de Guía de Gran Canaria,2020,Otras prestaciones,6.7,municipio
Ingenio,2022,Otras prestaciones,6.7,municipio
Agaete,2023,Otras prestaciones,6.7,municipio
Buenavista del Norte,2021,Prestaciones por desempleo,6.8,municipio
Santa María de Guía de Gran Canaria,2021,Otras prestaciones,6.8,municipio
Ingenio,2021,Otras prestaciones,6.8,municipio
Alajeró,2021,Prestaciones por desempleo,6.8,municipio
Gáldar,2017,Otras prestaciones,6.8,municipio
Tazacorte,2021,Prestaciones por desempleo,6.9,municipio
Moya,2021,Otras prestaciones,6.9,municipio
La Aldea de San Nicolás,2019,Otras prestaciones,6.9,municipio
Puerto del Rosario,2021,Prestaciones por desempleo,6.9,municipio
Ingenio,2023,Otras prestaciones,6.9,municipio
Teguise,2021,Prestaciones por desempleo,6.9,municipio
El Tanque,2015,Prestaciones por desempleo,7.0,municipio
Fasnia,2020,Prestaciones por desempleo,7.0,municipio
Artenara,2015,Otros ingresos,7.0,municipio
Gáldar,2020,Otras prestaciones,7.1,municipio
Santa María de Guía de Gran Canaria,2022,Otras prestaciones,7.1,municipio
Agaete,2020,Otros ingresos,7.1,municipio
La Aldea de San Nicolás,2015,Prestaciones por desempleo,7.1,municipio
La Guancha,2016,Otros ingresos,7.2,municipio
La Aldea de San Nicolás,2021,Prestaciones por desempleo,7.2,municipio
La Guancha,2020,Otros ingresos,7.2,municipio
San Juan de la Rambla,2021,Prestaciones por desempleo,7.2,municipio
Artenara,2017,Otros ingresos,7.2,municipio
Ingenio,2020,Otros ingresos,7.2,municipio
Valsequillo de Gran Canaria,2020,Prestaciones por desempleo,7.2,municipio
Güímar,2020,Prestaciones por desempleo,7.3,municipio
Santa María de Guía de Gran Canaria,2023,Otras prestaciones,7.3,municipio
Ingenio,2021,Prestaciones por desempleo,7.3,municipio
Firgas,2020,Otros ingresos,7.3,municipio
Agüimes,2021,Prestaciones por desempleo,7.3,municipio
Moya,2023,Otras prestaciones,7.3,municipio
Tazacorte,2022,Otras prestaciones,7.3,municipio
Icod de los Vinos,2021,Prestaciones por desempleo,7.3,municipio
Pájara,2018,Pensiones,7.4,municipio
Pájara,2017,Pensiones,7.4,municipio
La Aldea de San Nicolás,2022,Otras prestaciones,7.4,municipio
Los Llanos de Aridane,2022,Otras prestaciones,7.4,municipio
Agulo,2020,Prestaciones por desempleo,7.4,municipio
Gran Canaria,2020,Prestaciones por desempleo,7.4,isla
Artenara,2019,Otros ingresos,7.5,municipio
Ingenio,2016,Otros ingresos,7.5,municipio
Güímar,2020,Otros ingresos,7.5,municipio
Pájara,2016,Pensiones,7.5,municipio
Los Realejos,2021,Prestaciones por desempleo,7.5,municipio
Gáldar,2022,Otras prestaciones,7.6,municipio
Hermigua,2020,Prestaciones por desempleo,7.6,municipio
La Guancha,2015,Otros ingresos,7.6,municipio
Gáldar,2021,Otras prestaciones,7.6,municipio
La Aldea de San Nicolás,2020,Otras prestaciones,7.7,municipio
Telde,2020,Prestaciones por desempleo,7.7,municipio
Vilaflor de Chasna,2021,Prestaciones por desempleo,7.7,municipio
Puntagorda,2020,Prestaciones por desempleo,7.7,municipio
Pájara,2015,Pensiones,7.7,municipio
Arico,2015,Otros ingresos,7.7,municipio
Güímar,2015,Otros ingresos,7.8,municipio
La Aldea de San Nicolás,2023,Otras prestaciones,7.8,municipio
Pájara,2019,Pensiones,7.8,municipio
Haría,2020,Prestaciones por desempleo,7.8,municipio
La Guancha,2017,Otros ingresos,7.8,municipio
Arico,2016,Otros ingresos,7.9,municipio
La Aldea de San Nicolás,2021,Otras prestaciones,7.9,municipio
Gáldar,2023,Otras prestaciones,7.9,municipio
Ingenio,2015,Otros ingresos,7.9,municipio
Ingenio,2018,Otros ingresos,7.9,municipio
Ingenio,2017,Otros ingresos,8.0,municipio
Agaete,2021,Otros ingresos,8.0,municipio
Arico,2020,Otros ingresos,8.0,municipio
Tazacorte,2020,Prestaciones por desempleo,8.0,municipio
La Matanza de Acentejo,2020,Prestaciones por desempleo,8.0,municipio
Arucas,2020,Otros ingresos,8.1,municipio
Ingenio,2019,Otros ingresos,8.1,municipio
Fuencaliente de La Palma,2020,Prestaciones por desempleo,8.1,municipio
Güímar,2017,Otros ingresos,8.1,municipio
La Guancha,2019,Otros ingresos,8.1,municipio
La Aldea de San Nicolás,2020,Otros ingresos,8.1,municipio
San Bartolomé,2021,Prestaciones por desempleo,8.1,municipio
Vallehermoso,2020,Prestaciones por desempleo,8.1,municipio
La Gomera,2020,Prestaciones por desempleo,8.1,isla
Artenara,2018,Otros ingresos,8.1,municipio
Yaiza,2018,Pensiones,8.2,municipio
Los Silos,2020,Prestaciones por desempleo,8.2,municipio
Arucas,2016,Otros ingresos,8.2,municipio
Ingenio,2021,Otros ingresos,8.2,municipio
Alajeró,2015,Otros ingresos,8.2,municipio
Telde,2020,Otros ingresos,8.3,municipio
Agüimes,2020,Otros ingresos,8.3,municipio
Fasnia,2015,Otros ingresos,8.3,municipio
Yaiza,2017,Pensiones,8.3,municipio
Güímar,2016,Otros ingresos,8.3,municipio
Valle Gran Rey,2021,Prestaciones por desempleo,8.3,municipio
Ingenio,2022,Otros ingresos,8.3,municipio
Tinajo,2021,Prestaciones por desempleo,8.4,municipio
Agaete,2015,Otros ingresos,8.4,municipio
El Tanque,2016,Otros ingresos,8.4,municipio
Artenara,2022,Otros ingresos,8.4,municipio
Güímar,2019,Otros ingresos,8.5,municipio
Alajeró,2020,Otros ingresos,8.5,municipio
Firgas,2019,Otros ingresos,8.5,municipio
Agaete,2016,Otros ingresos,8.5,municipio
Santa María de Guía de Gran Canaria,2020,Otros ingresos,8.5,municipio
Ingenio,2023,Otros ingresos,8.5,municipio
El Tanque,2015,Otros ingresos,8.6,municipio
Santa Lucía de Tirajana,2020,Otros ingresos,8.6,municipio
La Guancha,2020,Prestaciones por desempleo,8.6,municipio
Yaiza,2016,Pensiones,8.6,municipio
Güímar,2021,Otros ingresos,8.6,municipio
Santa Úrsula,2020,Prestaciones por desempleo,8.6,municipio
Yaiza,2019,Pensiones,8.6,municipio
Arucas,2015,Otros ingresos,8.6,municipio
Canarias,2020,Prestaciones por desempleo,8.7,isla
Firgas,2021,Otros ingresos,8.7,municipio
Firgas,2015,Otros ingresos,8.7,municipio
Tenerife,2020,Prestaciones por desempleo,8.7,isla
Los Realejos,2020,Otros ingresos,8.7,municipio
La Guancha,2021,Otros ingresos,8.7,municipio
Güímar,2018,Otros ingresos,8.7,municipio
Agüimes,2015,Otros ingresos,8.7,municipio
El Tanque,2020,Otros ingresos,8.8,municipio
La Guancha,2018,Otros ingresos,8.8,municipio
Garachico,2020,Prestaciones por desempleo,8.8,municipio
Los Silos,2018,Otros ingresos,8.8,municipio
La Victoria de Acentejo,2020,Otros ingresos,8.8,municipio
Agüimes,2016,Otros ingresos,8.8,municipio
Agüimes,2017,Otros ingresos,8.8,municipio
Puerto de la Cruz,2020,Prestaciones por desempleo,8.8,municipio
La Aldea de San Nicolás,2016,Otros ingresos,8.9,municipio
Santa María de Guía de Gran Canaria,2016,Otros ingresos,8.9,municipio
El Tanque,2018,Otros ingresos,8.9,municipio
Pájara,2020,Otros ingresos,8.9,municipio
La Orotava,2020,Prestaciones por desempleo,8.9,municipio
Artenara,2021,Otros ingresos,8.9,municipio
Betancuria,2020,Prestaciones por desempleo,8.9,municipio
Firgas,2016,Otros ingresos,8.9,municipio
Firgas,2017,Otros ingresos,8.9,municipio
Las Palmas,2020,Prestaciones por desempleo,8.9,provincia
San Juan de la Rambla,2023,Otros ingresos,9.0,municipio
Güímar,2022,Otros ingresos,9.0,municipio
Firgas,2018,Otros ingresos,9.0,municipio
Telde,2015,Otros ingresos,9.0,municipio
Telde,2016,Otros ingresos,9.0,municipio
El Tanque,2017,Otros ingresos,9.0,municipio
Arucas,2017,Otros ingresos,9.0,municipio
Los Realejos,2015,Otros ingresos,9.0,municipio
Alajeró,2017,Otros ingresos,9.0,municipio
Firgas,2022,Otros ingresos,9.1,municipio
Arafo,2016,Otros ingresos,9.1,municipio
La Aldea de San Nicolás,2015,Otros ingresos,9.1,municipio
Los Realejos,2016,Otros ingresos,9.1,municipio
Agüimes,2019,Otros ingresos,9.1,municipio
La Matanza de Acentejo,2020,Otros ingresos,9.1,municipio
San Sebastián de La Gomera,2020,Otros ingresos,9.1,municipio
Agüimes,2018,Otros ingresos,9.1,municipio
San Juan de la Rambla,2015,Otros ingresos,9.1,municipio
La Aldea de San Nicolás,2021,Otros ingresos,9.1,municipio
Gáldar,2021,Otros ingresos,9.2,municipio
Arico,2017,Otros ingresos,9.2,municipio
Los Silos,2015,Otros ingresos,9.2,municipio
La Matanza de Acentejo,2015,Otros ingresos,9.2,municipio
La Matanza de Acentejo,2016,Otros ingresos,9.2,municipio
Gáldar,2020,Otros ingresos,9.2,municipio
Yaiza,2015,Pensiones,9.2,municipio
La Aldea de San Nicolás,2020,Prestaciones por desempleo,9.2,municipio
La Victoria de Acentejo,2020,Prestaciones por desempleo,9.2,municipio
Arucas,2019,Otros ingresos,9.2,municipio
Alajeró,2016,Otros ingresos,9.2,municipio
Güímar,2023,Otros ingresos,9.3,municipio
Santa María de Guía de Gran Canaria,2015,Otros ingresos,9.3,municipio
Agaete,2017,Otros ingresos,9.3,municipio
Telde,2017,Otros ingresos,9.3,municipio
Telde,2021,Otros ingresos,9.3,municipio
Arucas,2018,Otros ingresos,9.3,municipio
San Juan de la Rambla,2016,Otros ingresos,9.3,municipio
San Juan de la Rambla,2020,Otros ingresos,9.3,municipio
Pájara,2023,Pensiones,9.3,municipio
Arucas,2021,Otros ingresos,9.3,municipio
Pájara,2022,Pensiones,9.4,municipio
Agüimes,2021,Otros ingresos,9.4,municipio
Firgas,2023,Otros ingresos,9.4,municipio
Santa María de Guía de Gran Canaria,2017,Otros ingresos,9.4,municipio
Arafo,2015,Otros ingresos,9.5,municipio
San Juan de la Rambla,2019,Otros ingresos,9.5,municipio
Arico,2020,Prestaciones por desempleo,9.5,municipio
Arico,2018,Otros ingresos,9.5,municipio
Arico,2019,Otros ingresos,9.5,municipio
Fasnia,2017,Otros ingresos,9.5,municipio
Fasnia,2016,Otros ingresos,9.5,municipio
Agaete,2018,Otros ingresos,9.5,municipio
Teguise,2020,Prestaciones por desempleo,9.5,municipio
Santa Lucía de Tirajana,2015,Otros ingresos,9.5,municipio
Arucas,2023,Otros ingresos,9.5,municipio
San Juan de la Rambla,2020,Prestaciones por desempleo,9.5,municipio
San Juan de la Rambla,2017,Otros ingresos,9.5,municipio
La Aldea de San Nicolás,2017,Otros ingresos,9.5,municipio
Los Silos,2020,Otros ingresos,9.5,municipio
Los Silos,2016,Otros ingresos,9.5,municipio
Santa María de Guía de Gran Canaria,2019,Otros ingresos,9.6,municipio
San Juan de la Rambla,2021,Otros ingresos,9.6,municipio
Gáldar,2017,Otros ingresos,9.6,municipio
Valleseco,2020,Otros ingresos,9.6,municipio
Gáldar,2023,Otros ingresos,9.6,municipio
Valverde,2015,Otros ingresos,9.6,municipio
Arrecife,2020,Otros ingresos,9.6,municipio
Candelaria,2015,Otros ingresos,9.6,municipio
Telde,2019,Otros ingresos,9.6,municipio
Gáldar,2022,Otros ingresos,9.6,municipio
San Cristóbal de La Laguna,2020,Otros ingresos,9.7,municipio
San Cristóbal de La Laguna,2015,Otros ingresos,9.7,municipio
Tuineje,2020,Otros ingresos,9.7,municipio
Santa Lucía de Tirajana,2016,Otros ingresos,9.7,municipio
Lanzarote,2021,Prestaciones por desempleo,9.7,isla
Los Realejos,2017,Otros ingresos,9.7,municipio
Fasnia,2021,Otros ingresos,9.7,municipio
Arafo,2020,Otros ingresos,9.7,municipio
Arucas,2022,Otros ingresos,9.7,municipio
Fasnia,2020,Otros ingresos,9.7,municipio
La Oliva,2018,Pensiones,9.8,municipio
Yaiza,2023,Pensiones,9.8,municipio
Gáldar,2015,Otros ingresos,9.8,municipio
Santa Lucía de Tirajana,2017,Otros ingresos,9.8,municipio
San Juan de la Rambla,2018,Otros ingresos,9.8,municipio
Fasnia,2018,Otros ingresos,9.8,municipio
Telde,2018,Otros ingresos,9.8,municipio
Icod de los Vinos,2020,Otros ingresos,9.8,municipio
Puerto del Rosario,2020,Otros ingresos,9.8,municipio
Arico,2021,Otros ingresos,9.8,municipio
Santa María de Guía de Gran Canaria,2021,Otros ingresos,9.8,municipio
Telde,2022,Otros ingresos,9.9,municipio
Santa Lucía de Tirajana,2018,Otros ingresos,9.9,municipio
La Victoria de Acentejo,2017,Otros ingresos,9.9,municipio
Antigua,2021,Prestaciones por desempleo,9.9,municipio
Adeje,2018,Pensiones,9.9,municipio
La Aldea de San Nicolás,2018,Otros ingresos,9.9,municipio
La Victoria de Acentejo,2016,Otros ingresos,9.9,municipio
La Guancha,2022,Otros ingresos,9.9,municipio
El Tanque,2019,Otros ingresos,9.9,municipio
Arico,2022,Otros ingresos,9.9,municipio
La Guancha,2023,Otros ingresos,9.9,municipio
Candelaria,2016,Otros ingresos,9.9,municipio
Alajeró,2021,Otros ingresos,9.9,municipio
Agüimes,2022,Otros ingresos,9.9,municipio
Santa Lucía de Tirajana,2023,Otros ingresos,9.9,municipio
Arafo,2018,Otros ingresos,10.0,municipio
Santa María de Guía de Gran Canaria,2018,Otros ingresos,10.0,municipio
Gáldar,2016,Otros ingresos,10.0,municipio
San Cristóbal de La Laguna,2016,Otros ingresos,10.0,municipio
Arrecife,2016,Otros ingresos,10.0,municipio
Garachico,2020,Otros ingresos,10.0,municipio
Yaiza,2022,Pensiones,10.0,municipio
Santa María de Guía de Gran Canaria,2023,Otros ingresos,10.0,municipio
Santa Lucía de Tirajana,2019,Otros ingresos,10.0,municipio
Breña Baja,2020,Otros ingresos,10.0,municipio
Buenavista del Norte,2020,Prestaciones por desempleo,10.0,municipio
Granadilla de Abona,2020,Otros ingresos,10.0,municipio
Fuerteventura,2021,Prestaciones por desempleo,10.0,isla
Los Realejos,2019,Otros ingresos,10.0,municipio
Santa Lucía de Tirajana,2021,Otros ingresos,10.0,municipio
Arafo,2017,Otros ingresos,10.0,municipio
La Oliva,2017,Pensiones,10.0,municipio
Pájara,2021,Pensiones,10.1,municipio
La Oliva,2019,Pensiones,10.1,municipio
La Matanza de Acentejo,2021,Otros ingresos,10.1,municipio
Adeje,2017,Pensiones,10.1,municipio
Telde,2023,Otros ingresos,10.1,municipio
Adeje,2019,Pensiones,10.1,municipio
Santa María de Guía de Gran Canaria,2022,Otros ingresos,10.1,municipio
Adeje,2016,Pensiones,10.1,municipio
Valsequillo de Gran Canaria,2020,Otros ingresos,10.2,municipio
San Bartolomé de Tirajana,2021,Prestaciones por desempleo,10.2,municipio
El Tanque,2021,Prestaciones por desempleo,10.2,municipio
San Juan de la Rambla,2022,Otros ingresos,10.2,municipio
La Victoria de Acentejo,2019,Otros ingresos,10.2,municipio
La Aldea de San Nicolás,2019,Otros ingresos,10.2,municipio
Valverde,2016,Otros ingresos,10.2,municipio
Gáldar,2018,Otros ingresos,10.2,municipio
Pájara,2020,Pensiones,10.2,municipio
San Cristóbal de La Laguna,2017,Otros ingresos,10.2,municipio
Fasnia,2019,Otros ingresos,10.2,municipio
Adeje,2015,Pensiones,10.3,municipio
Breña Baja,2015,Otros ingresos,10.3,municipio
Santa Lucía de Tirajana,2022,Otros ingresos,10.3,municipio
Icod de los Vinos,2020,Prestaciones por desempleo,10.3,municipio
El Tanque,2021,Otros ingresos,10.3,municipio
Arafo,2021,Otros ingresos,10.3,municipio
La Victoria de Acentejo,2018,Otros ingresos,10.3,municipio
Buenavista del Norte,2020,Otros ingresos,10.3,municipio
Fuerteventura,2018,Pensiones,10.3,isla
Vilaflor de Chasna,2020,Prestaciones por desempleo,10.3,municipio
Candelaria,2020,Otros ingresos,10.3,municipio
Puerto del Rosario,2015,Otros ingresos,10.3,municipio
Fasnia,2022,Otros ingresos,10.3,municipio
Arrecife,2021,Prestaciones por desempleo,10.4,municipio
Los Realejos,2021,Otros ingresos,10.4,municipio
Vega de San Mateo,2020,Otros ingresos,10.4,municipio
La Matanza de Acentejo,2017,Otros ingresos,10.4,municipio
Agüimes,2023,Otros ingresos,10.4,municipio
Arrecife,2015,Otros ingresos,10.4,municipio
Santa Lucía de Tirajana,2021,Prestaciones por desempleo,10.4,municipio
Candelaria,2017,Otros ingresos,10.5,municipio
San Sebastián de La Gomera,2019,Otros ingresos,10.5,municipio
Fuerteventura,2017,Pensiones,10.5,isla
Teror,2020,Otros ingresos,10.5,municipio
Agaete,2019,Otros ingresos,10.5,municipio
Agaete,2022,Otros ingresos,10.5,municipio
Tacoronte,2020,Otros ingresos,10.5,municipio
Villa de Mazo,2020,Otros ingresos,10.5,municipio
Gáldar,2019,Otros ingresos,10.5,municipio
El Sauzal,2020,Otros ingresos,10.5,municipio
Los Realejos,2022,Otros ingresos,10.5,municipio
Santa Cruz de La Palma,2015,Otros ingresos,10.5,municipio
Tegueste,2020,Otros ingresos,10.6,municipio
La Victoria de Acentejo,2015,Otros ingresos,10.6,municipio
La Victoria de Acentejo,2023,Otros ingresos,10.6,municipio
Tuineje,2015,Otros ingresos,10.6,municipio
Santa Cruz de La Palma,2016,Otros ingresos,10.6,municipio
Tuineje,2019,Otros ingresos,10.6,municipio
Santa Cruz de La Palma,2020,Otros ingresos,10.6,municipio
Arafo,2022,Otros ingresos,10.6,municipio
La Oliva,2015,Pensiones,10.6,municipio
San Sebastián de La Gomera,2018,Otros ingresos,10.6,municipio
Arrecife,2022,Otros ingresos,10.6,municipio
Fasnia,2023,Otros ingresos,10.6,municipio
Granadilla de Abona,2021,Prestaciones por desempleo,10.6,municipio
La Oliva,2016,Pensiones,10.6,municipio
San Sebastián de La Gomera,2022,Otros ingresos,10.6,municipio
San Sebastián de La Gomera,2017,Otros ingresos,10.6,municipio
Tuineje,2021,Prestaciones por desempleo,10.6,municipio
Puerto del Rosario,2016,Otros ingresos,10.6,municipio
San Cristóbal de La Laguna,2021,Otros ingresos,10.6,municipio
Fuerteventura,2019,Pensiones,10.7,isla
Puerto del Rosario,2020,Prestaciones por desempleo,10.7,municipio
Pájara,2016,Otros ingresos,10.7,municipio
La Victoria de Acentejo,2021,Otros ingresos,10.7,municipio
San Sebastián de La Gomera,2016,Otros ingresos,10.7,municipio
San Cristóbal de La Laguna,2018,Otros ingresos,10.7,municipio
Granadilla de Abona,2015,Otros ingresos,10.7,municipio
Arafo,2019,Otros ingresos,10.7,municipio
Arrecife,2017,Otros ingresos,10.7,municipio
Tuineje,2017,Otros ingresos,10.7,municipio
Valverde,2021,Otros ingresos,10.7,municipio
Teguise,2018,Pensiones,10.7,municipio
Valverde,2020,Otros ingresos,10.7,municipio
Arico,2023,Otros ingresos,10.7,municipio
Puerto del Rosario,2017,Otros ingresos,10.7,municipio
Agüimes,2020,Prestaciones por desempleo,10.7,municipio
San Cristóbal de La Laguna,2019,Otros ingresos,10.8,municipio
Alajeró,2022,Otros ingresos,10.8,municipio
Alajeró,2023,Otros ingresos,10.8,municipio
Breña Baja,2016,Otros ingresos,10.8,municipio
Fuerteventura,2016,Pensiones,10.8,isla
La Victoria de Acentejo,2022,Otros ingresos,10.8,municipio
La Aldea de San Nicolás,2022,Otros ingresos,10.8,municipio
San Bartolomé,2018,Pensiones,10.8,municipio
Granadilla de Abona,2016,Otros ingresos,10.8,municipio
San Sebastián de La Gomera,2015,Otros ingresos,10.8,municipio
Pájara,2019,Otros ingresos,10.8,municipio
Puerto del Rosario,2018,Pensiones,10.8,municipio
San Miguel de Abona,2018,Pensiones,10.8,municipio
El Hierro,2015,Otros ingresos,10.8,isla
Valleseco,2021,Otros ingresos,10.8,municipio
Alajeró,2018,Otros ingresos,10.8,municipio
Teguise,2017,Pensiones,10.8,municipio
Los Realejos,2020,Prestaciones por desempleo,10.8,municipio
Garachico,2023,Otros ingresos,10.9,municipio
Arrecife,2018,Otros ingresos,10.9,municipio
Arafo,2023,Otros ingresos,10.9,municipio
Pájara,2015,Otros ingresos,10.9,municipio
Pájara,2018,Otros ingresos,10.9,municipio
San Sebastián de La Gomera,2021,Otros ingresos,10.9,municipio
Valverde,2017,Otros ingresos,10.9,municipio
Los Silos,2023,Otros ingresos,10.9,municipio
Hermigua,2015,Otros ingresos,10.9,municipio
Villa de Mazo,2019,Otros ingresos,10.9,municipio
Yaiza,2020,Pensiones,10.9,municipio
Teguise,2019,Pensiones,10.9,municipio
Artenara,2023,Otros ingresos,11.0,municipio
Tacoronte,2015,Otros ingresos,11.0,municipio
Puerto del Rosario,2021,Otros ingresos,11.0,municipio
El Tanque,2022,Otros ingresos,11.0,municipio
Pájara,2017,Otros ingresos,11.0,municipio
Arrecife,2019,Otros ingresos,11.0,municipio
Granadilla de Abona,2017,Otros ingresos,11.0,municipio
La Oliva,2021,Prestaciones por desempleo,11.0,municipio
Arrecife,2021,Otros ingresos,11.0,municipio
Garachico,2016,Otros ingresos,11.0,municipio
Teguise,2015,Pensiones,11.0,municipio
San Bartolomé,2020,Otros ingresos,11.0,municipio
Teguise,2022,Pensiones,11.0,municipio
Teguise,2016,Pensiones,11.0,municipio
La Gomera,2020,Otros ingresos,11.0,isla
La Orotava,2020,Otros ingresos,11.0,municipio
Agulo,2015,Otros ingresos,11.0,municipio
Valleseco,2022,Otros ingresos,11.0,municipio
Valverde,2022,Otros ingresos,11.0,municipio
Agulo,2020,Otros ingresos,11.0,municipio
Agaete,2023,Otros ingresos,11.1,municipio
Santa Cruz de La Palma,2021,Otros ingresos,11.1,municipio
Ingenio,2020,Prestaciones por desempleo,11.1,municipio
Arrecife,2023,Otros ingresos,11.1,municipio
Fuerteventura,2015,Pensiones,11.1,isla
San Miguel de Abona,2017,Pensiones,11.1,municipio
San Sebastián de La Gomera,2023,Otros ingresos,11.1,municipio
Guía de Isora,2020,Otros ingresos,11.1,municipio
Breña Alta,2015,Otros ingresos,11.1,municipio
El Tanque,2023,Otros ingresos,11.1,municipio
El Hierro,2016,Otros ingresos,11.1,isla
Los Silos,2017,Otros ingresos,11.1,municipio
Valsequillo de Gran Canaria,2016,Otros ingresos,11.1,municipio
Valleseco,2019,Otros ingresos,11.1,municipio
Santa Cruz de La Palma,2017,Otros ingresos,11.1,municipio
Yaiza,2021,Pensiones,11.1,municipio
Icod de los Vinos,2021,Otros ingresos,11.1,municipio
La Matanza de Acentejo,2018,Otros ingresos,11.1,municipio
San Cristóbal de La Laguna,2022,Otros ingresos,11.1,municipio
La Oliva,2022,Pensiones,11.2,municipio
Tuineje,2018,Otros ingresos,11.2,municipio
Villa de Mazo,2016,Otros ingresos,11.2,municipio
Vilaflor de Chasna,2020,Otros ingresos,11.2,municipio
Tenerife,2020,Otros ingresos,11.2,isla
Valleseco,2017,Otros ingresos,11.2,municipio
La Matanza de Acentejo,2022,Otros ingresos,11.2,municipio
Breña Baja,2021,Otros ingresos,11.2,municipio
Granadilla de Abona,2018,Otros ingresos,11.2,municipio
San Bartolomé,2017,Pensiones,11.2,municipio
San Bartolomé,2016,Pensiones,11.2,municipio
Antigua,2017,Pensiones,11.2,municipio
Garafía,2020,Otros ingresos,11.2,municipio
San Bartolomé,2019,Pensiones,11.2,municipio
Alajeró,2019,Otros ingresos,11.2,municipio
Fuerteventura,2020,Otros ingresos,11.2,isla
Los Realejos,2018,Otros ingresos,11.2,municipio
Los Silos,2019,Otros ingresos,11.2,municipio
Moya,2020,Otros ingresos,11.2,municipio
Puerto del Rosario,2019,Pensiones,11.2,municipio
San Miguel de Abona,2021,Prestaciones por desempleo,11.3,municipio
San Miguel de Abona,2019,Pensiones,11.3,municipio
Valverde,2018,Otros ingresos,11.3,municipio
Tías,2018,Pensiones,11.3,municipio
Gran Canaria,2020,Otros ingresos,11.3,isla
La Matanza de Acentejo,2023,Otros ingresos,11.3,municipio
Teguise,2023,Pensiones,11.3,municipio
Villa de Mazo,2015,Otros ingresos,11.3,municipio
Tuineje,2016,Otros ingresos,11.3,municipio
Villa de Mazo,2017,Otros ingresos,11.3,municipio
Antigua,2020,Otros ingresos,11.3,municipio
San Cristóbal de La Laguna,2023,Otros ingresos,11.3,municipio
Tías,2021,Prestaciones por desempleo,11.3,municipio
Valsequillo de Gran Canaria,2017,Otros ingresos,11.4,municipio
Icod de los Vinos,2015,Otros ingresos,11.4,municipio
Granadilla de Abona,2019,Otros ingresos,11.4,municipio
Pájara,2023,Otros ingresos,11.4,municipio
La Oliva,2023,Pensiones,11.4,municipio
Candelaria,2021,Otros ingresos,11.4,municipio
Canarias,2020,Otros ingresos,11.4,isla
Valverde,2019,Otros ingresos,11.4,municipio
Candelaria,2019,Otros ingresos,11.4,municipio
Tacoronte,2016,Otros ingresos,11.4,municipio
Las Palmas,2020,Otros ingresos,11.4,provincia
San Bartolomé,2016,Otros ingresos,11.4,municipio
Teguise,2021,Pensiones,11.4,municipio
Adeje,2023,Pensiones,11.4,municipio
San Bartolomé,2015,Otros ingresos,11.4,municipio
Antigua,2018,Pensiones,11.4,municipio
Puerto del Rosario,2022,Otros ingresos,11.4,municipio
Puerto del Rosario,2019,Otros ingresos,11.4,municipio
Santa Cruz de Tenerife,2020,Otros ingresos,11.4,municipio
Garachico,2021,Otros ingresos,11.5,municipio
Puerto del Rosario,2017,Pensiones,11.5,municipio
El Sauzal,2016,Otros ingresos,11.5,municipio
La Aldea de San Nicolás,2023,Otros ingresos,11.5,municipio
Pájara,2021,Otros ingresos,11.5,municipio
Los Realejos,2023,Otros ingresos,11.5,municipio
Antigua,2016,Pensiones,11.5,municipio
Santa Cruz de La Palma,2019,Otros ingresos,11.5,municipio
San Bartolomé,2015,Pensiones,11.5,municipio
Garachico,2017,Otros ingresos,11.5,municipio
Hermigua,2016,Otros ingresos,11.5,municipio
Hermigua,2017,Otros ingresos,11.5,municipio
Valleseco,2018,Otros ingresos,11.5,municipio
Valleseco,2023,Otros ingresos,11.5,municipio
San Bartolomé,2020,Prestaciones por desempleo,11.5,municipio
Alajeró,2020,Prestaciones por desempleo,11.5,municipio
Breña Alta,2016,Otros ingresos,11.6,municipio
Garachico,2015,Otros ingresos,11.6,municipio
Puerto del Rosario,2018,Otros ingresos,11.6,municipio
El Sauzal,2021,Otros ingresos,11.6,municipio
El Hierro,2020,Otros ingresos,11.6,isla
Guía de Isora,2021,Prestaciones por desempleo,11.6,municipio
Valleseco,2016,Otros ingresos,11.6,municipio
Tegueste,2021,Otros ingresos,11.6,municipio
Candelaria,2018,Otros ingresos,11.6,municipio
Puerto del Rosario,2023,Otros ingresos,11.7,municipio
Adeje,2022,Pensiones,11.7,municipio
Tinajo,2018,Pensiones,11.7,municipio
Arona,2020,Otros ingresos,11.7,municipio
Valsequillo de Gran Canaria,2019,Otros ingresos,11.7,municipio
Puerto del Rosario,2016,Pensiones,11.7,municipio
Puerto del Rosario,2015,Pensiones,11.7,municipio
Agulo,2017,Otros ingresos,11.7,municipio
Icod de los Vinos,2017,Otros ingresos,11.7,municipio
Icod de los Vinos,2016,Otros ingresos,11.7,municipio
Candelaria,2022,Otros ingresos,11.7,municipio
Tías,2019,Pensiones,11.7,municipio
Villa de Mazo,2018,Otros ingresos,11.8,municipio
Agulo,2016,Otros ingresos,11.8,municipio
Vallehermoso,2020,Otros ingresos,11.8,municipio
Valsequillo de Gran Canaria,2018,Otros ingresos,11.8,municipio
Valsequillo de Gran Canaria,2021,Otros ingresos,11.8,municipio
El Sauzal,2017,Otros ingresos,11.8,municipio
San Miguel de Abona,2016,Pensiones,11.8,municipio
El Sauzal,2015,Otros ingresos,11.8,municipio
Moya,2016,Otros ingresos,11.8,municipio
Valsequillo de Gran Canaria,2015,Otros ingresos,11.8,municipio
Tuineje,2017,Pensiones,11.8,municipio
Vega de San Mateo,2021,Otros ingresos,11.8,municipio
Guía de Isora,2019,Otros ingresos,11.8,municipio
El Sauzal,2018,Otros ingresos,11.9,municipio
Tacoronte,2017,Otros ingresos,11.9,municipio
Tinajo,2020,Prestaciones por desempleo,11.9,municipio
Santa Cruz de La Palma,2018,Otros ingresos,11.9,municipio
Frontera,2016,Otros ingresos,11.9,municipio
Fuerteventura,2022,Pensiones,11.9,isla
Breña Baja,2019,Otros ingresos,11.9,municipio
Fuerteventura,2015,Otros ingresos,11.9,isla
Hermigua,2020,Otros ingresos,11.9,municipio
Tías,2017,Pensiones,11.9,municipio
Fuerteventura,2023,Pensiones,11.9,isla
La Matanza de Acentejo,2019,Otros ingresos,11.9,municipio
Lanzarote,2018,Pensiones,11.9,isla
Icod de los Vinos,2019,Otros ingresos,11.9,municipio
Granadilla de Abona,2019,Pensiones,11.9,municipio
Pájara,2022,Otros ingresos,11.9,municipio
Los Silos,2021,Otros ingresos,11.9,municipio
Garachico,2019,Otros ingresos,11.9,municipio
Santa Cruz de La Palma,2023,Otros ingresos,11.9,municipio
Tinajo,2019,Pensiones,11.9,municipio
Breña Alta,2018,Otros ingresos,11.9,municipio
La Oliva,2021,Pensiones,11.9,municipio
Tuineje,2018,Pensiones,11.9,municipio
Puerto del Rosario,2023,Pensiones,12.0,municipio
Puerto del Rosario,2022,Pensiones,12.0,municipio
Tegueste,2016,Otros ingresos,12.0,municipio
Valsequillo de Gran Canaria,2023,Otros ingresos,12.0,municipio
Valsequillo de Gran Canaria,2022,Otros ingresos,12.0,municipio
Teror,2021,Otros ingresos,12.0,municipio
San Miguel de Abona,2015,Pensiones,12.0,municipio
La Gomera,2015,Otros ingresos,12.0,isla
Tuineje,2022,Otros ingresos,12.0,municipio
Tuineje,2023,Otros ingresos,12.0,municipio
Villa de Mazo,2021,Otros ingresos,12.0,municipio
Lanzarote,2020,Otros ingresos,12.0,isla
El Hierro,2017,Otros ingresos,12.0,isla
Granadilla de Abona,2018,Pensiones,12.0,municipio
Icod de los Vinos,2018,Otros ingresos,12.0,municipio
Tenerife,2015,Otros ingresos,12.0,isla
Tinajo,2017,Pensiones,12.1,municipio
Tegueste,2017,Otros ingresos,12.1,municipio
San Bartolomé,2017,Otros ingresos,12.1,municipio
Buenavista del Norte,2016,Otros ingresos,12.1,municipio
La Oliva,2020,Pensiones,12.1,municipio
Granadilla de Abona,2021,Otros ingresos,12.1,municipio
Santa Cruz de La Palma,2022,Otros ingresos,12.1,municipio
Fuerteventura,2016,Otros ingresos,12.1,isla
Icod de los Vinos,2023,Otros ingresos,12.1,municipio
Breña Baja,2018,Otros ingresos,12.1,municipio
Hermigua,2019,Otros ingresos,12.1,municipio
Tuineje,2016,Pensiones,12.1,municipio
La Gomera,2017,Otros ingresos,12.1,isla
Lanzarote,2019,Pensiones,12.1,isla
Valleseco,2015,Otros ingresos,12.1,municipio
Santa Cruz de Tenerife,2015,Otros ingresos,12.1,municipio
Valle Gran Rey,2020,Prestaciones por desempleo,12.1,municipio
Tuineje,2021,Otros ingresos,12.1,municipio
Guía de Isora,2016,Otros ingresos,12.1,municipio
Tinajo,2023,Pensiones,12.1,municipio
Icod de los Vinos,2022,Otros ingresos,12.1,municipio
Tinajo,2022,Pensiones,12.1,municipio
El Pinar de El Hierro,2015,Otros ingresos,12.2,municipio
Antigua,2015,Pensiones,12.2,municipio
Teror,2022,Otros ingresos,12.2,municipio
Buenavista del Norte,2017,Otros ingresos,12.2,municipio
Puerto del Rosario,2021,Pensiones,12.2,municipio
Los Silos,2022,Otros ingresos,12.2,municipio
Vega de San Mateo,2023,Otros ingresos,12.2,municipio
La Gomera,2016,Otros ingresos,12.2,isla
Fuerteventura,2017,Otros ingresos,12.2,isla
Antigua,2019,Pensiones,12.2,municipio
Frontera,2015,Otros ingresos,12.2,municipio
Fuerteventura,2021,Pensiones,12.3,isla
Haría,2020,Otros ingresos,12.3,municipio
Lanzarote,2017,Pensiones,12.3,isla
Garafía,2015,Otros ingresos,12.3,municipio
Breña Baja,2022,Otros ingresos,12.3,municipio
Tenerife,2016,Otros ingresos,12.3,isla
Tegueste,2015,Otros ingresos,12.3,municipio
Tuineje,2019,Pensiones,12.3,municipio
Moya,2015,Otros ingresos,12.3,municipio
Tinajo,2016,Pensiones,12.3,municipio
Vega de San Mateo,2017,Otros ingresos,12.3,municipio
Teror,2023,Otros ingresos,12.3,municipio
Tacoronte,2022,Otros ingresos,12.3,municipio
Tazacorte,2020,Otros ingresos,12.3,municipio
Santiago del Teide,2021,Prestaciones por desempleo,12.3,municipio
Canarias,2015,Otros ingresos,12.3,isla
Buenavista del Norte,2019,Otros ingresos,12.3,municipio
Buenavista del Norte,2015,Otros ingresos,12.3,municipio
Breña Alta,2021,Otros ingresos,12.3,municipio
San Miguel de Abona,2020,Otros ingresos,12.3,municipio
Granadilla de Abona,2017,Pensiones,12.3,municipio
Granadilla de Abona,2023,Pensiones,12.3,municipio
Adeje,2021,Pensiones,12.4,municipio
El Pinar de El Hierro,2016,Otros ingresos,12.4,municipio
El Hierro,2021,Otros ingresos,12.4,isla
Garafía,2021,Otros ingresos,12.4,municipio
Gran Canaria,2015,Otros ingresos,12.4,isla
El Hierro,2022,Otros ingresos,12.4,isla
Vega de San Mateo,2022,Otros ingresos,12.4,municipio
El Rosario,2015,Otros ingresos,12.4,municipio
Moya,2021,Otros ingresos,12.4,municipio
Granadilla de Abona,2022,Otros ingresos,12.4,municipio
Antigua,2015,Otros ingresos,12.4,municipio
Tacoronte,2018,Otros ingresos,12.4,municipio
Santa Cruz de Tenerife,2016,Otros ingresos,12.4,municipio
Villa de Mazo,2023,Otros ingresos,12.4,municipio
Guía de Isora,2017,Otros ingresos,12.4,municipio
Guía de Isora,2015,Otros ingresos,12.4,municipio
Santa Lucía de Tirajana,2018,Pensiones,12.4,municipio
Teguise,2020,Pensiones,12.4,municipio
Breña Alta,2019,Otros ingresos,12.4,municipio
Garachico,2018,Otros ingresos,12.4,municipio
Teror,2016,Otros ingresos,12.5,municipio
Puerto del Rosario,2020,Pensiones,12.5,municipio
Las Palmas,2015,Otros ingresos,12.5,provincia
Candelaria,2023,Otros ingresos,12.5,municipio
Fuerteventura,2020,Pensiones,12.5,isla
Gran Canaria,2021,Otros ingresos,12.5,isla
Gran Canaria,2016,Otros ingresos,12.5,isla
El Sauzal,2019,Otros ingresos,12.5,municipio
Antigua,2016,Otros ingresos,12.5,municipio
San Bartolomé,2022,Pensiones,12.5,municipio
Tías,2015,Pensiones,12.5,municipio
Breña Baja,2017,Otros ingresos,12.5,municipio
Canarias,2016,Otros ingresos,12.5,isla
San Bartolomé,2020,Pensiones,12.5,municipio
San Bartolomé,2023,Pensiones,12.5,municipio
Vallehermoso,2015,Otros ingresos,12.5,municipio
La Orotava,2015,Otros ingresos,12.5,municipio
Teror,2015,Otros ingresos,12.5,municipio
San Bartolomé,2021,Pensiones,12.6,municipio
El Rosario,2016,Otros ingresos,12.6,municipio
San Miguel de Abona,2023,Pensiones,12.6,municipio
Breña Alta,2017,Otros ingresos,12.6,municipio
Santa Lucía de Tirajana,2017,Pensiones,12.6,municipio
Las Palmas,2016,Otros ingresos,12.6,provincia
Hermigua,2021,Otros ingresos,12.6,municipio
Tenerife,2017,Otros ingresos,12.6,isla
Tegueste,2022,Otros ingresos,12.6,municipio
Villa de Mazo,2022,Otros ingresos,12.6,municipio
Vega de San Mateo,2018,Otros ingresos,12.6,municipio
Vallehermoso,2019,Otros ingresos,12.6,municipio
Vallehermoso,2021,Otros ingresos,12.6,municipio
Moya,2019,Otros ingresos,12.6,municipio
Frontera,2020,Otros ingresos,12.6,municipio
Las Palmas de Gran Canaria,2020,Otros ingresos,12.6,municipio
El Pinar de El Hierro,2020,Otros ingresos,12.7,municipio
Tinajo,2021,Pensiones,12.7,municipio
Breña Alta,2020,Otros ingresos,12.7,municipio
Granadilla de Abona,2016,Pensiones,12.7,municipio
Granadilla de Abona,2023,Otros ingresos,12.7,municipio
La Orotava,2016,Otros ingresos,12.7,municipio
Guía de Isora,2018,Otros ingresos,12.7,municipio
Santa Lucía de Tirajana,2019,Pensiones,12.7,municipio
Tías,2016,Pensiones,12.7,municipio
La Gomera,2018,Otros ingresos,12.7,isla
Vega de San Mateo,2019,Otros ingresos,12.7,municipio
La Gomera,2019,Otros ingresos,12.7,isla
Vallehermoso,2018,Otros ingresos,12.7,municipio
Lanzarote,2016,Pensiones,12.7,isla
Hermigua,2018,Otros ingresos,12.7,municipio
Lanzarote,2023,Pensiones,12.8,isla
Adeje,2021,Prestaciones por desempleo,12.8,municipio
El Pinar de El Hierro,2022,Otros ingresos,12.8,municipio
Adeje,2020,Pensiones,12.8,municipio
Tenerife,2021,Otros ingresos,12.8,isla
Fuerteventura,2019,Otros ingresos,12.8,isla
Antigua,2017,Otros ingresos,12.8,municipio
Tegueste,2023,Otros ingresos,12.8,municipio
Antigua,2019,Otros ingresos,12.8,municipio
La Orotava,2017,Otros ingresos,12.8,municipio
Granadilla de Abona,2022,Pensiones,12.8,municipio
San Bartolomé,2018,Otros ingresos,12.8,municipio
El Rosario,2020,Otros ingresos,12.8,municipio
Tías,2023,Pensiones,12.8,municipio
San Miguel de Abona,2022,Pensiones,12.8,municipio
Breña Alta,2022,Otros ingresos,12.8,municipio
Santa Cruz de Tenerife,2017,Otros ingresos,12.8,municipio
Guía de Isora,2023,Otros ingresos,12.8,municipio
Mogán,2020,Otros ingresos,12.8,municipio
Vega de San Mateo,2016,Otros ingresos,12.8,municipio
Teror,2019,Otros ingresos,12.8,municipio
Canarias,2017,Otros ingresos,12.9,isla
Buenavista del Norte,2018,Otros ingresos,12.9,municipio
Canarias,2021,Otros ingresos,12.9,isla
Tacoronte,2019,Otros ingresos,12.9,municipio
Santa Lucía de Tirajana,2016,Pensiones,12.9,municipio
Tinajo,2020,Otros ingresos,12.9,municipio
Arona,2018,Pensiones,12.9,municipio
La Orotava,2019,Otros ingresos,12.9,municipio
Tinajo,2015,Pensiones,12.9,municipio
Tacoronte,2021,Otros ingresos,12.9,municipio
Tazacorte,2015,Otros ingresos,12.9,municipio
Tegueste,2019,Otros ingresos,12.9,municipio
Las Palmas,2021,Otros ingresos,12.9,provincia
Guía de Isora,2021,Otros ingresos,12.9,municipio
La Orotava,2021,Otros ingresos,13.0,municipio
Tuineje,2015,Pensiones,13.0,municipio
Vega de San Mateo,2015,Otros ingresos,13.0,municipio
Buenavista del Norte,2021,Otros ingresos,13.0,municipio
Granadilla de Abona,2015,Pensiones,13.0,municipio
Tenerife,2018,Otros ingresos,13.0,isla
Las Palmas,2017,Otros ingresos,13.0,provincia
Fuerteventura,2018,Otros ingresos,13.0,isla
El Pinar de El Hierro,2017,Otros ingresos,13.0,municipio
El Hierro,2019,Otros ingresos,13.0,isla
Teror,2017,Otros ingresos,13.0,municipio
Santa Cruz de Tenerife,2021,Otros ingresos,13.0,municipio
Gran Canaria,2017,Otros ingresos,13.0,isla
Lanzarote,2015,Pensiones,13.0,isla
La Gomera,2021,Otros ingresos,13.0,isla
San Miguel de Abona,2020,Pensiones,13.1,municipio
Guía de Isora,2022,Otros ingresos,13.1,municipio
Vallehermoso,2023,Otros ingresos,13.1,municipio
Santa Úrsula,2020,Otros ingresos,13.1,municipio
El Hierro,2018,Otros ingresos,13.1,isla
Lanzarote,2022,Pensiones,13.1,isla
Agulo,2018,Otros ingresos,13.1,municipio
Vallehermoso,2022,Otros ingresos,13.1,municipio
Gran Canaria,2018,Otros ingresos,13.1,isla
Tenerife,2019,Otros ingresos,13.1,isla
Tazacorte,2022,Otros ingresos,13.1,municipio
Vallehermoso,2017,Otros ingresos,13.1,municipio
Arona,2017,Pensiones,13.1,municipio
Tinajo,2015,Otros ingresos,13.1,municipio
Tinajo,2016,Otros ingresos,13.1,municipio
Vallehermoso,2016,Otros ingresos,13.1,municipio
Fuencaliente de La Palma,2022,Otros ingresos,13.1,municipio
Haría,2015,Otros ingresos,13.2,municipio
Arrecife,2019,Pensiones,13.2,municipio
Tías,2022,Pensiones,13.2,municipio
San Miguel de Abona,2021,Otros ingresos,13.2,municipio
Arrecife,2018,Pensiones,13.2,municipio
Gran Canaria,2019,Otros ingresos,13.2,isla
Santiago del Teide,2020,Otros ingresos,13.2,municipio
Tinajo,2020,Pensiones,13.2,municipio
Arona,2019,Pensiones,13.2,municipio
Frontera,2017,Otros ingresos,13.2,municipio
San Bartolomé,2019,Otros ingresos,13.2,municipio
Breña Baja,2023,Otros ingresos,13.3,municipio
Antigua,2018,Otros ingresos,13.3,municipio
Moya,2017,Otros ingresos,13.3,municipio
Canarias,2019,Otros ingresos,13.3,isla
Buenavista del Norte,2023,Otros ingresos,13.3,municipio
Agulo,2019,Otros ingresos,13.3,municipio
Gran Canaria,2022,Otros ingresos,13.3,isla
Lanzarote,2016,Otros ingresos,13.3,isla
Las Palmas,2018,Otros ingresos,13.3,provincia
Canarias,2018,Otros ingresos,13.3,isla
Santa Cruz de Tenerife,2019,Otros ingresos,13.3,municipio
Santa Cruz de Tenerife,2018,Otros ingresos,13.3,municipio
Teror,2018,Otros ingresos,13.4,municipio
Valverde,2023,Otros ingresos,13.4,municipio
Tejeda,2018,Otros ingresos,13.4,municipio
Fuerteventura,2021,Otros ingresos,13.4,isla
Tejeda,2020,Otros ingresos,13.4,municipio
La Gomera,2022,Otros ingresos,13.4,isla
Haría,2016,Otros ingresos,13.4,municipio
San Bartolomé,2021,Otros ingresos,13.4,municipio
Las Palmas,2019,Otros ingresos,13.4,provincia
Lanzarote,2015,Otros ingresos,13.4,isla
Hermigua,2022,Otros ingresos,13.4,municipio
El Sauzal,2022,Otros ingresos,13.4,municipio
Las Palmas de Gran Canaria,2015,Otros ingresos,13.4,municipio
Tacoronte,2023,Otros ingresos,13.4,municipio
Tuineje,2023,Pensiones,13.4,municipio
Tuineje,2022,Pensiones,13.4,municipio
Antigua,2021,Otros ingresos,13.4,municipio
Arona,2021,Prestaciones por desempleo,13.4,municipio
Arona,2016,Pensiones,13.4,municipio
Las Palmas de Gran Canaria,2016,Otros ingresos,13.4,municipio
El Pinar de El Hierro,2021,Otros ingresos,13.4,municipio
La Orotava,2022,Otros ingresos,13.5,municipio
Granadilla de Abona,2021,Pensiones,13.5,municipio
La Orotava,2018,Otros ingresos,13.5,municipio
Puntallana,2020,Otros ingresos,13.5,municipio
Tejeda,2017,Otros ingresos,13.5,municipio
Moya,2018,Otros ingresos,13.5,municipio
San Miguel de Abona,2021,Pensiones,13.5,municipio
Santa Lucía de Tirajana,2023,Pensiones,13.5,municipio
Santa Lucía de Tirajana,2022,Pensiones,13.5,municipio
Garafía,2022,Otros ingresos,13.5,municipio
Hermigua,2023,Otros ingresos,13.5,municipio
La Orotava,2023,Otros ingresos,13.5,municipio
Santa Lucía de Tirajana,2015,Pensiones,13.5,municipio
Garafía,2016,Otros ingresos,13.6,municipio
Gran Canaria,2023,Otros ingresos,13.6,isla
Puntallana,2017,Otros ingresos,13.6,municipio
Lanzarote,2021,Pensiones,13.6,isla
Puntallana,2019,Otros ingresos,13.6,municipio
La Palma,2015,Otros ingresos,13.6,isla
Tazacorte,2016,Otros ingresos,13.6,municipio
Garafía,2017,Otros ingresos,13.6,municipio
Santa Cruz de Tenerife,2022,Otros ingresos,13.6,municipio
Moya,2022,Otros ingresos,13.6,municipio
Granadilla de Abona,2020,Pensiones,13.6,municipio
Tenerife,2022,Otros ingresos,13.6,isla
Teguise,2020,Otros ingresos,13.6,municipio
La Gomera,2023,Otros ingresos,13.6,isla
Canarias,2022,Otros ingresos,13.7,isla
Tías,2021,Pensiones,13.7,municipio
Puntallana,2016,Otros ingresos,13.7,municipio
Las Palmas,2022,Otros ingresos,13.7,provincia
Tejeda,2015,Otros ingresos,13.7,municipio
Tegueste,2018,Otros ingresos,13.7,municipio
Arona,2015,Pensiones,13.7,municipio
Las Palmas de Gran Canaria,2021,Otros ingresos,13.7,municipio
El Rosario,2015,Pensiones,13.7,municipio
Puntallana,2021,Otros ingresos,13.7,municipio
Santa Úrsula,2015,Otros ingresos,13.7,municipio
Lanzarote,2020,Prestaciones por desempleo,13.7,isla
Yaiza,2020,Otros ingresos,13.7,municipio
Arrecife,2017,Pensiones,13.7,municipio
El Pinar de El Hierro,2023,Otros ingresos,13.8,municipio
San Miguel de Abona,2017,Otros ingresos,13.8,municipio
San Miguel de Abona,2019,Otros ingresos,13.8,municipio
Tuineje,2021,Pensiones,13.8,municipio
El Rosario,2018,Otros ingresos,13.8,municipio
Tenerife,2023,Otros ingresos,13.8,isla
San Miguel de Abona,2015,Otros ingresos,13.8,municipio
El Rosario,2017,Pensiones,13.8,municipio
Lanzarote,2020,Pensiones,13.8,isla
San Bartolomé,2022,Otros ingresos,13.8,municipio
Puntallana,2015,Otros ingresos,13.8,municipio
Garachico,2022,Otros ingresos,13.9,municipio
Arrecife,2023,Pensiones,13.9,municipio
Santa Úrsula,2016,Otros ingresos,13.9,municipio
Haría,2021,Otros ingresos,13.9,municipio
El Rosario,2017,Otros ingresos,13.9,municipio
Tías,2020,Pensiones,14.0,municipio
San Bartolomé de Tirajana,2020,Otros ingresos,14.0,municipio
Fuencaliente de La Palma,2023,Otros ingresos,14.0,municipio
Canarias,2023,Otros ingresos,14.0,isla
Lanzarote,2017,Otros ingresos,14.0,isla
El Tanque,2020,Prestaciones por desempleo,14.0,municipio
Santa Lucía de Tirajana,2021,Pensiones,14.0,municipio
Las Palmas,2023,Otros ingresos,14.0,provincia
Arona,2015,Otros ingresos,14.0,municipio
Tuineje,2020,Pensiones,14.0,municipio
Puerto de la Cruz,2020,Otros ingresos,14.0,municipio
Antigua,2022,Pensiones,14.0,municipio
Santa Cruz de Tenerife,2023,Otros ingresos,14.0,municipio
El Rosario,2018,Pensiones,14.1,municipio
El Pinar de El Hierro,2018,Otros ingresos,14.1,municipio
El Rosario,2016,Pensiones,14.1,municipio
Breña Alta,2023,Otros ingresos,14.1,municipio
Las Palmas de Gran Canaria,2017,Otros ingresos,14.1,municipio
Tinajo,2017,Otros ingresos,14.1,municipio
El Sauzal,2023,Otros ingresos,14.1,municipio
Santa Lucía de Tirajana,2020,Pensiones,14.1,municipio
Tejeda,2022,Otros ingresos,14.1,municipio
Las Palmas de Gran Canaria,2018,Otros ingresos,14.2,municipio
El Rosario,2019,Pensiones,14.2,municipio
Haría,2017,Otros ingresos,14.2,municipio
Fuencaliente de La Palma,2021,Otros ingresos,14.2,municipio
Tejeda,2016,Otros ingresos,14.2,municipio
Fuerteventura,2022,Otros ingresos,14.2,isla
Mogán,2017,Pensiones,14.2,municipio
Mogán,2016,Pensiones,14.2,municipio
Puntallana,2022,Otros ingresos,14.3,municipio
Vilaflor de Chasna,2023,Otros ingresos,14.3,municipio
Agulo,2021,Otros ingresos,14.3,municipio
Tazacorte,2021,Otros ingresos,14.3,municipio
La Palma,2020,Otros ingresos,14.3,isla
La Palma,2016,Otros ingresos,14.3,isla
Fuerteventura,2023,Otros ingresos,14.3,isla
El Hierro,2023,Otros ingresos,14.3,isla
Teguise,2016,Otros ingresos,14.4,municipio
Teguise,2015,Otros ingresos,14.4,municipio
El Rosario,2021,Otros ingresos,14.4,municipio
San Bartolomé,2023,Otros ingresos,14.4,municipio
Arrecife,2022,Pensiones,14.4,municipio
Santiago del Teide,2018,Pensiones,14.4,municipio
Arrecife,2016,Pensiones,14.4,municipio
San Miguel de Abona,2016,Otros ingresos,14.4,municipio
Betancuria,2017,Otros ingresos,14.4,municipio
Agüimes,2018,Pensiones,14.5,municipio
Puntallana,2023,Otros ingresos,14.5,municipio
Antigua,2023,Pensiones,14.5,municipio
Arrecife,2020,Prestaciones por desempleo,14.5,municipio
Garafía,2019,Otros ingresos,14.5,municipio
Vilaflor de Chasna,2017,Otros ingresos,14.5,municipio
Frontera,2022,Otros ingresos,14.5,municipio
La Palma,2022,Otros ingresos,14.5,isla
Antigua,2020,Pensiones,14.5,municipio
Mogán,2015,Pensiones,14.5,municipio
Las Palmas de Gran Canaria,2022,Otros ingresos,14.5,municipio
Las Palmas de Gran Canaria,2019,Otros ingresos,14.5,municipio
Mogán,2018,Pensiones,14.5,municipio
Santiago del Teide,2017,Pensiones,14.5,municipio
Agüimes,2017,Pensiones,14.6,municipio
Tinajo,2021,Otros ingresos,14.6,municipio
Frontera,2021,Otros ingresos,14.6,municipio
San Miguel de Abona,2018,Otros ingresos,14.6,municipio
La Palma,2021,Otros ingresos,14.6,isla
Arona,2017,Otros ingresos,14.6,municipio
El Pinar de El Hierro,2019,Otros ingresos,14.6,municipio
Santa Úrsula,2018,Otros ingresos,14.6,municipio
Agüimes,2016,Pensiones,14.6,municipio
Lanzarote,2021,Otros ingresos,14.6,isla
Lanzarote,2019,Otros ingresos,14.6,isla
Tazacorte,2019,Otros ingresos,14.6,municipio
Santiago del Teide,2019,Pensiones,14.6,municipio
Moya,2023,Otros ingresos,14.7,municipio
Arona,2016,Otros ingresos,14.7,municipio
Lanzarote,2018,Otros ingresos,14.7,isla
Arona,2023,Pensiones,14.7,municipio
Vilaflor de Chasna,2022,Otros ingresos,14.7,municipio
Vilaflor de Chasna,2021,Otros ingresos,14.7,municipio
Agüimes,2019,Pensiones,14.7,municipio
Fuencaliente de La Palma,2020,Otros ingresos,14.7,municipio
Tejeda,2023,Otros ingresos,14.8,municipio
Valsequillo de Gran Canaria,2019,Pensiones,14.8,municipio
Antigua,2021,Pensiones,14.8,municipio
Las Palmas de Gran Canaria,2023,Otros ingresos,14.8,municipio
Mogán,2021,Prestaciones por desempleo,14.8,municipio
Tinajo,2018,Otros ingresos,14.8,municipio
Antigua,2020,Prestaciones por desempleo,14.8,municipio
El Rosario,2019,Otros ingresos,14.8,municipio
San Bartolomé de Tirajana,2017,Pensiones,14.8,municipio
San Bartolomé de Tirajana,2016,Pensiones,14.8,municipio
Santa Úrsula,2021,Otros ingresos,14.9,municipio
Santa Úrsula,2019,Otros ingresos,14.9,municipio
Frontera,2019,Otros ingresos,14.9,municipio
Arona,2018,Otros ingresos,14.9,municipio
Arona,2021,Otros ingresos,14.9,municipio
Puntallana,2018,Otros ingresos,14.9,municipio
Adeje,2020,Otros ingresos,14.9,municipio
Tinajo,2019,Otros ingresos,14.9,municipio
Santiago del Teide,2016,Pensiones,14.9,municipio
Tejeda,2021,Otros ingresos,14.9,municipio
Arrecife,2021,Pensiones,14.9,municipio
Arrecife,2015,Pensiones,14.9,municipio
Mogán,2019,Pensiones,14.9,municipio
San Bartolomé de Tirajana,2020,Prestaciones por desempleo,15.0,municipio
Arrecife,2020,Pensiones,15.0,municipio
Guía de Isora,2018,Pensiones,15.0,municipio
San Bartolomé de Tirajana,2015,Pensiones,15.0,municipio
Yaiza,2021,Prestaciones por desempleo,15.0,municipio
Arona,2022,Pensiones,15.0,municipio
Buenavista del Norte,2022,Otros ingresos,15.0,municipio
Breña Baja,2018,Pensiones,15.1,municipio
El Rosario,2022,Otros ingresos,15.1,municipio
Betancuria,2015,Otros ingresos,15.1,municipio
Barlovento,2016,Otros ingresos,15.1,municipio
Arona,2019,Otros ingresos,15.1,municipio
Fuencaliente de La Palma,2019,Otros ingresos,15.1,municipio
Antigua,2022,Otros ingresos,15.1,municipio
Valsequillo de Gran Canaria,2015,Pensiones,15.1,municipio
San Bartolomé de Tirajana,2018,Pensiones,15.1,municipio
Agüimes,2015,Pensiones,15.1,municipio
Garafía,2018,Otros ingresos,15.2,municipio
Santa Úrsula,2017,Otros ingresos,15.2,municipio
Teguise,2017,Otros ingresos,15.2,municipio
Santa Brígida,2016,Pensiones,15.2,municipio
Valsequillo de Gran Canaria,2018,Pensiones,15.2,municipio
Barlovento,2015,Otros ingresos,15.2,municipio
Tazacorte,2017,Otros ingresos,15.2,municipio
Valsequillo de Gran Canaria,2021,Pensiones,15.3,municipio
Vilaflor de Chasna,2016,Otros ingresos,15.3,municipio
Guía de Isora,2017,Pensiones,15.3,municipio
La Palma,2019,Otros ingresos,15.3,isla
Agüimes,2022,Pensiones,15.3,municipio
Haría,2018,Otros ingresos,15.3,municipio
Agüimes,2023,Pensiones,15.3,municipio
Yaiza,2015,Otros ingresos,15.4,municipio
Breña Baja,2017,Pensiones,15.4,municipio
Haría,2019,Otros ingresos,15.4,municipio
Agulo,2022,Otros ingresos,15.4,municipio
Santiago del Teide,2015,Otros ingresos,15.4,municipio
Guía de Isora,2019,Pensiones,15.4,municipio
Antigua,2023,Otros ingresos,15.4,municipio
El Rosario,2023,Pensiones,15.4,municipio
Valsequillo de Gran Canaria,2016,Pensiones,15.4,municipio
Breña Baja,2022,Pensiones,15.5,municipio
Breña Baja,2016,Pensiones,15.5,municipio
Breña Baja,2023,Pensiones,15.5,municipio
La Palma,2017,Otros ingresos,15.5,isla
Valsequillo de Gran Canaria,2017,Pensiones,15.5,municipio
Arona,2022,Otros ingresos,15.5,municipio
Santiago del Teide,2019,Otros ingresos,15.5,municipio
Santiago del Teide,2016,Otros ingresos,15.5,municipio
Mogán,2023,Pensiones,15.5,municipio
Vilaflor de Chasna,2015,Otros ingresos,15.5,municipio
Vilaflor de Chasna,2019,Otros ingresos,15.5,municipio
Tías,2020,Prestaciones por desempleo,15.6,municipio
Frontera,2018,Otros ingresos,15.6,municipio
Santiago del Teide,2017,Otros ingresos,15.6,municipio
Santa Brígida,2015,Pensiones,15.6,municipio
Valsequillo de Gran Canaria,2022,Pensiones,15.6,municipio
Santiago del Teide,2015,Pensiones,15.6,municipio
Santiago del Teide,2023,Pensiones,15.6,municipio
Los Llanos de Aridane,2022,Otros ingresos,15.6,municipio
Lanzarote,2022,Otros ingresos,15.6,isla
Garafía,2023,Otros ingresos,15.6,municipio
Santa Úrsula,2017,Pensiones,15.6,municipio
Agüimes,2021,Pensiones,15.6,municipio
Fuencaliente de La Palma,2016,Otros ingresos,15.6,municipio
El Rosario,2022,Pensiones,15.7,municipio
Santa Úrsula,2023,Pensiones,15.7,municipio
Breña Baja,2015,Pensiones,15.7,municipio
La Palma,2023,Otros ingresos,15.7,isla
Santiago del Teide,2022,Pensiones,15.7,municipio
El Paso,2015,Otros ingresos,15.7,municipio
Breña Baja,2019,Pensiones,15.7,municipio
Santa Brígida,2017,Pensiones,15.7,municipio
San Miguel de Abona,2022,Otros ingresos,15.7,municipio
Santa Úrsula,2019,Pensiones,15.7,municipio
Fuerteventura,2020,Prestaciones por desempleo,15.7,isla
El Rosario,2021,Pensiones,15.7,municipio
Santa Lucía de Tirajana,2020,Prestaciones por desempleo,15.8,municipio
Breña Baja,2021,Pensiones,15.8,municipio
Arona,2020,Pensiones,15.8,municipio
El Rosario,2023,Otros ingresos,15.8,municipio
Santiago del Teide,2018,Otros ingresos,15.8,municipio
Santa Brígida,2019,Pensiones,15.8,municipio
Mogán,2022,Pensiones,15.8,municipio
Valsequillo de Gran Canaria,2023,Pensiones,15.8,municipio
Granadilla de Abona,2020,Prestaciones por desempleo,15.8,municipio
San Bartolomé de Tirajana,2019,Pensiones,15.8,municipio
Puntagorda,2016,Otros ingresos,15.8,municipio
Santa Úrsula,2022,Pensiones,15.8,municipio
Frontera,2023,Otros ingresos,15.8,municipio
Puntagorda,2015,Otros ingresos,15.9,municipio
Arona,2021,Pensiones,15.9,municipio
San Miguel de Abona,2023,Otros ingresos,15.9,municipio
Yaiza,2016,Otros ingresos,16.0,municipio
Agüimes,2020,Pensiones,16.0,municipio
Santa Úrsula,2021,Pensiones,16.0,municipio
Haría,2022,Otros ingresos,16.0,municipio
Barlovento,2017,Otros ingresos,16.0,municipio
Tinajo,2022,Otros ingresos,16.0,municipio
Guía de Isora,2016,Pensiones,16.0,municipio
Vilaflor de Chasna,2018,Otros ingresos,16.0,municipio
Arona,2023,Otros ingresos,16.1,municipio
Yaiza,2017,Otros ingresos,16.1,municipio
Tazacorte,2023,Otros ingresos,16.1,municipio
Tazacorte,2018,Otros ingresos,16.1,municipio
Agulo,2023,Otros ingresos,16.1,municipio
La Palma,2018,Otros ingresos,16.2,isla
Tejeda,2019,Otros ingresos,16.2,municipio
Lanzarote,2023,Otros ingresos,16.2,isla
Valsequillo de Gran Canaria,2020,Pensiones,16.2,municipio
El Rosario,2020,Pensiones,16.2,municipio
Pájara,2021,Prestaciones por desempleo,16.2,municipio
Puntagorda,2020,Otros ingresos,16.2,municipio
Guía de Isora,2023,Pensiones,16.2,municipio
Santa Brígida,2022,Pensiones,16.2,municipio
San Miguel de Abona,2020,Prestaciones por desempleo,16.3,municipio
Santa Úrsula,2018,Pensiones,16.3,municipio
Santa Brígida,2023,Pensiones,16.3,municipio
Santa Úrsula,2023,Otros ingresos,16.3,municipio
Tías,2020,Otros ingresos,16.3,municipio
Teguise,2021,Otros ingresos,16.4,municipio
Guía de Isora,2015,Pensiones,16.4,municipio
Mogán,2021,Otros ingresos,16.4,municipio
Telde,2018,Pensiones,16.4,municipio
Breña Baja,2020,Pensiones,16.4,municipio
La Oliva,2020,Otros ingresos,16.4,municipio
Puerto de la Cruz,2021,Otros ingresos,16.4,municipio
La Oliva,2015,Otros ingresos,16.5,municipio
Las Palmas,2018,Pensiones,16.5,provincia
Fuencaliente de La Palma,2017,Otros ingresos,16.5,municipio
Yaiza,2019,Otros ingresos,16.5,municipio
Santa Úrsula,2016,Pensiones,16.5,municipio
Ingenio,2018,Pensiones,16.5,municipio
Betancuria,2016,Otros ingresos,16.6,municipio
San Sebastián de La Gomera,2018,Pensiones,16.6,municipio
Santa Brígida,2021,Pensiones,16.6,municipio
Puntagorda,2021,Otros ingresos,16.6,municipio
Las Palmas,2019,Pensiones,16.6,provincia
Fuencaliente de La Palma,2015,Otros ingresos,16.6,municipio
Los Llanos de Aridane,2015,Otros ingresos,16.6,municipio
San Sebastián de La Gomera,2019,Pensiones,16.7,municipio
Santiago del Teide,2021,Otros ingresos,16.7,municipio
Haría,2023,Otros ingresos,16.7,municipio
Telde,2017,Pensiones,16.7,municipio
Teguise,2019,Otros ingresos,16.7,municipio
Santa Úrsula,2022,Otros ingresos,16.7,municipio
Valle Gran Rey,2020,Otros ingresos,16.7,municipio
Puerto de la Cruz,2015,Otros ingresos,16.7,municipio
Telde,2019,Pensiones,16.7,municipio
La Oliva,2016,Otros ingresos,16.7,municipio
Ingenio,2017,Pensiones,16.7,municipio
Las Palmas,2017,Pensiones,16.7,provincia
Santa Brígida,2018,Pensiones,16.8,municipio
Guía de Isora,2022,Pensiones,16.8,municipio
Ingenio,2019,Pensiones,16.8,municipio
Santiago del Teide,2021,Pensiones,16.9,municipio
Telde,2016,Pensiones,16.9,municipio
Puerto de la Cruz,2016,Otros ingresos,16.9,municipio
Santa Úrsula,2015,Pensiones,16.9,municipio
La Matanza de Acentejo,2018,Pensiones,16.9,municipio
Los Llanos de Aridane,2021,Otros ingresos,16.9,municipio
Mogán,2021,Pensiones,16.9,municipio
Puntagorda,2022,Otros ingresos,16.9,municipio
Las Palmas,2016,Pensiones,17.0,provincia
Las Palmas,2023,Pensiones,17.0,provincia
Mogán,2019,Otros ingresos,17.0,municipio
Ingenio,2016,Pensiones,17.0,municipio
San Sebastián de La Gomera,2017,Pensiones,17.0,municipio
Candelaria,2018,Pensiones,17.0,municipio
San Sebastián de La Gomera,2021,Pensiones,17.0,municipio
La Matanza de Acentejo,2019,Pensiones,17.0,municipio
Tuineje,2020,Prestaciones por desempleo,17.1,municipio
Las Palmas,2022,Pensiones,17.1,provincia
Santa Úrsula,2020,Pensiones,17.1,municipio
Telde,2015,Pensiones,17.1,municipio
Candelaria,2019,Pensiones,17.1,municipio
San Andrés y Sauces,2015,Otros ingresos,17.1,municipio
San Bartolomé de Tirajana,2023,Pensiones,17.1,municipio
Teguise,2018,Otros ingresos,17.1,municipio
Adeje,2015,Otros ingresos,17.1,municipio
La Matanza de Acentejo,2023,Pensiones,17.1,municipio
Ingenio,2015,Pensiones,17.2,municipio
Puerto de la Cruz,2017,Otros ingresos,17.2,municipio
Candelaria,2016,Pensiones,17.2,municipio
Candelaria,2017,Pensiones,17.2,municipio
Breña Alta,2019,Pensiones,17.2,municipio
Mogán,2016,Otros ingresos,17.2,municipio
Fuencaliente de La Palma,2018,Otros ingresos,17.3,municipio
La Matanza de Acentejo,2022,Pensiones,17.3,municipio
La Oliva,2017,Otros ingresos,17.3,municipio
Breña Alta,2022,Pensiones,17.3,municipio
Las Palmas,2015,Pensiones,17.3,provincia
La Matanza de Acentejo,2021,Pensiones,17.3,municipio
Telde,2023,Pensiones,17.3,municipio
Telde,2022,Pensiones,17.3,municipio
Mogán,2020,Pensiones,17.3,municipio
Telde,2021,Pensiones,17.3,municipio
Ingenio,2023,Pensiones,17.3,municipio
El Paso,2022,Otros ingresos,17.3,municipio
Guía de Isora,2020,Prestaciones por desempleo,17.4,municipio
La Oliva,2020,Prestaciones por desempleo,17.4,municipio
Guía de Isora,2020,Pensiones,17.4,municipio
Santiago del Teide,2020,Pensiones,17.4,municipio
Mogán,2017,Otros ingresos,17.4,municipio
Las Palmas,2021,Pensiones,17.4,provincia
San Sebastián de La Gomera,2022,Pensiones,17.4,municipio
San Sebastián de La Gomera,2015,Pensiones,17.4,municipio
Adeje,2017,Otros ingresos,17.4,municipio
Arucas,2021,Pensiones,17.4,municipio
San Sebastián de La Gomera,2016,Pensiones,17.4,municipio
Canarias,2018,Pensiones,17.5,isla
San Andrés y Sauces,2016,Otros ingresos,17.5,municipio
Arucas,2019,Pensiones,17.5,municipio
Candelaria,2015,Pensiones,17.5,municipio
Telde,2020,Pensiones,17.5,municipio
San Sebastián de La Gomera,2020,Pensiones,17.5,municipio
La Matanza de Acentejo,2017,Pensiones,17.5,municipio
Santa Brígida,2020,Pensiones,17.5,municipio
Ingenio,2022,Pensiones,17.5,municipio
El Sauzal,2019,Pensiones,17.5,municipio
San Bartolomé de Tirajana,2022,Pensiones,17.5,municipio
Los Llanos de Aridane,2020,Otros ingresos,17.5,municipio
El Paso,2016,Otros ingresos,17.5,municipio
Ingenio,2021,Pensiones,17.5,municipio
Breña Alta,2021,Pensiones,17.5,municipio
San Bartolomé de Tirajana,2021,Otros ingresos,17.5,municipio
Los Llanos de Aridane,2022,Pensiones,17.5,municipio
Breña Alta,2023,Pensiones,17.5,municipio
Tinajo,2023,Otros ingresos,17.5,municipio
San Sebastián de La Gomera,2023,Pensiones,17.6,municipio
Mogán,2022,Otros ingresos,17.6,municipio
Arucas,2018,Pensiones,17.6,municipio
Puntagorda,2019,Otros ingresos,17.6,municipio
Candelaria,2023,Pensiones,17.6,municipio
Valle Gran Rey,2017,Otros ingresos,17.6,municipio
Canarias,2019,Pensiones,17.6,isla
San Bartolomé de Tirajana,2015,Otros ingresos,17.6,municipio
Yaiza,2018,Otros ingresos,17.6,municipio
Guía de Isora,2021,Pensiones,17.6,municipio
Ingenio,2020,Pensiones,17.7,municipio
Breña Alta,2020,Pensiones,17.7,municipio
Los Llanos de Aridane,2023,Otros ingresos,17.7,municipio
Los Llanos de Aridane,2023,Pensiones,17.7,municipio
Santiago del Teide,2020,Prestaciones por desempleo,17.7,municipio
Mogán,2018,Otros ingresos,17.8,municipio
Mogán,2023,Otros ingresos,17.8,municipio
Betancuria,2020,Otros ingresos,17.8,municipio
Canarias,2023,Pensiones,17.8,isla
Los Llanos de Aridane,2018,Pensiones,17.8,municipio
San Andrés y Sauces,2019,Otros ingresos,17.8,municipio
Santiago del Teide,2023,Otros ingresos,17.8,municipio
Candelaria,2021,Pensiones,17.8,municipio
Canarias,2017,Pensiones,17.8,isla
Adeje,2016,Otros ingresos,17.8,municipio
Valle Gran Rey,2016,Otros ingresos,17.8,municipio
Arucas,2022,Pensiones,17.9,municipio
Frontera,2021,Pensiones,17.9,municipio
Mogán,2015,Otros ingresos,17.9,municipio
Puerto de la Cruz,2018,Otros ingresos,17.9,municipio
Barlovento,2019,Otros ingresos,17.9,municipio
Breña Alta,2017,Pensiones,17.9,municipio
San Bartolomé de Tirajana,2019,Otros ingresos,17.9,municipio
Valle Gran Rey,2015,Otros ingresos,17.9,municipio
Candelaria,2022,Pensiones,17.9,municipio
La Matanza de Acentejo,2020,Pensiones,17.9,municipio
Arucas,2023,Pensiones,17.9,municipio
El Paso,2020,Otros ingresos,17.9,municipio
Puerto de la Cruz,2019,Otros ingresos,17.9,municipio
El Paso,2021,Otros ingresos,17.9,municipio
Yaiza,2021,Otros ingresos,17.9,municipio
Arucas,2016,Pensiones,18.0,municipio
Gran Canaria,2018,Pensiones,18.0,isla
Teror,2018,Pensiones,18.0,municipio
Tacoronte,2019,Pensiones,18.0,municipio
San Andrés y Sauces,2020,Otros ingresos,18.0,municipio
Los Llanos de Aridane,2019,Pensiones,18.0,municipio
El Sauzal,2017,Pensiones,18.1,municipio
Gran Canaria,2019,Pensiones,18.1,isla
Tacoronte,2018,Pensiones,18.1,municipio
San Bartolomé de Tirajana,2021,Pensiones,18.1,municipio
Breña Alta,2018,Pensiones,18.1,municipio
Las Palmas,2020,Pensiones,18.1,provincia
Canarias,2022,Pensiones,18.1,isla
San Bartolomé de Tirajana,2016,Otros ingresos,18.1,municipio
Los Llanos de Aridane,2021,Pensiones,18.1,municipio
Canarias,2016,Pensiones,18.2,isla
San Andrés y Sauces,2023,Otros ingresos,18.2,municipio
Gran Canaria,2017,Pensiones,18.2,isla
Arucas,2020,Pensiones,18.2,municipio
Arucas,2017,Pensiones,18.2,municipio
Candelaria,2020,Pensiones,18.2,municipio
Alajeró,2018,Pensiones,18.3,municipio
San Andrés y Sauces,2022,Otros ingresos,18.3,municipio
Frontera,2018,Pensiones,18.3,municipio
Teror,2021,Pensiones,18.3,municipio
Gran Canaria,2023,Pensiones,18.3,isla
Los Llanos de Aridane,2016,Otros ingresos,18.3,municipio
La Matanza de Acentejo,2016,Pensiones,18.4,municipio
La Matanza de Acentejo,2015,Pensiones,18.4,municipio
Arucas,2015,Pensiones,18.4,municipio
Barlovento,2020,Otros ingresos,18.4,municipio
La Oliva,2018,Otros ingresos,18.4,municipio
El Sauzal,2015,Pensiones,18.4,municipio
El Sauzal,2023,Pensiones,18.4,municipio
Tegueste,2015,Pensiones,18.4,municipio
Breña Alta,2016,Pensiones,18.4,municipio
Gran Canaria,2016,Pensiones,18.4,isla
Canarias,2021,Pensiones,18.4,isla
Teror,2019,Pensiones,18.4,municipio
Tacoronte,2021,Pensiones,18.5,municipio
Tenerife,2018,Pensiones,18.5,isla
San Bartolomé de Tirajana,2022,Otros ingresos,18.5,municipio
San Andrés y Sauces,2017,Otros ingresos,18.5,municipio
Tenerife,2019,Pensiones,18.5,isla
Gran Canaria,2022,Pensiones,18.5,isla
Tegueste,2016,Pensiones,18.5,municipio
Alajeró,2015,Pensiones,18.5,municipio
Canarias,2015,Pensiones,18.5,isla
Puntagorda,2017,Otros ingresos,18.5,municipio
El Sauzal,2016,Pensiones,18.5,municipio
Teror,2023,Pensiones,18.5,municipio
San Bartolomé de Tirajana,2017,Otros ingresos,18.6,municipio
Los Llanos de Aridane,2017,Pensiones,18.6,municipio
El Sauzal,2018,Pensiones,18.6,municipio
Adeje,2018,Otros ingresos,18.6,municipio
Teror,2022,Pensiones,18.6,municipio
Gran Canaria,2021,Pensiones,18.6,isla
Tacoronte,2022,Pensiones,18.7,municipio
Tenerife,2023,Pensiones,18.7,isla
Tegueste,2018,Pensiones,18.7,municipio
Santiago del Teide,2022,Otros ingresos,18.7,municipio
Los Llanos de Aridane,2020,Pensiones,18.7,municipio
El Sauzal,2020,Pensiones,18.7,municipio
La Oliva,2019,Otros ingresos,18.7,municipio
Santa Cruz de Tenerife,2019,Pensiones,18.7,municipio
Santa Cruz de Tenerife,2018,Pensiones,18.7,municipio
Teror,2017,Pensiones,18.7,municipio
Gran Canaria,2015,Pensiones,18.7,isla
Alajeró,2019,Pensiones,18.8,municipio
Barlovento,2022,Otros ingresos,18.8,municipio
San Bartolomé de Tirajana,2018,Otros ingresos,18.8,municipio
Teror,2020,Pensiones,18.8,municipio
Tacoronte,2023,Pensiones,18.8,municipio
El Sauzal,2021,Pensiones,18.8,municipio
Breña Alta,2015,Pensiones,18.8,municipio
Santa Cruz de Tenerife,2023,Pensiones,18.8,municipio
San Bartolomé de Tirajana,2020,Pensiones,18.9,municipio
Tacoronte,2016,Pensiones,18.9,municipio
Puerto de la Cruz,2023,Otros ingresos,18.9,municipio
Tacoronte,2017,Pensiones,18.9,municipio
El Paso,2022,Pensiones,18.9,municipio
Tenerife,2017,Pensiones,18.9,isla
Frontera,2023,Pensiones,18.9,municipio
Alajeró,2017,Pensiones,18.9,municipio
Tegueste,2017,Pensiones,18.9,municipio
San Cristóbal de La Laguna,2019,Pensiones,19.0,municipio
Firgas,2023,Pensiones,19.0,municipio
Alajeró,2016,Pensiones,19.0,municipio
Tegueste,2021,Pensiones,19.0,municipio
Tegueste,2019,Pensiones,19.0,municipio
Tenerife,2022,Pensiones,19.0,isla
Canarias,2020,Pensiones,19.0,isla
San Andrés y Sauces,2021,Otros ingresos,19.0,municipio
Tacoronte,2015,Pensiones,19.0,municipio
El Paso,2023,Pensiones,19.0,municipio
Los Llanos de Aridane,2019,Otros ingresos,19.0,municipio
San Juan de la Rambla,2018,Pensiones,19.0,municipio
Villa de Mazo,2018,Pensiones,19.0,municipio
Santa Cruz de Tenerife,2017,Pensiones,19.1,municipio
Los Llanos de Aridane,2017,Otros ingresos,19.1,municipio
Santa Cruz de Tenerife,2022,Pensiones,19.1,municipio
Firgas,2022,Pensiones,19.1,municipio
Teror,2016,Pensiones,19.1,municipio
San Cristóbal de La Laguna,2018,Pensiones,19.1,municipio
El Paso,2021,Pensiones,19.1,municipio
Vega de San Mateo,2021,Pensiones,19.2,municipio
Vega de San Mateo,2023,Pensiones,19.2,municipio
Tegueste,2023,Pensiones,19.2,municipio
Valle Gran Rey,2018,Otros ingresos,19.2,municipio
El Sauzal,2022,Pensiones,19.2,municipio
San Juan de la Rambla,2019,Pensiones,19.2,municipio
Puntagorda,2018,Otros ingresos,19.2,municipio
Frontera,2022,Pensiones,19.2,municipio
Los Silos,2018,Pensiones,19.2,municipio
Betancuria,2022,Pensiones,19.2,municipio
Teror,2015,Pensiones,19.2,municipio
Tenerife,2016,Pensiones,19.2,isla
Teguise,2022,Otros ingresos,19.3,municipio
Frontera,2019,Pensiones,19.3,municipio
Puerto de la Cruz,2022,Otros ingresos,19.3,municipio
Villa de Mazo,2022,Pensiones,19.3,municipio
Villa de Mazo,2017,Pensiones,19.3,municipio
Los Llanos de Aridane,2016,Pensiones,19.3,municipio
Tegueste,2022,Pensiones,19.3,municipio
Tegueste,2020,Pensiones,19.3,municipio
Gran Canaria,2020,Pensiones,19.4,isla
Tacoronte,2020,Pensiones,19.4,municipio
San Cristóbal de La Laguna,2016,Pensiones,19.4,municipio
Tenerife,2021,Pensiones,19.4,isla
San Cristóbal de La Laguna,2017,Pensiones,19.4,municipio
Villa de Mazo,2023,Pensiones,19.5,municipio
El Paso,2018,Pensiones,19.5,municipio
Adeje,2020,Prestaciones por desempleo,19.5,municipio
Santa Cruz de Tenerife,2021,Pensiones,19.5,municipio
Santa Cruz de Tenerife,2016,Pensiones,19.5,municipio
Las Palmas de Gran Canaria,2018,Pensiones,19.5,municipio
El Paso,2019,Otros ingresos,19.5,municipio
Vega de San Mateo,2022,Pensiones,19.5,municipio
Tenerife,2015,Pensiones,19.5,isla
Firgas,2021,Pensiones,19.5,municipio
Adeje,2019,Otros ingresos,19.6,municipio
Villa de Mazo,2019,Pensiones,19.6,municipio
Las Palmas de Gran Canaria,2019,Pensiones,19.6,municipio
San Juan de la Rambla,2022,Pensiones,19.6,municipio
San Juan de la Rambla,2017,Pensiones,19.6,municipio
Teguise,2023,Otros ingresos,19.6,municipio
Arafo,2019,Pensiones,19.6,municipio
Las Palmas de Gran Canaria,2023,Pensiones,19.6,municipio
San Cristóbal de La Laguna,2015,Pensiones,19.6,municipio
Vega de San Mateo,2019,Pensiones,19.6,municipio
Arona,2020,Prestaciones por desempleo,19.6,municipio
La Orotava,2019,Pensiones,19.7,municipio
Arico,2019,Pensiones,19.7,municipio
Yaiza,2022,Otros ingresos,19.7,municipio
San Cristóbal de La Laguna,2021,Pensiones,19.7,municipio
Puntagorda,2022,Pensiones,19.7,municipio
Villa de Mazo,2021,Pensiones,19.7,municipio
Adeje,2021,Otros ingresos,19.7,municipio
San Cristóbal de La Laguna,2023,Pensiones,19.7,municipio
Vega de San Mateo,2020,Pensiones,19.8,municipio
El Hierro,2021,Pensiones,19.8,isla
San Cristóbal de La Laguna,2022,Pensiones,19.8,municipio
Las Palmas de Gran Canaria,2017,Pensiones,19.8,municipio
La Orotava,2023,Pensiones,19.8,municipio
Santa Cruz de Tenerife,2015,Pensiones,19.8,municipio
Valle Gran Rey,2019,Otros ingresos,19.8,municipio
Las Palmas de Gran Canaria,2022,Pensiones,19.8,municipio
La Palma,2022,Pensiones,19.8,isla
Mogán,2020,Prestaciones por desempleo,19.8,municipio
El Hierro,2023,Pensiones,19.8,isla
Gáldar,2021,Pensiones,19.8,municipio
Las Palmas de Gran Canaria,2021,Pensiones,19.8,municipio
La Orotava,2018,Pensiones,19.8,municipio
Puntagorda,2023,Otros ingresos,19.8,municipio
Los Realejos,2018,Pensiones,19.9,municipio
Arafo,2023,Pensiones,19.9,municipio
Barlovento,2021,Otros ingresos,19.9,municipio
Firgas,2017,Pensiones,19.9,municipio
Güímar,2023,Pensiones,19.9,municipio
Valle Gran Rey,2022,Pensiones,19.9,municipio
El Paso,2017,Pensiones,19.9,municipio
Vega de San Mateo,2017,Pensiones,19.9,municipio
El Pinar de El Hierro,2021,Pensiones,19.9,municipio
La Victoria de Acentejo,2021,Pensiones,19.9,municipio
San Juan de la Rambla,2023,Pensiones,19.9,municipio
Vega de San Mateo,2018,Pensiones,19.9,municipio
Puntagorda,2019,Pensiones,20.0,municipio
Betancuria,2023,Otros ingresos,20.0,municipio
La Orotava,2021,Pensiones,20.0,municipio
Los Llanos de Aridane,2018,Otros ingresos,20.0,municipio
Arico,2022,Pensiones,20.0,municipio
Arico,2023,Pensiones,20.0,municipio
Gáldar,2018,Pensiones,20.0,municipio
Arico,2018,Pensiones,20.0,municipio
Firgas,2019,Pensiones,20.0,municipio
La Orotava,2022,Pensiones,20.0,municipio
Tenerife,2020,Pensiones,20.0,isla
Gáldar,2019,Pensiones,20.0,municipio
Valle Gran Rey,2019,Pensiones,20.0,municipio
Güímar,2019,Pensiones,20.0,municipio
Güímar,2022,Pensiones,20.0,municipio
Haría,2019,Pensiones,20.0,municipio
Arafo,2022,Pensiones,20.1,municipio
Betancuria,2021,Otros ingresos,20.1,municipio
La Palma,2023,Pensiones,20.1,isla
Firgas,2018,Pensiones,20.1,municipio
Firgas,2016,Pensiones,20.1,municipio
San Bartolomé de Tirajana,2023,Otros ingresos,20.1,municipio
Arafo,2021,Pensiones,20.1,municipio
El Paso,2020,Pensiones,20.1,municipio
Yaiza,2023,Otros ingresos,20.1,municipio
Los Realejos,2023,Pensiones,20.1,municipio
Los Realejos,2019,Pensiones,20.1,municipio
La Gomera,2019,Pensiones,20.1,isla
San Cristóbal de La Laguna,2020,Pensiones,20.1,municipio
Vega de San Mateo,2016,Pensiones,20.1,municipio
San Juan de la Rambla,2020,Pensiones,20.1,municipio
Santa Cruz de Tenerife,2020,Pensiones,20.1,municipio
Haría,2023,Pensiones,20.1,municipio
El Paso,2019,Pensiones,20.2,municipio
Valle Gran Rey,2023,Pensiones,20.2,municipio
Tijarafe,2020,Pensiones,20.2,municipio
La Palma,2021,Pensiones,20.2,isla
Barlovento,2018,Otros ingresos,20.2,municipio
Gáldar,2022,Pensiones,20.2,municipio
Frontera,2016,Pensiones,20.2,municipio
Las Palmas de Gran Canaria,2016,Pensiones,20.2,municipio
La Oliva,2021,Otros ingresos,20.2,municipio
Vega de San Mateo,2015,Pensiones,20.2,municipio
Adeje,2022,Otros ingresos,20.2,municipio
San Juan de la Rambla,2021,Pensiones,20.2,municipio
Los Llanos de Aridane,2015,Pensiones,20.2,municipio
La Victoria de Acentejo,2022,Pensiones,20.2,municipio
Valverde,2023,Pensiones,20.2,municipio
El Pinar de El Hierro,2020,Pensiones,20.3,municipio
El Hierro,2020,Pensiones,20.3,isla
El Hierro,2019,Pensiones,20.3,isla
La Victoria de Acentejo,2023,Pensiones,20.3,municipio
Puntagorda,2023,Pensiones,20.3,municipio
El Hierro,2018,Pensiones,20.3,isla
Valverde,2020,Pensiones,20.3,municipio
Güímar,2018,Pensiones,20.3,municipio
Frontera,2017,Pensiones,20.3,municipio
Güímar,2021,Pensiones,20.3,municipio
Arafo,2018,Pensiones,20.3,municipio
Valle Gran Rey,2015,Pensiones,20.3,municipio
Arico,2017,Pensiones,20.3,municipio
Valle Gran Rey,2017,Pensiones,20.3,municipio
Valle Gran Rey,2018,Pensiones,20.3,municipio
San Juan de la Rambla,2016,Pensiones,20.3,municipio
Las Palmas de Gran Canaria,2015,Pensiones,20.3,municipio
La Gomera,2018,Pensiones,20.3,isla
Moya,2023,Pensiones,20.4,municipio
Villa de Mazo,2020,Pensiones,20.4,municipio
Arafo,2020,Pensiones,20.4,municipio
Valle Gran Rey,2021,Pensiones,20.4,municipio
El Paso,2023,Otros ingresos,20.4,municipio
Valle Gran Rey,2021,Otros ingresos,20.4,municipio
Frontera,2020,Pensiones,20.4,municipio
Gáldar,2017,Pensiones,20.4,municipio
Gáldar,2023,Pensiones,20.4,municipio
Moya,2018,Pensiones,20.5,municipio
Betancuria,2019,Pensiones,20.5,municipio
La Palma,2018,Pensiones,20.5,isla
Gáldar,2020,Pensiones,20.5,municipio
Betancuria,2019,Otros ingresos,20.5,municipio
La Palma,2019,Pensiones,20.5,isla
Tijarafe,2021,Pensiones,20.5,municipio
El Paso,2018,Otros ingresos,20.6,municipio
La Victoria de Acentejo,2018,Pensiones,20.6,municipio
Betancuria,2023,Pensiones,20.6,municipio
Arafo,2017,Pensiones,20.6,municipio
La Victoria de Acentejo,2019,Pensiones,20.6,municipio
Frontera,2015,Pensiones,20.6,municipio
Arico,2021,Pensiones,20.6,municipio
Güímar,2020,Pensiones,20.6,municipio
Los Realejos,2017,Pensiones,20.6,municipio
Puntagorda,2020,Pensiones,20.6,municipio
El Hierro,2022,Pensiones,20.6,isla
Los Realejos,2022,Pensiones,20.6,municipio
La Orotava,2017,Pensiones,20.7,municipio
Puntagorda,2017,Pensiones,20.7,municipio
Valverde,2019,Pensiones,20.7,municipio
Tijarafe,2015,Otros ingresos,20.7,municipio
La Gomera,2023,Pensiones,20.7,isla
La Gomera,2022,Pensiones,20.7,isla
El Pinar de El Hierro,2023,Pensiones,20.7,municipio
Haría,2018,Pensiones,20.7,municipio
Puntagorda,2021,Pensiones,20.7,municipio
El Pinar de El Hierro,2022,Pensiones,20.7,municipio
Arico,2020,Pensiones,20.7,municipio
El Paso,2017,Otros ingresos,20.7,municipio
Puntallana,2020,Pensiones,20.7,municipio
Valverde,2017,Pensiones,20.7,municipio
Los Realejos,2021,Pensiones,20.7,municipio
El Hierro,2017,Pensiones,20.8,isla
San Juan de la Rambla,2015,Pensiones,20.8,municipio
Gáldar,2016,Pensiones,20.8,municipio
Puntagorda,2018,Pensiones,20.8,municipio
Firgas,2015,Pensiones,20.8,municipio
Valle Gran Rey,2016,Pensiones,20.8,municipio
La Gomera,2021,Pensiones,20.8,isla
Haría,2021,Pensiones,20.8,municipio
Haría,2022,Pensiones,20.8,municipio
Betancuria,2018,Pensiones,20.8,municipio
Tijarafe,2022,Pensiones,20.8,municipio
Santa María de Guía de Gran Canaria,2018,Pensiones,20.8,municipio
Puntallana,2023,Pensiones,20.8,municipio
Moya,2021,Pensiones,20.8,municipio
Villa de Mazo,2016,Pensiones,20.8,municipio
Las Palmas de Gran Canaria,2020,Pensiones,20.9,municipio
La Orotava,2016,Pensiones,20.9,municipio
La Orotava,2020,Pensiones,20.9,municipio
El Pinar de El Hierro,2019,Pensiones,20.9,municipio
Santa Brígida,2015,Otros ingresos,20.9,municipio
La Palma,2020,Pensiones,20.9,isla
Puntallana,2022,Pensiones,20.9,municipio
Santa María de Guía de Gran Canaria,2021,Pensiones,20.9,municipio
La Gomera,2017,Pensiones,21.0,isla
Puntallana,2019,Pensiones,21.0,municipio
El Hierro,2016,Pensiones,21.0,isla
Moya,2022,Pensiones,21.0,municipio
La Palma,2017,Pensiones,21.0,isla
Firgas,2020,Pensiones,21.0,municipio
Moya,2019,Pensiones,21.0,municipio
Valverde,2021,Pensiones,21.0,municipio
Haría,2020,Pensiones,21.0,municipio
Barlovento,2023,Otros ingresos,21.0,municipio
Tazacorte,2022,Pensiones,21.1,municipio
El Hierro,2015,Pensiones,21.1,isla
Los Realejos,2020,Pensiones,21.1,municipio
Valverde,2016,Pensiones,21.1,municipio
La Victoria de Acentejo,2017,Pensiones,21.1,municipio
La Victoria de Acentejo,2020,Pensiones,21.1,municipio
Moya,2017,Pensiones,21.1,municipio
Alajeró,2022,Pensiones,21.1,municipio
Adeje,2023,Otros ingresos,21.1,municipio
Valverde,2018,Pensiones,21.1,municipio
Valverde,2015,Pensiones,21.1,municipio
La Orotava,2015,Pensiones,21.1,municipio
Güímar,2017,Pensiones,21.2,municipio
Tijarafe,2018,Pensiones,21.2,municipio
Puntallana,2021,Pensiones,21.2,municipio
Santa María de Guía de Gran Canaria,2022,Pensiones,21.2,municipio
Alajeró,2023,Pensiones,21.2,municipio
Güímar,2016,Pensiones,21.2,municipio
Santa Brígida,2021,Otros ingresos,21.2,municipio
Moya,2020,Pensiones,21.3,municipio
El Tanque,2022,Pensiones,21.3,municipio
El Tanque,2023,Pensiones,21.3,municipio
Villa de Mazo,2015,Pensiones,21.3,municipio
Tías,2015,Otros ingresos,21.3,municipio
El Pinar de El Hierro,2018,Pensiones,21.3,municipio
Tijarafe,2019,Pensiones,21.3,municipio
Santa María de Guía de Gran Canaria,2019,Pensiones,21.3,municipio
El Paso,2016,Pensiones,21.3,municipio
Alajeró,2020,Pensiones,21.3,municipio
Tazacorte,2023,Pensiones,21.3,municipio
La Gomera,2020,Pensiones,21.3,isla
Santa Brígida,2020,Otros ingresos,21.3,municipio
Santa María de Guía de Gran Canaria,2020,Pensiones,21.4,municipio
Valverde,2022,Pensiones,21.4,municipio
Gáldar,2015,Pensiones,21.4,municipio
Valle Gran Rey,2020,Pensiones,21.4,municipio
Los Realejos,2016,Pensiones,21.4,municipio
Valle Gran Rey,2023,Otros ingresos,21.4,municipio
Betancuria,2018,Otros ingresos,21.4,municipio
Santa María de Guía de Gran Canaria,2017,Pensiones,21.4,municipio
Santa María de Guía de Gran Canaria,2023,Pensiones,21.4,municipio
Puntallana,2018,Pensiones,21.4,municipio
Haría,2016,Pensiones,21.5,municipio
Arico,2016,Pensiones,21.5,municipio
La Gomera,2015,Pensiones,21.5,isla
La Gomera,2016,Pensiones,21.6,isla
Tijarafe,2017,Pensiones,21.6,municipio
Haría,2017,Pensiones,21.6,municipio
Tías,2021,Otros ingresos,21.6,municipio
Tías,2016,Otros ingresos,21.6,municipio
Santa María de Guía de Gran Canaria,2016,Pensiones,21.6,municipio
San Andrés y Sauces,2018,Otros ingresos,21.6,municipio
La Palma,2016,Pensiones,21.7,isla
La Oliva,2022,Otros ingresos,21.7,municipio
Vilaflor de Chasna,2015,Pensiones,21.7,municipio
Betancuria,2021,Pensiones,21.7,municipio
Fuencaliente de La Palma,2019,Pensiones,21.7,municipio
Alajeró,2021,Pensiones,21.8,municipio
Vilaflor de Chasna,2023,Pensiones,21.8,municipio
Betancuria,2016,Pensiones,21.9,municipio
Haría,2015,Pensiones,21.9,municipio
El Tanque,2019,Pensiones,21.9,municipio
Arafo,2016,Pensiones,21.9,municipio
Santa María de Guía de Gran Canaria,2015,Pensiones,21.9,municipio
El Paso,2015,Pensiones,22.0,municipio
Puntallana,2016,Pensiones,22.0,municipio
Los Realejos,2015,Pensiones,22.0,municipio
Tijarafe,2016,Otros ingresos,22.0,municipio
La Oliva,2023,Otros ingresos,22.0,municipio
Fuencaliente de La Palma,2022,Pensiones,22.0,municipio
La Victoria de Acentejo,2016,Pensiones,22.0,municipio
Betancuria,2015,Pensiones,22.0,municipio
El Pinar de El Hierro,2017,Pensiones,22.0,municipio
San Andrés y Sauces,2018,Pensiones,22.1,municipio
Moya,2016,Pensiones,22.1,municipio
Tías,2019,Otros ingresos,22.1,municipio
Valle Gran Rey,2022,Otros ingresos,22.1,municipio
Güímar,2015,Pensiones,22.1,municipio
Puntallana,2015,Pensiones,22.2,municipio
Vilaflor de Chasna,2018,Pensiones,22.2,municipio
El Pinar de El Hierro,2016,Pensiones,22.2,municipio
Tías,2017,Otros ingresos,22.2,municipio
Tijarafe,2023,Pensiones,22.3,municipio
Agaete,2023,Pensiones,22.3,municipio
La Palma,2015,Pensiones,22.3,isla
Betancuria,2020,Pensiones,22.3,municipio
Tías,2018,Otros ingresos,22.4,municipio
Yaiza,2020,Prestaciones por desempleo,22.4,municipio
El Tanque,2021,Pensiones,22.4,municipio
Puntagorda,2015,Pensiones,22.4,municipio
Valleseco,2019,Pensiones,22.4,municipio
Arafo,2015,Pensiones,22.4,municipio
La Victoria de Acentejo,2015,Pensiones,22.4,municipio
Agaete,2022,Pensiones,22.4,municipio
Arico,2015,Pensiones,22.4,municipio
El Pinar de El Hierro,2015,Pensiones,22.4,municipio
Fuencaliente de La Palma,2017,Pensiones,22.5,municipio
San Andrés y Sauces,2021,Pensiones,22.5,municipio
Fuencaliente de La Palma,2021,Pensiones,22.5,municipio
Fuencaliente de La Palma,2020,Pensiones,22.5,municipio
Puntagorda,2016,Pensiones,22.5,municipio
Vilaflor de Chasna,2019,Pensiones,22.5,municipio
Vilaflor de Chasna,2016,Pensiones,22.5,municipio
Fuencaliente de La Palma,2018,Pensiones,22.5,municipio
Icod de los Vinos,2019,Pensiones,22.6,municipio
Icod de los Vinos,2018,Pensiones,22.6,municipio
Puntallana,2017,Pensiones,22.7,municipio
Betancuria,2017,Pensiones,22.7,municipio
Vilaflor de Chasna,2017,Pensiones,22.7,municipio
El Tanque,2018,Pensiones,22.7,municipio
Icod de los Vinos,2023,Pensiones,22.7,municipio
Vilaflor de Chasna,2022,Pensiones,22.8,municipio
Valleseco,2018,Pensiones,22.8,municipio
Moya,2015,Pensiones,22.9,municipio
Agaete,2019,Pensiones,22.9,municipio
Barlovento,2023,Pensiones,23.0,municipio
San Andrés y Sauces,2022,Pensiones,23.0,municipio
Agaete,2021,Pensiones,23.0,municipio
El Tanque,2020,Pensiones,23.1,municipio
Tazacorte,2021,Pensiones,23.1,municipio
San Andrés y Sauces,2019,Pensiones,23.1,municipio
San Andrés y Sauces,2023,Pensiones,23.1,municipio
Tías,2022,Otros ingresos,23.1,municipio
La Guancha,2023,Pensiones,23.2,municipio
Fuencaliente de La Palma,2023,Pensiones,23.2,municipio
Tijarafe,2016,Pensiones,23.2,municipio
Valleseco,2021,Pensiones,23.2,municipio
Icod de los Vinos,2017,Pensiones,23.3,municipio
La Guancha,2018,Pensiones,23.3,municipio
Icod de los Vinos,2022,Pensiones,23.3,municipio
La Guancha,2022,Pensiones,23.4,municipio
La Guancha,2021,Pensiones,23.4,municipio
Barlovento,2022,Pensiones,23.4,municipio
Santa Cruz de La Palma,2022,Pensiones,23.4,municipio
Fasnia,2023,Pensiones,23.4,municipio
San Andrés y Sauces,2017,Pensiones,23.5,municipio
Fasnia,2022,Pensiones,23.5,municipio
Icod de los Vinos,2021,Pensiones,23.5,municipio
San Andrés y Sauces,2020,Pensiones,23.5,municipio
Tijarafe,2022,Otros ingresos,23.6,municipio
Santa Cruz de La Palma,2021,Pensiones,23.6,municipio
Santa Brígida,2018,Otros ingresos,23.6,municipio
Tijarafe,2023,Otros ingresos,23.6,municipio
Santa Cruz de La Palma,2023,Pensiones,23.7,municipio
La Guancha,2019,Pensiones,23.7,municipio
La Guancha,2017,Pensiones,23.7,municipio
Artenara,2021,Pensiones,23.7,municipio
Agaete,2020,Pensiones,23.8,municipio
Valleseco,2022,Pensiones,23.8,municipio
Artenara,2023,Pensiones,23.8,municipio
Valleseco,2020,Pensiones,23.8,municipio
Valleseco,2023,Pensiones,23.8,municipio
Fuencaliente de La Palma,2015,Pensiones,23.8,municipio
La Aldea de San Nicolás,2023,Pensiones,23.9,municipio
Santa Brígida,2016,Otros ingresos,23.9,municipio
Icod de los Vinos,2016,Pensiones,23.9,municipio
La Guancha,2020,Pensiones,23.9,municipio
El Tanque,2016,Pensiones,23.9,municipio
Betancuria,2022,Otros ingresos,23.9,municipio
Valleseco,2015,Pensiones,23.9,municipio
Icod de los Vinos,2020,Pensiones,23.9,municipio
El Tanque,2017,Pensiones,23.9,municipio
Valleseco,2016,Pensiones,24.0,municipio
Santa Brígida,2023,Otros ingresos,24.0,municipio
Santa Cruz de La Palma,2019,Pensiones,24.0,municipio
Fasnia,2021,Pensiones,24.1,municipio
Valleseco,2017,Pensiones,24.1,municipio
Tazacorte,2019,Pensiones,24.1,municipio
Santa Brígida,2017,Otros ingresos,24.1,municipio
Barlovento,2021,Pensiones,24.1,municipio
San Andrés y Sauces,2016,Pensiones,24.1,municipio
La Aldea de San Nicolás,2018,Pensiones,24.2,municipio
Santa Brígida,2022,Otros ingresos,24.2,municipio
Agaete,2016,Pensiones,24.2,municipio
Tijarafe,2019,Otros ingresos,24.2,municipio
Buenavista del Norte,2019,Pensiones,24.2,municipio
Buenavista del Norte,2017,Pensiones,24.3,municipio
La Aldea de San Nicolás,2022,Pensiones,24.3,municipio
La Aldea de San Nicolás,2019,Pensiones,24.3,municipio
Artenara,2019,Pensiones,24.4,municipio
Tazacorte,2018,Pensiones,24.4,municipio
Agaete,2017,Pensiones,24.4,municipio
Santa Cruz de La Palma,2018,Pensiones,24.4,municipio
Tías,2023,Otros ingresos,24.4,municipio
Agaete,2018,Pensiones,24.5,municipio
Barlovento,2020,Pensiones,24.5,municipio
Agaete,2015,Pensiones,24.5,municipio
Artenara,2022,Pensiones,24.6,municipio
Santa Cruz de La Palma,2020,Pensiones,24.6,municipio
Tijarafe,2015,Pensiones,24.6,municipio
Garachico,2022,Pensiones,24.6,municipio
Artenara,2017,Pensiones,24.7,municipio
Artenara,2018,Pensiones,24.7,municipio
Tijarafe,2017,Otros ingresos,24.7,municipio
Buenavista del Norte,2018,Pensiones,24.8,municipio
Tazacorte,2017,Pensiones,24.8,municipio
La Aldea de San Nicolás,2021,Pensiones,24.8,municipio
Santa Cruz de La Palma,2016,Pensiones,24.8,municipio
Santa Cruz de La Palma,2017,Pensiones,24.8,municipio
Artenara,2020,Pensiones,24.9,municipio
Icod de los Vinos,2015,Pensiones,24.9,municipio
Barlovento,2018,Pensiones,24.9,municipio
Fuencaliente de La Palma,2016,Pensiones,24.9,municipio
La Aldea de San Nicolás,2017,Pensiones,24.9,municipio
Los Silos,2020,Pensiones,25.0,municipio
El Tanque,2015,Pensiones,25.0,municipio
Artenara,2015,Pensiones,25.0,municipio
San Andrés y Sauces,2015,Pensiones,25.0,municipio
Garachico,2018,Pensiones,25.1,municipio
Tazacorte,2020,Pensiones,25.1,municipio
Buenavista del Norte,2016,Pensiones,25.1,municipio
Hermigua,2023,Pensiones,25.1,municipio
Barlovento,2019,Pensiones,25.1,municipio
Santa Cruz de La Palma,2015,Pensiones,25.1,municipio
Tijarafe,2020,Otros ingresos,25.2,municipio
Buenavista del Norte,2023,Pensiones,25.2,municipio
Tijarafe,2021,Otros ingresos,25.2,municipio
Vilaflor de Chasna,2021,Pensiones,25.2,municipio
La Aldea de San Nicolás,2020,Pensiones,25.2,municipio
Santa Brígida,2019,Otros ingresos,25.2,municipio
Buenavista del Norte,2022,Pensiones,25.2,municipio
Garachico,2019,Pensiones,25.2,municipio
Vilaflor de Chasna,2020,Pensiones,25.3,municipio
Artenara,2016,Pensiones,25.4,municipio
Hermigua,2019,Pensiones,25.4,municipio
Fasnia,2019,Pensiones,25.4,municipio
Los Silos,2019,Pensiones,25.4,municipio
Puerto de la Cruz,2023,Pensiones,25.5,municipio
Garachico,2017,Pensiones,25.5,municipio
Puerto de la Cruz,2018,Pensiones,25.5,municipio
Puerto de la Cruz,2017,Pensiones,25.6,municipio
Tazacorte,2016,Pensiones,25.6,municipio
Hermigua,2022,Pensiones,25.7,municipio
Puerto de la Cruz,2022,Pensiones,25.8,municipio
La Guancha,2015,Pensiones,25.8,municipio
Fasnia,2015,Pensiones,25.8,municipio
Puerto de la Cruz,2016,Pensiones,25.8,municipio
Puerto de la Cruz,2019,Pensiones,25.9,municipio
Garachico,2023,Pensiones,25.9,municipio
La Guancha,2016,Pensiones,25.9,municipio
La Aldea de San Nicolás,2016,Pensiones,25.9,municipio
Buenavista del Norte,2021,Pensiones,25.9,municipio
Pájara,2020,Prestaciones por desempleo,26.0,municipio
Buenavista del Norte,2020,Pensiones,26.1,municipio
Puerto de la Cruz,2015,Pensiones,26.1,municipio
Garachico,2016,Pensiones,26.1,municipio
Fasnia,2018,Pensiones,26.1,municipio
Hermigua,2018,Pensiones,26.2,municipio
Buenavista del Norte,2015,Pensiones,26.2,municipio
Tijarafe,2018,Otros ingresos,26.2,municipio
La Aldea de San Nicolás,2015,Pensiones,26.2,municipio
Garachico,2021,Pensiones,26.2,municipio
Los Silos,2022,Pensiones,26.3,municipio
Los Silos,2021,Pensiones,26.3,municipio
Hermigua,2021,Pensiones,26.3,municipio
Garachico,2015,Pensiones,26.5,municipio
Los Silos,2023,Pensiones,26.5,municipio
Puerto de la Cruz,2021,Pensiones,26.5,municipio
Fasnia,2020,Pensiones,26.7,municipio
Garachico,2020,Pensiones,26.7,municipio
Tejeda,2019,Pensiones,26.7,municipio
Hermigua,2020,Pensiones,26.8,municipio
Barlovento,2017,Pensiones,26.8,municipio
Los Silos,2017,Pensiones,26.8,municipio
Agulo,2023,Pensiones,26.9,municipio
Hermigua,2017,Pensiones,26.9,municipio
Fasnia,2017,Pensiones,27.0,municipio
Tazacorte,2015,Pensiones,27.1,municipio
Barlovento,2015,Pensiones,27.4,municipio
Vallehermoso,2019,Pensiones,27.5,municipio
Tejeda,2018,Pensiones,27.6,municipio
Barlovento,2016,Pensiones,27.8,municipio
Vallehermoso,2023,Pensiones,27.8,municipio
Tejeda,2017,Pensiones,27.8,municipio
Hermigua,2015,Pensiones,27.9,municipio
Los Silos,2016,Pensiones,28.0,municipio
Fasnia,2016,Pensiones,28.1,municipio
Vallehermoso,2021,Pensiones,28.2,municipio
Vallehermoso,2022,Pensiones,28.3,municipio
Tejeda,2023,Pensiones,28.3,municipio
Vallehermoso,2018,Pensiones,28.3,municipio
Tejeda,2016,Pensiones,28.5,municipio
Puerto de la Cruz,2020,Pensiones,28.6,municipio
Agulo,2018,Pensiones,28.8,municipio
Tejeda,2020,Pensiones,28.9,municipio
Agulo,2022,Pensiones,28.9,municipio
Los Silos,2015,Pensiones,28.9,municipio
Agulo,2019,Pensiones,29.0,municipio
Vallehermoso,2020,Pensiones,29.1,municipio
Garafía,2022,Pensiones,29.2,municipio
Hermigua,2016,Pensiones,29.2,municipio
Tejeda,2021,Pensiones,29.2,municipio
Tejeda,2022,Pensiones,29.4,municipio
Agulo,2021,Pensiones,29.5,municipio
Vallehermoso,2017,Pensiones,29.8,municipio
Tejeda,2015,Pensiones,30.2,municipio
Garafía,2023,Pensiones,30.2,municipio
Garafía,2021,Pensiones,30.2,municipio
Agulo,2020,Pensiones,30.3,municipio
Agulo,2016,Pensiones,30.6,municipio
Agulo,2015,Pensiones,31.6,municipio
Vallehermoso,2016,Pensiones,31.7,municipio
Garafía,2020,Pensiones,32.0,municipio
Vallehermoso,2015,Pensiones,32.3,municipio
Agulo,2017,Pensiones,32.8,municipio
Garafía,2019,Pensiones,33.6,municipio
Garafía,2018,Pensiones,34.6,municipio
Garafía,2017,Pensiones,35.3,municipio
Garafía,2016,Pensiones,37.0,municipio
Garafía,2015,Pensiones,38.1,municipio
Garafía,2015,Sueldos y salarios,40.8,municipio
Garafía,2016,Sueldos y salarios,41.4,municipio
Garafía,2017,Sueldos y salarios,42.9,municipio
Garafía,2018,Sueldos y salarios,43.5,municipio
Puerto de la Cruz,2020,Sueldos y salarios,44.3,municipio
Garafía,2019,Sueldos y salarios,45.0,municipio
Tijarafe,2018,Sueldos y salarios,45.5,municipio
Tijarafe,2020,Sueldos y salarios,45.5,municipio
Vallehermoso,2015,Sueldos y salarios,45.6,municipio
Mogán,2020,Sueldos y salarios,45.8,municipio
Valle Gran Rey,2020,Sueldos y salarios,45.9,municipio
Vallehermoso,2020,Sueldos y salarios,46.0,municipio
Garafía,2023,Sueldos y salarios,46.3,municipio
Garafía,2020,Sueldos y salarios,46.3,municipio
Tijarafe,2017,Sueldos y salarios,46.5,municipio
Betancuria,2020,Sueldos y salarios,46.6,municipio
Agulo,2020,Sueldos y salarios,46.6,municipio
Puerto de la Cruz,2021,Sueldos y salarios,46.6,municipio
Tijarafe,2021,Sueldos y salarios,46.7,municipio
Vallehermoso,2016,Sueldos y salarios,46.7,municipio
Valle Gran Rey,2021,Sueldos y salarios,46.9,municipio
Agulo,2021,Sueldos y salarios,47.0,municipio
Tijarafe,2016,Sueldos y salarios,47.1,municipio
Tijarafe,2023,Sueldos y salarios,47.3,municipio
Tijarafe,2015,Sueldos y salarios,47.3,municipio
Mogán,2021,Sueldos y salarios,47.4,municipio
Barlovento,2020,Sueldos y salarios,47.5,municipio
Agulo,2017,Sueldos y salarios,47.7,municipio
San Bartolomé de Tirajana,2020,Sueldos y salarios,47.7,municipio
Tejeda,2020,Sueldos y salarios,47.7,municipio
Tijarafe,2019,Sueldos y salarios,47.8,municipio
Santiago del Teide,2020,Sueldos y salarios,47.9,municipio
Betancuria,2021,Sueldos y salarios,47.9,municipio
Buenavista del Norte,2020,Sueldos y salarios,48.1,municipio
Tijarafe,2022,Sueldos y salarios,48.1,municipio
Tejeda,2021,Sueldos y salarios,48.1,municipio
Barlovento,2021,Sueldos y salarios,48.2,municipio
Puerto de la Cruz,2022,Sueldos y salarios,48.3,municipio
Barlovento,2018,Sueldos y salarios,48.4,municipio
El Tanque,2020,Sueldos y salarios,48.5,municipio
Garafía,2021,Sueldos y salarios,48.5,municipio
Vilaflor de Chasna,2021,Sueldos y salarios,48.8,municipio
Arona,2020,Sueldos y salarios,49.0,municipio
Vilaflor de Chasna,2020,Sueldos y salarios,49.1,municipio
Vallehermoso,2017,Sueldos y salarios,49.1,municipio
Vallehermoso,2021,Sueldos y salarios,49.1,municipio
Garafía,2022,Sueldos y salarios,49.1,municipio
Garachico,2020,Sueldos y salarios,49.1,municipio
Buenavista del Norte,2021,Sueldos y salarios,49.2,municipio
Hermigua,2020,Sueldos y salarios,49.2,municipio
Tejeda,2015,Sueldos y salarios,49.2,municipio
Agulo,2022,Sueldos y salarios,49.3,municipio
Puerto de la Cruz,2023,Sueldos y salarios,49.4,municipio
Agulo,2016,Sueldos y salarios,49.5,municipio
San Bartolomé de Tirajana,2021,Sueldos y salarios,49.7,municipio
Agulo,2015,Sueldos y salarios,49.8,municipio
Barlovento,2015,Sueldos y salarios,49.8,municipio
Agulo,2018,Sueldos y salarios,49.8,municipio
La Aldea de San Nicolás,2020,Sueldos y salarios,49.8,municipio
Adeje,2020,Sueldos y salarios,49.9,municipio
Tejeda,2023,Sueldos y salarios,49.9,municipio
Tejeda,2022,Sueldos y salarios,49.9,municipio
Barlovento,2023,Sueldos y salarios,49.9,municipio
Vallehermoso,2018,Sueldos y salarios,49.9,municipio
Santiago del Teide,2021,Sueldos y salarios,50.0,municipio
Yaiza,2020,Sueldos y salarios,50.1,municipio
Puerto de la Cruz,2019,Sueldos y salarios,50.2,municipio
Barlovento,2019,Sueldos y salarios,50.3,municipio
San Andrés y Sauces,2018,Sueldos y salarios,50.3,municipio
Barlovento,2016,Sueldos y salarios,50.4,municipio
Puerto de la Cruz,2015,Sueldos y salarios,50.4,municipio
Tías,2021,Sueldos y salarios,50.5,municipio
Fuencaliente de La Palma,2020,Sueldos y salarios,50.5,municipio
Puerto de la Cruz,2018,Sueldos y salarios,50.5,municipio
Tazacorte,2015,Sueldos y salarios,50.6,municipio
Tazacorte,2020,Sueldos y salarios,50.6,municipio
Guía de Isora,2020,Sueldos y salarios,50.7,municipio
San Andrés y Sauces,2020,Sueldos y salarios,50.7,municipio
Tejeda,2016,Sueldos y salarios,50.8,municipio
Tejeda,2019,Sueldos y salarios,50.8,municipio
Barlovento,2017,Sueldos y salarios,50.8,municipio
Agulo,2019,Sueldos y salarios,50.9,municipio
Hermigua,2016,Sueldos y salarios,50.9,municipio
Puerto de la Cruz,2017,Sueldos y salarios,50.9,municipio
Icod de los Vinos,2020,Sueldos y salarios,51.0,municipio
La Aldea de San Nicolás,2021,Sueldos y salarios,51.0,municipio
Buenavista del Norte,2022,Sueldos y salarios,51.0,municipio
Betancuria,2022,Sueldos y salarios,51.0,municipio
La Oliva,2020,Sueldos y salarios,51.0,municipio
Agulo,2023,Sueldos y salarios,51.1,municipio
La Aldea de San Nicolás,2015,Sueldos y salarios,51.1,municipio
Tazacorte,2021,Sueldos y salarios,51.1,municipio
Pájara,2020,Sueldos y salarios,51.1,municipio
Tías,2020,Sueldos y salarios,51.1,municipio
Vallehermoso,2022,Sueldos y salarios,51.1,municipio
Puerto de la Cruz,2016,Sueldos y salarios,51.2,municipio
El Tanque,2021,Sueldos y salarios,51.3,municipio
Tazacorte,2018,Sueldos y salarios,51.3,municipio
Garachico,2021,Sueldos y salarios,51.3,municipio
Tazacorte,2017,Sueldos y salarios,51.4,municipio
Los Silos,2021,Sueldos y salarios,51.4,municipio
Barlovento,2022,Sueldos y salarios,51.4,municipio
Vallehermoso,2019,Sueldos y salarios,51.5,municipio
Buenavista del Norte,2015,Sueldos y salarios,51.6,municipio
Valle Gran Rey,2022,Sueldos y salarios,51.6,municipio
San Andrés y Sauces,2015,Sueldos y salarios,51.6,municipio
Tazacorte,2016,Sueldos y salarios,51.6,municipio
Betancuria,2018,Sueldos y salarios,51.6,municipio
Hermigua,2021,Sueldos y salarios,51.7,municipio
Arona,2021,Sueldos y salarios,51.7,municipio
Tejeda,2017,Sueldos y salarios,51.8,municipio
Tazacorte,2023,Sueldos y salarios,51.9,municipio
San Andrés y Sauces,2021,Sueldos y salarios,51.9,municipio
Puntagorda,2020,Sueldos y salarios,52.1,municipio
Tejeda,2018,Sueldos y salarios,52.1,municipio
Adeje,2021,Sueldos y salarios,52.1,municipio
Vallehermoso,2023,Sueldos y salarios,52.2,municipio
San Andrés y Sauces,2017,Sueldos y salarios,52.2,municipio
El Paso,2020,Sueldos y salarios,52.2,municipio
Valle Gran Rey,2023,Sueldos y salarios,52.3,municipio
La Aldea de San Nicolás,2023,Sueldos y salarios,52.4,municipio
Puntagorda,2023,Sueldos y salarios,52.6,municipio
El Paso,2017,Sueldos y salarios,52.6,municipio
Tazacorte,2022,Sueldos y salarios,52.6,municipio
San Andrés y Sauces,2023,Sueldos y salarios,52.7,municipio
Fasnia,2020,Sueldos y salarios,52.7,municipio
La Aldea de San Nicolás,2016,Sueldos y salarios,52.7,municipio
San Andrés y Sauces,2016,Sueldos y salarios,52.8,municipio
Yaiza,2021,Sueldos y salarios,52.8,municipio
Betancuria,2019,Sueldos y salarios,52.8,municipio
Icod de los Vinos,2021,Sueldos y salarios,52.8,municipio
Hermigua,2018,Sueldos y salarios,52.8,municipio
San Andrés y Sauces,2022,Sueldos y salarios,52.8,municipio
Puntagorda,2018,Sueldos y salarios,52.9,municipio
Hermigua,2015,Sueldos y salarios,52.9,municipio
Los Silos,2020,Sueldos y salarios,53.0,municipio
La Aldea de San Nicolás,2022,Sueldos y salarios,53.0,municipio
Los Llanos de Aridane,2020,Sueldos y salarios,53.1,municipio
Buenavista del Norte,2023,Sueldos y salarios,53.1,municipio
La Aldea de San Nicolás,2019,Sueldos y salarios,53.1,municipio
El Paso,2023,Sueldos y salarios,53.1,municipio
Puntagorda,2021,Sueldos y salarios,53.2,municipio
Valle Gran Rey,2019,Sueldos y salarios,53.2,municipio
Tazacorte,2019,Sueldos y salarios,53.2,municipio
San Andrés y Sauces,2019,Sueldos y salarios,53.2,municipio
Buenavista del Norte,2016,Sueldos y salarios,53.3,municipio
Betancuria,2023,Sueldos y salarios,53.3,municipio
Puntagorda,2015,Sueldos y salarios,53.3,municipio
Buenavista del Norte,2018,Sueldos y salarios,53.3,municipio
La Aldea de San Nicolás,2017,Sueldos y salarios,53.3,municipio
Fuencaliente de La Palma,2015,Sueldos y salarios,53.3,municipio
El Paso,2018,Sueldos y salarios,53.4,municipio
Puntagorda,2017,Sueldos y salarios,53.5,municipio
Valle Gran Rey,2018,Sueldos y salarios,53.5,municipio
Hermigua,2017,Sueldos y salarios,53.5,municipio
Garachico,2015,Sueldos y salarios,53.6,municipio
Fuencaliente de La Palma,2021,Sueldos y salarios,53.7,municipio
La Oliva,2021,Sueldos y salarios,53.7,municipio
El Paso,2022,Sueldos y salarios,53.7,municipio
Alajeró,2020,Sueldos y salarios,53.8,municipio
El Paso,2021,Sueldos y salarios,53.8,municipio
Los Silos,2015,Sueldos y salarios,53.8,municipio
Fuencaliente de La Palma,2018,Sueldos y salarios,53.8,municipio
Fuencaliente de La Palma,2016,Sueldos y salarios,53.9,municipio
Los Silos,2022,Sueldos y salarios,53.9,municipio
Guía de Isora,2021,Sueldos y salarios,53.9,municipio
El Paso,2019,Sueldos y salarios,53.9,municipio
La Aldea de San Nicolás,2018,Sueldos y salarios,53.9,municipio
Garachico,2022,Sueldos y salarios,54.0,municipio
Buenavista del Norte,2017,Sueldos y salarios,54.3,municipio
Santa Brígida,2020,Sueldos y salarios,54.3,municipio
Hermigua,2019,Sueldos y salarios,54.3,municipio
El Paso,2016,Sueldos y salarios,54.3,municipio
Hermigua,2022,Sueldos y salarios,54.3,municipio
Valle Gran Rey,2015,Sueldos y salarios,54.4,municipio
Puntagorda,2016,Sueldos y salarios,54.5,municipio
Los Llanos de Aridane,2021,Sueldos y salarios,54.5,municipio
Los Silos,2017,Sueldos y salarios,54.5,municipio
Icod de los Vinos,2015,Sueldos y salarios,54.6,municipio
Santa Brígida,2023,Sueldos y salarios,54.6,municipio
La Guancha,2020,Sueldos y salarios,54.6,municipio
Valle Gran Rey,2016,Sueldos y salarios,54.7,municipio
Los Llanos de Aridane,2022,Sueldos y salarios,54.7,municipio
Santa Brígida,2022,Sueldos y salarios,54.7,municipio
El Paso,2015,Sueldos y salarios,54.8,municipio
Los Realejos,2020,Sueldos y salarios,54.8,municipio
Los Silos,2016,Sueldos y salarios,54.8,municipio
Moya,2015,Sueldos y salarios,54.8,municipio
Buenavista del Norte,2019,Sueldos y salarios,54.8,municipio
Santa Brígida,2019,Sueldos y salarios,54.8,municipio
Tuineje,2020,Sueldos y salarios,54.9,municipio
Garachico,2016,Sueldos y salarios,55.0,municipio
Valleseco,2015,Sueldos y salarios,55.0,municipio
La Orotava,2020,Sueldos y salarios,55.0,municipio
San Miguel de Abona,2020,Sueldos y salarios,55.0,municipio
Moya,2023,Sueldos y salarios,55.1,municipio
Garachico,2019,Sueldos y salarios,55.2,municipio
Garachico,2017,Sueldos y salarios,55.2,municipio
Garachico,2018,Sueldos y salarios,55.2,municipio
La Palma,2020,Sueldos y salarios,55.2,isla
Haría,2020,Sueldos y salarios,55.2,municipio
Moya,2020,Sueldos y salarios,55.2,municipio
Valle Gran Rey,2017,Sueldos y salarios,55.2,municipio
Garachico,2023,Sueldos y salarios,55.3,municipio
Valleseco,2020,Sueldos y salarios,55.3,municipio
Hermigua,2023,Sueldos y salarios,55.3,municipio
El Tanque,2015,Sueldos y salarios,55.3,municipio
La Gomera,2020,Sueldos y salarios,55.4,isla
Los Silos,2023,Sueldos y salarios,55.4,municipio
Fuencaliente de La Palma,2017,Sueldos y salarios,55.4,municipio
Santa Brígida,2018,Sueldos y salarios,55.5,municipio
Los Llanos de Aridane,2017,Sueldos y salarios,55.5,municipio
Los Llanos de Aridane,2018,Sueldos y salarios,55.5,municipio
Los Llanos de Aridane,2016,Sueldos y salarios,55.5,municipio
Haría,2021,Sueldos y salarios,55.5,municipio
Fuencaliente de La Palma,2023,Sueldos y salarios,55.6,municipio
Los Llanos de Aridane,2023,Sueldos y salarios,55.6,municipio
Betancuria,2016,Sueldos y salarios,55.6,municipio
Los Silos,2019,Sueldos y salarios,55.6,municipio
Los Llanos de Aridane,2015,Sueldos y salarios,55.7,municipio
Puntagorda,2022,Sueldos y salarios,55.7,municipio
Santa Brígida,2017,Sueldos y salarios,55.8,municipio
Santa Cruz de Tenerife,2020,Sueldos y salarios,55.8,municipio
Puntagorda,2019,Sueldos y salarios,55.8,municipio
Santa Lucía de Tirajana,2020,Sueldos y salarios,55.8,municipio
Vilaflor de Chasna,2018,Sueldos y salarios,56.0,municipio
Vilaflor de Chasna,2022,Sueldos y salarios,56.0,municipio
La Victoria de Acentejo,2020,Sueldos y salarios,56.0,municipio
Moya,2021,Sueldos y salarios,56.1,municipio
Valleseco,2023,Sueldos y salarios,56.1,municipio
Icod de los Vinos,2016,Sueldos y salarios,56.1,municipio
Icod de los Vinos,2022,Sueldos y salarios,56.1,municipio
Moya,2022,Sueldos y salarios,56.1,municipio
San Juan de la Rambla,2020,Sueldos y salarios,56.1,municipio
Tenerife,2020,Sueldos y salarios,56.2,isla
San Bartolomé de Tirajana,2023,Sueldos y salarios,56.2,municipio
Santa Brígida,2021,Sueldos y salarios,56.3,municipio
Fasnia,2016,Sueldos y salarios,56.3,municipio
Valleseco,2016,Sueldos y salarios,56.3,municipio
Santa Cruz de La Palma,2020,Sueldos y salarios,56.3,municipio
Los Llanos de Aridane,2019,Sueldos y salarios,56.3,municipio
Valleseco,2017,Sueldos y salarios,56.4,municipio
Santa Brígida,2016,Sueldos y salarios,56.4,municipio
Valleseco,2021,Sueldos y salarios,56.4,municipio
Moya,2017,Sueldos y salarios,56.5,municipio
Betancuria,2017,Sueldos y salarios,56.5,municipio
Antigua,2020,Sueldos y salarios,56.5,municipio
Fuencaliente de La Palma,2019,Sueldos y salarios,56.6,municipio
Vilaflor de Chasna,2019,Sueldos y salarios,56.6,municipio
Betancuria,2015,Sueldos y salarios,56.6,municipio
Canarias,2020,Sueldos y salarios,56.6,isla
Vilaflor de Chasna,2016,Sueldos y salarios,56.7,municipio
La Palma,2021,Sueldos y salarios,56.7,isla
La Orotava,2021,Sueldos y salarios,56.7,municipio
La Guancha,2021,Sueldos y salarios,56.7,municipio
Las Palmas de Gran Canaria,2020,Sueldos y salarios,56.7,municipio
Vilaflor de Chasna,2017,Sueldos y salarios,56.7,municipio
Icod de los Vinos,2017,Sueldos y salarios,56.8,municipio
Agaete,2020,Sueldos y salarios,56.8,municipio
Alajeró,2021,Sueldos y salarios,56.8,municipio
Haría,2022,Sueldos y salarios,56.8,municipio
Vilaflor de Chasna,2015,Sueldos y salarios,56.8,municipio
Los Realejos,2021,Sueldos y salarios,56.8,municipio
Valleseco,2022,Sueldos y salarios,56.9,municipio
Arrecife,2020,Sueldos y salarios,56.9,municipio
Las Palmas,2020,Sueldos y salarios,56.9,provincia
San Bartolomé de Tirajana,2022,Sueldos y salarios,56.9,municipio
Gran Canaria,2020,Sueldos y salarios,56.9,isla
La Gomera,2021,Sueldos y salarios,57.0,isla
Granadilla de Abona,2020,Sueldos y salarios,57.0,municipio
Santa Úrsula,2020,Sueldos y salarios,57.0,municipio
Puntallana,2020,Sueldos y salarios,57.0,municipio
Fasnia,2021,Sueldos y salarios,57.0,municipio
Fasnia,2017,Sueldos y salarios,57.0,municipio
Fuencaliente de La Palma,2022,Sueldos y salarios,57.0,municipio
Puntallana,2015,Sueldos y salarios,57.1,municipio
Moya,2016,Sueldos y salarios,57.1,municipio
Icod de los Vinos,2023,Sueldos y salarios,57.1,municipio
Fuerteventura,2020,Sueldos y salarios,57.1,isla
La Palma,2018,Sueldos y salarios,57.1,isla
Lanzarote,2020,Sueldos y salarios,57.1,isla
La Palma,2017,Sueldos y salarios,57.2,isla
Haría,2023,Sueldos y salarios,57.2,municipio
Frontera,2020,Sueldos y salarios,57.2,municipio
Agaete,2023,Sueldos y salarios,57.2,municipio
La Guancha,2015,Sueldos y salarios,57.2,municipio
Puntallana,2018,Sueldos y salarios,57.3,municipio
Icod de los Vinos,2018,Sueldos y salarios,57.3,municipio
Icod de los Vinos,2019,Sueldos y salarios,57.3,municipio
Santa Cruz de Tenerife,2021,Sueldos y salarios,57.3,municipio
Agaete,2017,Sueldos y salarios,57.3,municipio
La Palma,2015,Sueldos y salarios,57.3,isla
La Palma,2023,Sueldos y salarios,57.3,isla
La Victoria de Acentejo,2015,Sueldos y salarios,57.4,municipio
El Tanque,2017,Sueldos y salarios,57.5,municipio
Ingenio,2020,Sueldos y salarios,57.5,municipio
Fasnia,2018,Sueldos y salarios,57.5,municipio
Puntallana,2017,Sueldos y salarios,57.5,municipio
La Palma,2022,Sueldos y salarios,57.6,isla
Moya,2019,Sueldos y salarios,57.6,municipio
La Palma,2016,Sueldos y salarios,57.6,isla
Vilaflor de Chasna,2023,Sueldos y salarios,57.7,municipio
Moya,2018,Sueldos y salarios,57.7,municipio
Agaete,2015,Sueldos y salarios,57.7,municipio
Agaete,2018,Sueldos y salarios,57.7,municipio
Valleseco,2018,Sueldos y salarios,57.8,municipio
Puntallana,2016,Sueldos y salarios,57.8,municipio
Artenara,2023,Sueldos y salarios,57.9,municipio
El Tanque,2016,Sueldos y salarios,57.9,municipio
El Tanque,2022,Sueldos y salarios,57.9,municipio
Tenerife,2021,Sueldos y salarios,57.9,isla
Gáldar,2020,Sueldos y salarios,57.9,municipio
El Tanque,2018,Sueldos y salarios,58.0,municipio
Puntallana,2021,Sueldos y salarios,58.0,municipio
Vega de San Mateo,2020,Sueldos y salarios,58.0,municipio
El Pinar de El Hierro,2020,Sueldos y salarios,58.0,municipio
Agaete,2022,Sueldos y salarios,58.1,municipio
Santa Cruz de Tenerife,2022,Sueldos y salarios,58.1,municipio
Fasnia,2019,Sueldos y salarios,58.1,municipio
La Victoria de Acentejo,2021,Sueldos y salarios,58.1,municipio
La Palma,2019,Sueldos y salarios,58.1,isla
Santa Cruz de La Palma,2021,Sueldos y salarios,58.1,municipio
Artenara,2021,Sueldos y salarios,58.1,municipio
San Juan de la Rambla,2021,Sueldos y salarios,58.1,municipio
Agaete,2019,Sueldos y salarios,58.1,municipio
Santa Cruz de La Palma,2018,Sueldos y salarios,58.2,municipio
Agaete,2016,Sueldos y salarios,58.2,municipio
Frontera,2023,Sueldos y salarios,58.2,municipio
El Tanque,2019,Sueldos y salarios,58.2,municipio
Las Palmas de Gran Canaria,2021,Sueldos y salarios,58.2,municipio
Artenara,2020,Sueldos y salarios,58.2,municipio
El Tanque,2023,Sueldos y salarios,58.2,municipio
Santa María de Guía de Gran Canaria,2020,Sueldos y salarios,58.2,municipio
Arico,2020,Sueldos y salarios,58.3,municipio
San Miguel de Abona,2021,Sueldos y salarios,58.3,municipio
Canarias,2021,Sueldos y salarios,58.3,isla
Tías,2023,Sueldos y salarios,58.3,municipio
El Pinar de El Hierro,2016,Sueldos y salarios,58.3,municipio
La Guancha,2022,Sueldos y salarios,58.3,municipio
Vega de San Mateo,2015,Sueldos y salarios,58.3,municipio
Gáldar,2015,Sueldos y salarios,58.3,municipio
Santa Cruz de La Palma,2017,Sueldos y salarios,58.4,municipio
Santa Cruz de La Palma,2015,Sueldos y salarios,58.4,municipio
La Guancha,2016,Sueldos y salarios,58.4,municipio
Antigua,2021,Sueldos y salarios,58.4,municipio
Pájara,2021,Sueldos y salarios,58.5,municipio
Lanzarote,2021,Sueldos y salarios,58.5,isla
Frontera,2017,Sueldos y salarios,58.6,municipio
El Pinar de El Hierro,2017,Sueldos y salarios,58.6,municipio
Santa Cruz de Tenerife,2023,Sueldos y salarios,58.6,municipio
Gran Canaria,2021,Sueldos y salarios,58.6,isla
Las Palmas de Gran Canaria,2022,Sueldos y salarios,58.6,municipio
Las Palmas de Gran Canaria,2023,Sueldos y salarios,58.6,municipio
Santa Cruz de Tenerife,2019,Sueldos y salarios,58.7,municipio
Santa Cruz de Tenerife,2017,Sueldos y salarios,58.7,municipio
Santa Cruz de Tenerife,2015,Sueldos y salarios,58.7,municipio
Santa Cruz de Tenerife,2016,Sueldos y salarios,58.7,municipio
Santa Cruz de La Palma,2023,Sueldos y salarios,58.7,municipio
Frontera,2018,Sueldos y salarios,58.7,municipio
Tías,2022,Sueldos y salarios,58.7,municipio
Haría,2018,Sueldos y salarios,58.7,municipio
Santa Cruz de Tenerife,2018,Sueldos y salarios,58.8,municipio
Haría,2017,Sueldos y salarios,58.8,municipio
Frontera,2022,Sueldos y salarios,58.8,municipio
Santa Cruz de La Palma,2022,Sueldos y salarios,58.8,municipio
Valleseco,2019,Sueldos y salarios,58.8,municipio
El Pinar de El Hierro,2018,Sueldos y salarios,58.8,municipio
La Orotava,2015,Sueldos y salarios,58.8,municipio
Las Palmas,2021,Sueldos y salarios,58.8,provincia
Santa María de Guía de Gran Canaria,2023,Sueldos y salarios,58.8,municipio
Santa Brígida,2015,Sueldos y salarios,58.9,municipio
Tinajo,2020,Sueldos y salarios,58.9,municipio
Agaete,2021,Sueldos y salarios,58.9,municipio
Santa Úrsula,2021,Sueldos y salarios,58.9,municipio
Frontera,2015,Sueldos y salarios,58.9,municipio
Santa María de Guía de Gran Canaria,2015,Sueldos y salarios,58.9,municipio
Puntallana,2022,Sueldos y salarios,58.9,municipio
El Pinar de El Hierro,2023,Sueldos y salarios,58.9,municipio
Fasnia,2022,Sueldos y salarios,58.9,municipio
El Pinar de El Hierro,2019,Sueldos y salarios,59.0,municipio
El Pinar de El Hierro,2015,Sueldos y salarios,59.0,municipio
Haría,2019,Sueldos y salarios,59.0,municipio
Santa Cruz de La Palma,2016,Sueldos y salarios,59.0,municipio
Puntallana,2023,Sueldos y salarios,59.1,municipio
Vega de San Mateo,2016,Sueldos y salarios,59.1,municipio
Tuineje,2021,Sueldos y salarios,59.1,municipio
La Victoria de Acentejo,2016,Sueldos y salarios,59.1,municipio
Artenara,2017,Sueldos y salarios,59.1,municipio
Santa María de Guía de Gran Canaria,2021,Sueldos y salarios,59.1,municipio
Arico,2021,Sueldos y salarios,59.1,municipio
La Gomera,2015,Sueldos y salarios,59.2,isla
La Gomera,2016,Sueldos y salarios,59.2,isla
Santa María de Guía de Gran Canaria,2022,Sueldos y salarios,59.2,municipio
Santa Cruz de La Palma,2019,Sueldos y salarios,59.2,municipio
Santiago del Teide,2022,Sueldos y salarios,59.2,municipio
Frontera,2019,Sueldos y salarios,59.2,municipio
Vega de San Mateo,2021,Sueldos y salarios,59.2,municipio
Puntallana,2019,Sueldos y salarios,59.2,municipio
El Hierro,2020,Sueldos y salarios,59.2,isla
Villa de Mazo,2020,Sueldos y salarios,59.2,municipio
Gáldar,2016,Sueldos y salarios,59.2,municipio
Artenara,2018,Sueldos y salarios,59.3,municipio
La Orotava,2022,Sueldos y salarios,59.3,municipio
Arrecife,2021,Sueldos y salarios,59.3,municipio
Santa Lucía de Tirajana,2021,Sueldos y salarios,59.4,municipio
La Orotava,2016,Sueldos y salarios,59.4,municipio
Vega de San Mateo,2017,Sueldos y salarios,59.4,municipio
La Guancha,2023,Sueldos y salarios,59.4,municipio
Mogán,2022,Sueldos y salarios,59.4,municipio
San Bartolomé de Tirajana,2019,Sueldos y salarios,59.4,municipio
Haría,2015,Sueldos y salarios,59.4,municipio
Fasnia,2023,Sueldos y salarios,59.4,municipio
Fasnia,2015,Sueldos y salarios,59.5,municipio
Gáldar,2023,Sueldos y salarios,59.5,municipio
El Hierro,2023,Sueldos y salarios,59.5,isla
Haría,2016,Sueldos y salarios,59.5,municipio
Artenara,2022,Sueldos y salarios,59.5,municipio
Frontera,2021,Sueldos y salarios,59.5,municipio
La Orotava,2017,Sueldos y salarios,59.6,municipio
San Bartolomé de Tirajana,2018,Sueldos y salarios,59.6,municipio
Artenara,2015,Sueldos y salarios,59.6,municipio
Artenara,2019,Sueldos y salarios,59.6,municipio
Las Palmas de Gran Canaria,2015,Sueldos y salarios,59.6,municipio
La Guancha,2018,Sueldos y salarios,59.6,municipio
Frontera,2016,Sueldos y salarios,59.6,municipio
Las Palmas de Gran Canaria,2019,Sueldos y salarios,59.6,municipio
Las Palmas de Gran Canaria,2017,Sueldos y salarios,59.7,municipio
La Gomera,2022,Sueldos y salarios,59.7,isla
Vega de San Mateo,2019,Sueldos y salarios,59.7,municipio
Mogán,2023,Sueldos y salarios,59.7,municipio
Artenara,2016,Sueldos y salarios,59.8,municipio
Agüimes,2020,Sueldos y salarios,59.8,municipio
Gáldar,2021,Sueldos y salarios,59.8,municipio
La Gomera,2018,Sueldos y salarios,59.8,isla
Vega de San Mateo,2022,Sueldos y salarios,59.8,municipio
Vega de San Mateo,2018,Sueldos y salarios,59.8,municipio
Gáldar,2017,Sueldos y salarios,59.9,municipio
Gáldar,2022,Sueldos y salarios,59.9,municipio
El Pinar de El Hierro,2021,Sueldos y salarios,59.9,municipio
La Gomera,2023,Sueldos y salarios,59.9,isla
La Guancha,2019,Sueldos y salarios,59.9,municipio
La Orotava,2018,Sueldos y salarios,60.0,municipio
Las Palmas de Gran Canaria,2016,Sueldos y salarios,60.0,municipio
La Orotava,2023,Sueldos y salarios,60.0,municipio
El Pinar de El Hierro,2022,Sueldos y salarios,60.0,municipio
La Gomera,2017,Sueldos y salarios,60.0,isla
Gáldar,2019,Sueldos y salarios,60.1,municipio
Granadilla de Abona,2021,Sueldos y salarios,60.1,municipio
La Guancha,2017,Sueldos y salarios,60.1,municipio
Arafo,2020,Sueldos y salarios,60.1,municipio
Las Palmas de Gran Canaria,2018,Sueldos y salarios,60.1,municipio
Santa María de Guía de Gran Canaria,2017,Sueldos y salarios,60.1,municipio
Ingenio,2021,Sueldos y salarios,60.2,municipio
Villa de Mazo,2021,Sueldos y salarios,60.2,municipio
Santa Úrsula,2022,Sueldos y salarios,60.2,municipio
San Bartolomé de Tirajana,2017,Sueldos y salarios,60.3,municipio
Tacoronte,2020,Sueldos y salarios,60.3,municipio
La Gomera,2019,Sueldos y salarios,60.3,isla
Mogán,2015,Sueldos y salarios,60.3,municipio
El Hierro,2018,Sueldos y salarios,60.3,isla
Santa María de Guía de Gran Canaria,2016,Sueldos y salarios,60.3,municipio
Los Realejos,2015,Sueldos y salarios,60.3,municipio
Gáldar,2018,Sueldos y salarios,60.4,municipio
La Victoria de Acentejo,2022,Sueldos y salarios,60.4,municipio
El Hierro,2022,Sueldos y salarios,60.4,isla
Güímar,2020,Sueldos y salarios,60.4,municipio
Vega de San Mateo,2023,Sueldos y salarios,60.4,municipio
Teror,2020,Sueldos y salarios,60.4,municipio
Gran Canaria,2023,Sueldos y salarios,60.4,isla
Valverde,2023,Sueldos y salarios,60.5,municipio
Gran Canaria,2022,Sueldos y salarios,60.5,isla
San Bartolomé de Tirajana,2015,Sueldos y salarios,60.5,municipio
Fuerteventura,2021,Sueldos y salarios,60.5,isla
El Hierro,2021,Sueldos y salarios,60.6,isla
San Cristóbal de La Laguna,2020,Sueldos y salarios,60.6,municipio
La Orotava,2019,Sueldos y salarios,60.6,municipio
Santa María de Guía de Gran Canaria,2019,Sueldos y salarios,60.6,municipio
La Oliva,2023,Sueldos y salarios,60.6,municipio
San Bartolomé de Tirajana,2016,Sueldos y salarios,60.6,municipio
Firgas,2020,Sueldos y salarios,60.7,municipio
El Hierro,2019,Sueldos y salarios,60.7,isla
El Hierro,2017,Sueldos y salarios,60.7,isla
La Oliva,2022,Sueldos y salarios,60.7,municipio
Los Realejos,2022,Sueldos y salarios,60.8,municipio
La Matanza de Acentejo,2020,Sueldos y salarios,60.8,municipio
Villa de Mazo,2015,Sueldos y salarios,60.8,municipio
Santiago del Teide,2023,Sueldos y salarios,60.8,municipio
La Victoria de Acentejo,2023,Sueldos y salarios,60.8,municipio
Santa María de Guía de Gran Canaria,2018,Sueldos y salarios,60.8,municipio
Los Realejos,2023,Sueldos y salarios,60.8,municipio
Valverde,2020,Sueldos y salarios,60.8,municipio
La Victoria de Acentejo,2017,Sueldos y salarios,60.8,municipio
Tenerife,2022,Sueldos y salarios,60.8,isla
La Victoria de Acentejo,2018,Sueldos y salarios,60.9,municipio
Breña Alta,2020,Sueldos y salarios,60.9,municipio
El Sauzal,2022,Sueldos y salarios,61.0,municipio
Tías,2015,Sueldos y salarios,61.0,municipio
Telde,2020,Sueldos y salarios,61.0,municipio
La Victoria de Acentejo,2019,Sueldos y salarios,61.0,municipio
El Hierro,2016,Sueldos y salarios,61.0,isla
Mogán,2018,Sueldos y salarios,61.0,municipio
Mogán,2019,Sueldos y salarios,61.0,municipio
Tías,2016,Sueldos y salarios,61.1,municipio
Santa Úrsula,2023,Sueldos y salarios,61.1,municipio
Tinajo,2021,Sueldos y salarios,61.1,municipio
Teror,2021,Sueldos y salarios,61.1,municipio
Tacoronte,2021,Sueldos y salarios,61.1,municipio
El Hierro,2015,Sueldos y salarios,61.2,isla
Canarias,2022,Sueldos y salarios,61.2,isla
Tenerife,2023,Sueldos y salarios,61.2,isla
San Juan de la Rambla,2015,Sueldos y salarios,61.2,municipio
Gran Canaria,2015,Sueldos y salarios,61.3,isla
Tías,2017,Sueldos y salarios,61.3,municipio
Canarias,2023,Sueldos y salarios,61.4,isla
Tías,2019,Sueldos y salarios,61.4,municipio
Valsequillo de Gran Canaria,2020,Sueldos y salarios,61.4,municipio
Los Realejos,2018,Sueldos y salarios,61.4,municipio
El Sauzal,2020,Sueldos y salarios,61.5,municipio
Tías,2018,Sueldos y salarios,61.5,municipio
Arafo,2015,Sueldos y salarios,61.5,municipio
Villa de Mazo,2016,Sueldos y salarios,61.5,municipio
Gran Canaria,2019,Sueldos y salarios,61.6,isla
Valverde,2022,Sueldos y salarios,61.6,municipio
Valverde,2021,Sueldos y salarios,61.6,municipio
Los Realejos,2016,Sueldos y salarios,61.6,municipio
El Sauzal,2023,Sueldos y salarios,61.6,municipio
Teror,2015,Sueldos y salarios,61.7,municipio
Tegueste,2020,Sueldos y salarios,61.7,municipio
Gran Canaria,2017,Sueldos y salarios,61.7,isla
Teguise,2020,Sueldos y salarios,61.7,municipio
El Sauzal,2021,Sueldos y salarios,61.8,municipio
Tenerife,2015,Sueldos y salarios,61.8,isla
Las Palmas,2022,Sueldos y salarios,61.8,provincia
Tacoronte,2023,Sueldos y salarios,61.8,municipio
Las Palmas,2023,Sueldos y salarios,61.8,provincia
Los Realejos,2017,Sueldos y salarios,61.8,municipio
San Juan de la Rambla,2022,Sueldos y salarios,61.8,municipio
Valverde,2018,Sueldos y salarios,61.8,municipio
Mogán,2017,Sueldos y salarios,61.8,municipio
San Bartolomé,2020,Sueldos y salarios,61.9,municipio
Gran Canaria,2018,Sueldos y salarios,61.9,isla
Gran Canaria,2016,Sueldos y salarios,61.9,isla
Arafo,2021,Sueldos y salarios,61.9,municipio
Santiago del Teide,2015,Sueldos y salarios,61.9,municipio
Santa Úrsula,2015,Sueldos y salarios,61.9,municipio
Villa de Mazo,2023,Sueldos y salarios,61.9,municipio
San Cristóbal de La Laguna,2021,Sueldos y salarios,61.9,municipio
Alajeró,2022,Sueldos y salarios,62.0,municipio
Teror,2023,Sueldos y salarios,62.0,municipio
Teror,2022,Sueldos y salarios,62.0,municipio
Teror,2017,Sueldos y salarios,62.0,municipio
Firgas,2021,Sueldos y salarios,62.1,municipio
Mogán,2016,Sueldos y salarios,62.1,municipio
Agüimes,2021,Sueldos y salarios,62.1,municipio
Tenerife,2019,Sueldos y salarios,62.1,isla
Valverde,2019,Sueldos y salarios,62.1,municipio
Güímar,2021,Sueldos y salarios,62.2,municipio
Canarias,2015,Sueldos y salarios,62.2,isla
Teror,2019,Sueldos y salarios,62.2,municipio
Tenerife,2016,Sueldos y salarios,62.2,isla
Alajeró,2023,Sueldos y salarios,62.2,municipio
Teror,2016,Sueldos y salarios,62.3,municipio
Los Realejos,2019,Sueldos y salarios,62.3,municipio
Teror,2018,Sueldos y salarios,62.3,municipio
Teguise,2021,Sueldos y salarios,62.3,municipio
Tegueste,2018,Sueldos y salarios,62.3,municipio
Tenerife,2017,Sueldos y salarios,62.3,isla
Tenerife,2018,Sueldos y salarios,62.3,isla
Villa de Mazo,2022,Sueldos y salarios,62.3,municipio
Firgas,2015,Sueldos y salarios,62.4,municipio
Candelaria,2020,Sueldos y salarios,62.4,municipio
Arico,2015,Sueldos y salarios,62.4,municipio
Canarias,2019,Sueldos y salarios,62.5,isla
Santa Úrsula,2017,Sueldos y salarios,62.5,municipio
Arico,2023,Sueldos y salarios,62.5,municipio
Telde,2021,Sueldos y salarios,62.5,municipio
Arona,2022,Sueldos y salarios,62.5,municipio
Tacoronte,2022,Sueldos y salarios,62.5,municipio
San Bartolomé,2021,Sueldos y salarios,62.6,municipio
San Cristóbal de La Laguna,2022,Sueldos y salarios,62.6,municipio
Canarias,2018,Sueldos y salarios,62.7,isla
Valverde,2016,Sueldos y salarios,62.7,municipio
Valverde,2017,Sueldos y salarios,62.7,municipio
Güímar,2015,Sueldos y salarios,62.7,municipio
Adeje,2022,Sueldos y salarios,62.7,municipio
Santa Úrsula,2019,Sueldos y salarios,62.7,municipio
Santa Úrsula,2018,Sueldos y salarios,62.7,municipio
Arafo,2016,Sueldos y salarios,62.7,municipio
San Juan de la Rambla,2016,Sueldos y salarios,62.7,municipio
Alajeró,2019,Sueldos y salarios,62.7,municipio
San Cristóbal de La Laguna,2023,Sueldos y salarios,62.7,municipio
Canarias,2016,Sueldos y salarios,62.7,isla
Adeje,2023,Sueldos y salarios,62.7,municipio
Canarias,2017,Sueldos y salarios,62.7,isla
Las Palmas,2015,Sueldos y salarios,62.8,provincia
Tegueste,2022,Sueldos y salarios,62.8,municipio
Tegueste,2019,Sueldos y salarios,62.8,municipio
Santa Úrsula,2016,Sueldos y salarios,62.8,municipio
La Matanza de Acentejo,2021,Sueldos y salarios,62.8,municipio
Arona,2023,Sueldos y salarios,62.9,municipio
Guía de Isora,2015,Sueldos y salarios,62.9,municipio
Villa de Mazo,2018,Sueldos y salarios,62.9,municipio
Firgas,2023,Sueldos y salarios,62.9,municipio
Tegueste,2021,Sueldos y salarios,62.9,municipio
Alajeró,2018,Sueldos y salarios,62.9,municipio
Arafo,2022,Sueldos y salarios,63.0,municipio
Arico,2022,Sueldos y salarios,63.0,municipio
Las Palmas,2019,Sueldos y salarios,63.1,provincia
Tacoronte,2017,Sueldos y salarios,63.1,municipio
Tegueste,2023,Sueldos y salarios,63.1,municipio
Guía de Isora,2022,Sueldos y salarios,63.1,municipio
Tacoronte,2019,Sueldos y salarios,63.1,municipio
Santiago del Teide,2019,Sueldos y salarios,63.1,municipio
San Juan de la Rambla,2019,Sueldos y salarios,63.1,municipio
Santiago del Teide,2018,Sueldos y salarios,63.2,municipio
Breña Alta,2023,Sueldos y salarios,63.2,municipio
Breña Alta,2021,Sueldos y salarios,63.2,municipio
Villa de Mazo,2017,Sueldos y salarios,63.2,municipio
Valverde,2015,Sueldos y salarios,63.2,municipio
Arafo,2023,Sueldos y salarios,63.2,municipio
Santiago del Teide,2016,Sueldos y salarios,63.2,municipio
Arucas,2020,Sueldos y salarios,63.2,municipio
Villa de Mazo,2019,Sueldos y salarios,63.2,municipio
Valsequillo de Gran Canaria,2021,Sueldos y salarios,63.2,municipio
Firgas,2022,Sueldos y salarios,63.3,municipio
San Juan de la Rambla,2017,Sueldos y salarios,63.3,municipio
San Sebastián de La Gomera,2020,Sueldos y salarios,63.3,municipio
Tacoronte,2015,Sueldos y salarios,63.4,municipio
Firgas,2016,Sueldos y salarios,63.4,municipio
Las Palmas,2017,Sueldos y salarios,63.4,provincia
Puerto del Rosario,2020,Sueldos y salarios,63.4,municipio
El Rosario,2020,Sueldos y salarios,63.4,municipio
San Juan de la Rambla,2023,Sueldos y salarios,63.4,municipio
Arafo,2019,Sueldos y salarios,63.4,municipio
Arafo,2017,Sueldos y salarios,63.4,municipio
Tacoronte,2016,Sueldos y salarios,63.5,municipio
Las Palmas,2016,Sueldos y salarios,63.5,provincia
Las Palmas,2018,Sueldos y salarios,63.5,provincia
El Sauzal,2015,Sueldos y salarios,63.5,municipio
Güímar,2016,Sueldos y salarios,63.5,municipio
Firgas,2018,Sueldos y salarios,63.6,municipio
San Juan de la Rambla,2018,Sueldos y salarios,63.7,municipio
Tacoronte,2018,Sueldos y salarios,63.7,municipio
Firgas,2017,Sueldos y salarios,63.7,municipio
Arafo,2018,Sueldos y salarios,63.7,municipio
Arico,2016,Sueldos y salarios,63.7,municipio
Candelaria,2021,Sueldos y salarios,63.8,municipio
Santiago del Teide,2017,Sueldos y salarios,63.8,municipio
Güímar,2022,Sueldos y salarios,63.8,municipio
El Rosario,2021,Sueldos y salarios,63.8,municipio
Telde,2023,Sueldos y salarios,63.9,municipio
La Matanza de Acentejo,2015,Sueldos y salarios,63.9,municipio
Tegueste,2015,Sueldos y salarios,63.9,municipio
Tegueste,2017,Sueldos y salarios,63.9,municipio
Firgas,2019,Sueldos y salarios,63.9,municipio
Arico,2017,Sueldos y salarios,63.9,municipio
Arico,2019,Sueldos y salarios,63.9,municipio
Güímar,2017,Sueldos y salarios,63.9,municipio
El Sauzal,2016,Sueldos y salarios,64.0,municipio
El Sauzal,2017,Sueldos y salarios,64.0,municipio
El Sauzal,2018,Sueldos y salarios,64.0,municipio
La Matanza de Acentejo,2019,Sueldos y salarios,64.1,municipio
Güímar,2023,Sueldos y salarios,64.1,municipio
San Cristóbal de La Laguna,2019,Sueldos y salarios,64.1,municipio
Arico,2018,Sueldos y salarios,64.1,municipio
Güímar,2018,Sueldos y salarios,64.1,municipio
Telde,2022,Sueldos y salarios,64.2,municipio
Breña Alta,2015,Sueldos y salarios,64.2,municipio
Alajeró,2016,Sueldos y salarios,64.2,municipio
San Cristóbal de La Laguna,2018,Sueldos y salarios,64.3,municipio
La Matanza de Acentejo,2022,Sueldos y salarios,64.3,municipio
Valsequillo de Gran Canaria,2023,Sueldos y salarios,64.3,municipio
San Cristóbal de La Laguna,2017,Sueldos y salarios,64.3,municipio
Breña Alta,2017,Sueldos y salarios,64.3,municipio
Antigua,2022,Sueldos y salarios,64.3,municipio
La Matanza de Acentejo,2023,Sueldos y salarios,64.3,municipio
San Cristóbal de La Laguna,2015,Sueldos y salarios,64.4,municipio
Ingenio,2022,Sueldos y salarios,64.4,municipio
Tegueste,2016,Sueldos y salarios,64.4,municipio
Candelaria,2023,Sueldos y salarios,64.4,municipio
Antigua,2023,Sueldos y salarios,64.4,municipio
San Sebastián de La Gomera,2021,Sueldos y salarios,64.4,municipio
El Sauzal,2019,Sueldos y salarios,64.5,municipio
La Matanza de Acentejo,2016,Sueldos y salarios,64.5,municipio
El Rosario,2022,Sueldos y salarios,64.5,municipio
Guía de Isora,2016,Sueldos y salarios,64.5,municipio
Breña Alta,2016,Sueldos y salarios,64.5,municipio
Ingenio,2023,Sueldos y salarios,64.5,municipio
El Rosario,2023,Sueldos y salarios,64.5,municipio
La Oliva,2019,Sueldos y salarios,64.5,municipio
San Cristóbal de La Laguna,2016,Sueldos y salarios,64.5,municipio
Güímar,2019,Sueldos y salarios,64.6,municipio
Guía de Isora,2023,Sueldos y salarios,64.6,municipio
Breña Alta,2022,Sueldos y salarios,64.6,municipio
Alajeró,2017,Sueldos y salarios,64.6,municipio
Arucas,2021,Sueldos y salarios,64.6,municipio
La Matanza de Acentejo,2017,Sueldos y salarios,64.6,municipio
Candelaria,2022,Sueldos y salarios,64.6,municipio
Arucas,2022,Sueldos y salarios,64.7,municipio
Arucas,2023,Sueldos y salarios,64.7,municipio
Breña Alta,2018,Sueldos y salarios,64.7,municipio
La Matanza de Acentejo,2018,Sueldos y salarios,64.7,municipio
Arona,2019,Sueldos y salarios,64.7,municipio
Valsequillo de Gran Canaria,2022,Sueldos y salarios,64.8,municipio
Adeje,2019,Sueldos y salarios,64.8,municipio
Teguise,2023,Sueldos y salarios,64.8,municipio
Arona,2015,Sueldos y salarios,64.8,municipio
Breña Baja,2020,Sueldos y salarios,64.8,municipio
Guía de Isora,2018,Sueldos y salarios,64.9,municipio
Ingenio,2015,Sueldos y salarios,64.9,municipio
Teguise,2022,Sueldos y salarios,64.9,municipio
Breña Alta,2019,Sueldos y salarios,65.0,municipio
Arona,2016,Sueldos y salarios,65.0,municipio
Telde,2015,Sueldos y salarios,65.1,municipio
Yaiza,2022,Sueldos y salarios,65.1,municipio
Guía de Isora,2017,Sueldos y salarios,65.1,municipio
Arona,2018,Sueldos y salarios,65.2,municipio
Valsequillo de Gran Canaria,2015,Sueldos y salarios,65.2,municipio
San Miguel de Abona,2022,Sueldos y salarios,65.3,municipio
Arona,2017,Sueldos y salarios,65.3,municipio
Lanzarote,2022,Sueldos y salarios,65.4,isla
La Oliva,2018,Sueldos y salarios,65.4,municipio
Tinajo,2023,Sueldos y salarios,65.4,municipio
Alajeró,2015,Sueldos y salarios,65.5,municipio
Lanzarote,2023,Sueldos y salarios,65.5,isla
San Sebastián de La Gomera,2015,Sueldos y salarios,65.5,municipio
Guía de Isora,2019,Sueldos y salarios,65.6,municipio
Yaiza,2023,Sueldos y salarios,65.6,municipio
Ingenio,2019,Sueldos y salarios,65.6,municipio
Arucas,2015,Sueldos y salarios,65.7,municipio
Telde,2019,Sueldos y salarios,65.7,municipio
San Sebastián de La Gomera,2016,Sueldos y salarios,65.7,municipio
Ingenio,2017,Sueldos y salarios,65.8,municipio
San Miguel de Abona,2023,Sueldos y salarios,65.8,municipio
Telde,2017,Sueldos y salarios,65.8,municipio
Candelaria,2018,Sueldos y salarios,65.8,municipio
Candelaria,2019,Sueldos y salarios,65.8,municipio
Telde,2016,Sueldos y salarios,65.8,municipio
Adeje,2018,Sueldos y salarios,65.9,municipio
San Sebastián de La Gomera,2023,Sueldos y salarios,65.9,municipio
Valsequillo de Gran Canaria,2017,Sueldos y salarios,65.9,municipio
Valsequillo de Gran Canaria,2018,Sueldos y salarios,66.0,municipio
La Oliva,2015,Sueldos y salarios,66.0,municipio
Telde,2018,Sueldos y salarios,66.0,municipio
Puerto del Rosario,2021,Sueldos y salarios,66.0,municipio
Valsequillo de Gran Canaria,2016,Sueldos y salarios,66.1,municipio
Ingenio,2016,Sueldos y salarios,66.1,municipio
Arucas,2017,Sueldos y salarios,66.1,municipio
La Oliva,2016,Sueldos y salarios,66.2,municipio
San Sebastián de La Gomera,2017,Sueldos y salarios,66.2,municipio
Breña Baja,2023,Sueldos y salarios,66.2,municipio
Tinajo,2022,Sueldos y salarios,66.2,municipio
San Sebastián de La Gomera,2022,Sueldos y salarios,66.2,municipio
Valsequillo de Gran Canaria,2019,Sueldos y salarios,66.2,municipio
Agüimes,2023,Sueldos y salarios,66.3,municipio
Breña Baja,2021,Sueldos y salarios,66.3,municipio
San Sebastián de La Gomera,2018,Sueldos y salarios,66.3,municipio
Arucas,2018,Sueldos y salarios,66.4,municipio
Arucas,2019,Sueldos y salarios,66.4,municipio
Ingenio,2018,Sueldos y salarios,66.4,municipio
Agüimes,2022,Sueldos y salarios,66.5,municipio
Candelaria,2017,Sueldos y salarios,66.5,municipio
El Rosario,2019,Sueldos y salarios,66.6,municipio
San Sebastián de La Gomera,2019,Sueldos y salarios,66.6,municipio
La Oliva,2017,Sueldos y salarios,66.6,municipio
Tuineje,2022,Sueldos y salarios,66.7,municipio
Los Silos,2018,Sueldos y salarios,66.7,municipio
Santa Lucía de Tirajana,2022,Sueldos y salarios,66.7,municipio
Adeje,2016,Sueldos y salarios,66.7,municipio
Candelaria,2015,Sueldos y salarios,66.8,municipio
Breña Baja,2017,Sueldos y salarios,66.9,municipio
Arrecife,2015,Sueldos y salarios,66.9,municipio
Adeje,2015,Sueldos y salarios,66.9,municipio
Arucas,2016,Sueldos y salarios,67.0,municipio
Santa Lucía de Tirajana,2015,Sueldos y salarios,67.0,municipio
Candelaria,2016,Sueldos y salarios,67.1,municipio
Breña Baja,2019,Sueldos y salarios,67.1,municipio
Breña Baja,2022,Sueldos y salarios,67.1,municipio
Fuerteventura,2022,Sueldos y salarios,67.2,isla
Adeje,2017,Sueldos y salarios,67.2,municipio
Lanzarote,2015,Sueldos y salarios,67.2,isla
Santa Lucía de Tirajana,2023,Sueldos y salarios,67.2,municipio
Tuineje,2023,Sueldos y salarios,67.3,municipio
Agüimes,2015,Sueldos y salarios,67.3,municipio
Lanzarote,2019,Sueldos y salarios,67.4,isla
Breña Baja,2018,Sueldos y salarios,67.5,municipio
Fuerteventura,2023,Sueldos y salarios,67.5,isla
San Miguel de Abona,2015,Sueldos y salarios,67.5,municipio
Granadilla de Abona,2022,Sueldos y salarios,67.5,municipio
Lanzarote,2018,Sueldos y salarios,67.6,isla
El Rosario,2018,Sueldos y salarios,67.7,municipio
San Miguel de Abona,2016,Sueldos y salarios,67.7,municipio
Santa Lucía de Tirajana,2019,Sueldos y salarios,67.8,municipio
Teguise,2018,Sueldos y salarios,67.8,municipio
Teguise,2019,Sueldos y salarios,67.8,municipio
Arrecife,2022,Sueldos y salarios,67.8,municipio
Tinajo,2018,Sueldos y salarios,67.9,municipio
Tinajo,2019,Sueldos y salarios,67.9,municipio
Tinajo,2015,Sueldos y salarios,67.9,municipio
Lanzarote,2016,Sueldos y salarios,68.0,isla
Agüimes,2016,Sueldos y salarios,68.0,municipio
Tinajo,2017,Sueldos y salarios,68.0,municipio
Antigua,2015,Sueldos y salarios,68.1,municipio
Agüimes,2019,Sueldos y salarios,68.1,municipio
El Rosario,2017,Sueldos y salarios,68.1,municipio
Lanzarote,2017,Sueldos y salarios,68.1,isla
San Bartolomé,2022,Sueldos y salarios,68.2,municipio
San Bartolomé,2023,Sueldos y salarios,68.2,municipio
Agüimes,2017,Sueldos y salarios,68.2,municipio
Breña Baja,2015,Sueldos y salarios,68.2,municipio
Agüimes,2018,Sueldos y salarios,68.3,municipio
Granadilla de Abona,2015,Sueldos y salarios,68.3,municipio
Breña Baja,2016,Sueldos y salarios,68.3,municipio
Santa Lucía de Tirajana,2016,Sueldos y salarios,68.3,municipio
Yaiza,2018,Sueldos y salarios,68.3,municipio
Arrecife,2023,Sueldos y salarios,68.3,municipio
Arrecife,2016,Sueldos y salarios,68.4,municipio
Granadilla de Abona,2023,Sueldos y salarios,68.4,municipio
San Miguel de Abona,2018,Sueldos y salarios,68.4,municipio
Tuineje,2015,Sueldos y salarios,68.5,municipio
San Miguel de Abona,2019,Sueldos y salarios,68.6,municipio
Santa Lucía de Tirajana,2017,Sueldos y salarios,68.6,municipio
Santa Lucía de Tirajana,2018,Sueldos y salarios,68.6,municipio
Antigua,2019,Sueldos y salarios,68.7,municipio
Yaiza,2019,Sueldos y salarios,68.7,municipio
Arrecife,2019,Sueldos y salarios,68.7,municipio
Yaiza,2015,Sueldos y salarios,68.8,municipio
Tinajo,2016,Sueldos y salarios,68.9,municipio
Arrecife,2017,Sueldos y salarios,68.9,municipio
El Rosario,2016,Sueldos y salarios,68.9,municipio
Granadilla de Abona,2016,Sueldos y salarios,69.0,municipio
Yaiza,2016,Sueldos y salarios,69.0,municipio
Tuineje,2019,Sueldos y salarios,69.0,municipio
San Miguel de Abona,2017,Sueldos y salarios,69.1,municipio
Arrecife,2018,Sueldos y salarios,69.1,municipio
Antigua,2018,Sueldos y salarios,69.4,municipio
Tuineje,2018,Sueldos y salarios,69.4,municipio
Granadilla de Abona,2017,Sueldos y salarios,69.4,municipio
El Rosario,2015,Sueldos y salarios,69.4,municipio
Fuerteventura,2019,Sueldos y salarios,69.5,isla
Teguise,2017,Sueldos y salarios,69.5,municipio
Antigua,2016,Sueldos y salarios,69.5,municipio
Granadilla de Abona,2019,Sueldos y salarios,69.5,municipio
Tuineje,2016,Sueldos y salarios,69.6,municipio
Granadilla de Abona,2018,Sueldos y salarios,69.6,municipio
Antigua,2017,Sueldos y salarios,69.7,municipio
Puerto del Rosario,2022,Sueldos y salarios,69.8,municipio
Teguise,2015,Sueldos y salarios,69.8,municipio
Yaiza,2017,Sueldos y salarios,69.9,municipio
Fuerteventura,2015,Sueldos y salarios,69.9,isla
San Bartolomé,2019,Sueldos y salarios,70.0,municipio
Teguise,2016,Sueldos y salarios,70.0,municipio
Puerto del Rosario,2023,Sueldos y salarios,70.1,municipio
Fuerteventura,2018,Sueldos y salarios,70.2,isla
Tuineje,2017,Sueldos y salarios,70.4,municipio
Puerto del Rosario,2019,Sueldos y salarios,70.6,municipio
Puerto del Rosario,2015,Sueldos y salarios,70.8,municipio
Fuerteventura,2016,Sueldos y salarios,70.9,isla
San Bartolomé,2018,Sueldos y salarios,70.9,municipio
Fuerteventura,2017,Sueldos y salarios,71.0,isla
San Bartolomé,2015,Sueldos y salarios,71.3,municipio
San Bartolomé,2017,Sueldos y salarios,71.5,municipio
Puerto del Rosario,2018,Sueldos y salarios,71.5,municipio
Puerto del Rosario,2016,Sueldos y salarios,71.6,municipio
Puerto del Rosario,2017,Sueldos y salarios,71.7,municipio
Pájara,2022,Sueldos y salarios,71.9,municipio
San Bartolomé,2016,Sueldos y salarios,72.1,municipio
Pájara,2023,Sueldos y salarios,73.0,municipio
Pájara,2019,Sueldos y salarios,73.9,municipio
Pájara,2018,Sueldos y salarios,74.3,municipio
Pájara,2015,Sueldos y salarios,74.6,municipio
Pájara,2017,Sueldos y salarios,75.5,municipio
Pájara,2016,Sueldos y salarios,76.0,municipio
