TERRITORIO	TIME_PERIOD	MEDIDAS	OBS_VALUE	ESTADO_OBSERVACION	CONFIDENCIALIDAD_OBSERVACION
Canarias	2023	Sueldos y salarios	61.4		
Canarias	2022	Sueldos y salarios	61.2		
Canarias	2021	Sueldos y salarios	58.3		
Canarias	2020	Sueldos y salarios	56.6		
Canarias	2019	Sueldos y salarios	62.5		
Canarias	2018	Sueldos y salarios	62.7		
Canarias	2017	Sueldos y salarios	62.7		
Canarias	2016	Sueldos y salarios	62.7		
Canarias	2015	Sueldos y salarios	62.2		
Canarias	2023	Pensiones	17.8		
Canarias	2022	Pensiones	18.1		
Canarias	2021	Pensiones	18.4		
Canarias	2020	Pensiones	19		
Canarias	2019	Pensiones	17.6		
Canarias	2018	Pensiones	17.5		
Canarias	2017	Pensiones	17.8		
Canarias	2016	Pensiones	18.2		
Canarias	2015	Pensiones	18.5		
Canarias	2023	Prestaciones por desempleo	2.3		
Canarias	2022	Prestaciones por desempleo	2.6		
Canarias	2021	Prestaciones por desempleo	5.8		
Canarias	2020	Prestaciones por desempleo	8.7		
Canarias	2019	Prestaciones por desempleo	2.9		
Canarias	2018	Prestaciones por desempleo	2.9		
Canarias	2017	Prestaciones por desempleo	3.1		
Canarias	2016	Prestaciones por desempleo	3.4		
Canarias	2015	Prestaciones por desempleo	3.8		
Canarias	2023	Otras prestaciones	4.5		
Canarias	2022	Otras prestaciones	4.5		
Canarias	2021	Otras prestaciones	4.6		
Canarias	2020	Otras prestaciones	4.3		
Canarias	2019	Otras prestaciones	3.7		
Canarias	2018	Otras prestaciones	3.6		
Canarias	2017	Otras prestaciones	3.6		
Canarias	2016	Otras prestaciones	3.3		
Canarias	2015	Otras prestaciones	3.3		
Canarias	2023	Otros ingresos	14		
Canarias	2022	Otros ingresos	13.7		
Canarias	2021	Otros ingresos	12.9		
Canarias	2020	Otros ingresos	11.4		
Canarias	2019	Otros ingresos	13.3		
Canarias	2018	Otros ingresos	13.3		
Canarias	2017	Otros ingresos	12.9		
Canarias	2016	Otros ingresos	12.5		
Canarias	2015	Otros ingresos	12.3		
Las Palmas	2023	Sueldos y salarios	61.8		
Las Palmas	2022	Sueldos y salarios	61.8		
Las Palmas	2021	Sueldos y salarios	58.8		
Las Palmas	2020	Sueldos y salarios	56.9		
Las Palmas	2019	Sueldos y salarios	63.1		
Las Palmas	2018	Sueldos y salarios	63.5		
Las Palmas	2017	Sueldos y salarios	63.4		
Las Palmas	2016	Sueldos y salarios	63.5		
Las Palmas	2015	Sueldos y salarios	62.8		
Las Palmas	2023	Pensiones	17		
Las Palmas	2022	Pensiones	17.1		
Las Palmas	2021	Pensiones	17.4		
Las Palmas	2020	Pensiones	18.1		
Las Palmas	2019	Pensiones	16.6		
Las Palmas	2018	Pensiones	16.5		
Las Palmas	2017	Pensiones	16.7		
Las Palmas	2016	Pensiones	17		
Las Palmas	2015	Pensiones	17.3		
Las Palmas	2023	Prestaciones por desempleo	2.3		
Las Palmas	2022	Prestaciones por desempleo	2.5		
Las Palmas	2021	Prestaciones por desempleo	6		
Las Palmas	2020	Prestaciones por desempleo	8.9		
Las Palmas	2019	Prestaciones por desempleo	2.9		
Las Palmas	2018	Prestaciones por desempleo	2.9		
Las Palmas	2017	Prestaciones por desempleo	3		
Las Palmas	2016	Prestaciones por desempleo	3.3		
Las Palmas	2015	Prestaciones por desempleo	3.8		
Las Palmas	2023	Otras prestaciones	5		
Las Palmas	2022	Otras prestaciones	4.9		
Las Palmas	2021	Otras prestaciones	5		
Las Palmas	2020	Otras prestaciones	4.7		
Las Palmas	2019	Otras prestaciones	4.1		
Las Palmas	2018	Otras prestaciones	3.9		
Las Palmas	2017	Otras prestaciones	3.9		
Las Palmas	2016	Otras prestaciones	3.7		
Las Palmas	2015	Otras prestaciones	3.6		
Las Palmas	2023	Otros ingresos	14		
Las Palmas	2022	Otros ingresos	13.7		
Las Palmas	2021	Otros ingresos	12.9		
Las Palmas	2020	Otros ingresos	11.4		
Las Palmas	2019	Otros ingresos	13.4		
Las Palmas	2018	Otros ingresos	13.3		
Las Palmas	2017	Otros ingresos	13		
Las Palmas	2016	Otros ingresos	12.6		
Las Palmas	2015	Otros ingresos	12.5		
Lanzarote	2023	Sueldos y salarios	65.5		
Lanzarote	2022	Sueldos y salarios	65.4		
Lanzarote	2021	Sueldos y salarios	58.5		
Lanzarote	2020	Sueldos y salarios	57.1		
Lanzarote	2019	Sueldos y salarios	67.4		
Lanzarote	2018	Sueldos y salarios	67.6		
Lanzarote	2017	Sueldos y salarios	68.1		
Lanzarote	2016	Sueldos y salarios	68		
Lanzarote	2015	Sueldos y salarios	67.2		
Lanzarote	2023	Pensiones	12.8		
Lanzarote	2022	Pensiones	13.1		
Lanzarote	2021	Pensiones	13.6		
Lanzarote	2020	Pensiones	13.8		
Lanzarote	2019	Pensiones	12.1		
Lanzarote	2018	Pensiones	11.9		
Lanzarote	2017	Pensiones	12.3		
Lanzarote	2016	Pensiones	12.7		
Lanzarote	2015	Pensiones	13		
Lanzarote	2023	Prestaciones por desempleo	2		
Lanzarote	2022	Prestaciones por desempleo	2.4		
Lanzarote	2021	Prestaciones por desempleo	9.7		
Lanzarote	2020	Prestaciones por desempleo	13.7		
Lanzarote	2019	Prestaciones por desempleo	3.1		
Lanzarote	2018	Prestaciones por desempleo	3.1		
Lanzarote	2017	Prestaciones por desempleo	3.2		
Lanzarote	2016	Prestaciones por desempleo	3.6		
Lanzarote	2015	Prestaciones por desempleo	4.1		
Lanzarote	2023	Otras prestaciones	3.4		
Lanzarote	2022	Otras prestaciones	3.5		
Lanzarote	2021	Otras prestaciones	3.6		
Lanzarote	2020	Otras prestaciones	3.4		
Lanzarote	2019	Otras prestaciones	2.8		
Lanzarote	2018	Otras prestaciones	2.7		
Lanzarote	2017	Otras prestaciones	2.5		
Lanzarote	2016	Otras prestaciones	2.4		
Lanzarote	2015	Otras prestaciones	2.3		
Lanzarote	2023	Otros ingresos	16.2		
Lanzarote	2022	Otros ingresos	15.6		
Lanzarote	2021	Otros ingresos	14.6		
Lanzarote	2020	Otros ingresos	12		
Lanzarote	2019	Otros ingresos	14.6		
Lanzarote	2018	Otros ingresos	14.7		
Lanzarote	2017	Otros ingresos	14		
Lanzarote	2016	Otros ingresos	13.3		
Lanzarote	2015	Otros ingresos	13.4		
Arrecife	2023	Sueldos y salarios	68.3		
Arrecife	2022	Sueldos y salarios	67.8		
Arrecife	2021	Sueldos y salarios	59.3		
Arrecife	2020	Sueldos y salarios	56.9		
Arrecife	2019	Sueldos y salarios	68.7		
Arrecife	2018	Sueldos y salarios	69.1		
Arrecife	2017	Sueldos y salarios	68.9		
Arrecife	2016	Sueldos y salarios	68.4		
Arrecife	2015	Sueldos y salarios	66.9		
Arrecife	2023	Pensiones	13.9		
Arrecife	2022	Pensiones	14.4		
Arrecife	2021	Pensiones	14.9		
Arrecife	2020	Pensiones	15		
Arrecife	2019	Pensiones	13.2		
Arrecife	2018	Pensiones	13.2		
Arrecife	2017	Pensiones	13.7		
Arrecife	2016	Pensiones	14.4		
Arrecife	2015	Pensiones	14.9		
Arrecife	2023	Prestaciones por desempleo	2.6		
Arrecife	2022	Prestaciones por desempleo	3		
Arrecife	2021	Prestaciones por desempleo	10.4		
Arrecife	2020	Prestaciones por desempleo	14.5		
Arrecife	2019	Prestaciones por desempleo	3.9		
Arrecife	2018	Prestaciones por desempleo	3.8		
Arrecife	2017	Prestaciones por desempleo	3.9		
Arrecife	2016	Prestaciones por desempleo	4.5		
Arrecife	2015	Prestaciones por desempleo	5.2		
Arrecife	2023	Otras prestaciones	4.1		
Arrecife	2022	Otras prestaciones	4.2		
Arrecife	2021	Otras prestaciones	4.4		
Arrecife	2020	Otras prestaciones	3.9		
Arrecife	2019	Otras prestaciones	3.2		
Arrecife	2018	Otras prestaciones	3		
Arrecife	2017	Otras prestaciones	2.9		
Arrecife	2016	Otras prestaciones	2.8		
Arrecife	2015	Otras prestaciones	2.7		
Arrecife	2023	Otros ingresos	11.1		
Arrecife	2022	Otros ingresos	10.6		
Arrecife	2021	Otros ingresos	11		
Arrecife	2020	Otros ingresos	9.6		
Arrecife	2019	Otros ingresos	11		
Arrecife	2018	Otros ingresos	10.9		
Arrecife	2017	Otros ingresos	10.7		
Arrecife	2016	Otros ingresos	10		
Arrecife	2015	Otros ingresos	10.4		
Haría	2023	Sueldos y salarios	57.2		
Haría	2022	Sueldos y salarios	56.8		
Haría	2021	Sueldos y salarios	55.5		
Haría	2020	Sueldos y salarios	55.2		
Haría	2019	Sueldos y salarios	59		
Haría	2018	Sueldos y salarios	58.7		
Haría	2017	Sueldos y salarios	58.8		
Haría	2016	Sueldos y salarios	59.5		
Haría	2015	Sueldos y salarios	59.4		
Haría	2023	Pensiones	20.1		
Haría	2022	Pensiones	20.8		
Haría	2021	Pensiones	20.8		
Haría	2020	Pensiones	21		
Haría	2019	Pensiones	20		
Haría	2018	Pensiones	20.7		
Haría	2017	Pensiones	21.6		
Haría	2016	Pensiones	21.5		
Haría	2015	Pensiones	21.9		
Haría	2023	Prestaciones por desempleo	2		
Haría	2022	Prestaciones por desempleo	2.2		
Haría	2021	Prestaciones por desempleo	5.8		
Haría	2020	Prestaciones por desempleo	7.8		
Haría	2019	Prestaciones por desempleo	2.6		
Haría	2018	Prestaciones por desempleo	2.3		
Haría	2017	Prestaciones por desempleo	2.4		
Haría	2016	Prestaciones por desempleo	2.6		
Haría	2015	Prestaciones por desempleo	2.7		
Haría	2023	Otras prestaciones	4		
Haría	2022	Otras prestaciones	4.2		
Haría	2021	Otras prestaciones	3.9		
Haría	2020	Otras prestaciones	3.7		
Haría	2019	Otras prestaciones	3		
Haría	2018	Otras prestaciones	3.1		
Haría	2017	Otras prestaciones	3.1		
Haría	2016	Otras prestaciones	3		
Haría	2015	Otras prestaciones	2.8		
Haría	2023	Otros ingresos	16.7		
Haría	2022	Otros ingresos	16		
Haría	2021	Otros ingresos	13.9		
Haría	2020	Otros ingresos	12.3		
Haría	2019	Otros ingresos	15.4		
Haría	2018	Otros ingresos	15.3		
Haría	2017	Otros ingresos	14.2		
Haría	2016	Otros ingresos	13.4		
Haría	2015	Otros ingresos	13.2		
San Bartolomé	2023	Sueldos y salarios	68.2		
San Bartolomé	2022	Sueldos y salarios	68.2		
San Bartolomé	2021	Sueldos y salarios	62.6		
San Bartolomé	2020	Sueldos y salarios	61.9		
San Bartolomé	2019	Sueldos y salarios	70		
San Bartolomé	2018	Sueldos y salarios	70.9		
San Bartolomé	2017	Sueldos y salarios	71.5		
San Bartolomé	2016	Sueldos y salarios	72.1		
San Bartolomé	2015	Sueldos y salarios	71.3		
San Bartolomé	2023	Pensiones	12.5		
San Bartolomé	2022	Pensiones	12.5		
San Bartolomé	2021	Pensiones	12.6		
San Bartolomé	2020	Pensiones	12.5		
San Bartolomé	2019	Pensiones	11.2		
San Bartolomé	2018	Pensiones	10.8		
San Bartolomé	2017	Pensiones	11.2		
San Bartolomé	2016	Pensiones	11.2		
San Bartolomé	2015	Pensiones	11.5		
San Bartolomé	2023	Prestaciones por desempleo	1.9		
San Bartolomé	2022	Prestaciones por desempleo	2.3		
San Bartolomé	2021	Prestaciones por desempleo	8.1		
San Bartolomé	2020	Prestaciones por desempleo	11.5		
San Bartolomé	2019	Prestaciones por desempleo	2.9		
San Bartolomé	2018	Prestaciones por desempleo	2.8		
San Bartolomé	2017	Prestaciones por desempleo	2.9		
San Bartolomé	2016	Prestaciones por desempleo	3.2		
San Bartolomé	2015	Prestaciones por desempleo	3.6		
San Bartolomé	2023	Otras prestaciones	3		
San Bartolomé	2022	Otras prestaciones	3.3		
San Bartolomé	2021	Otras prestaciones	3.3		
San Bartolomé	2020	Otras prestaciones	3.1		
San Bartolomé	2019	Otras prestaciones	2.7		
San Bartolomé	2018	Otras prestaciones	2.7		
San Bartolomé	2017	Otras prestaciones	2.4		
San Bartolomé	2016	Otras prestaciones	2.2		
San Bartolomé	2015	Otras prestaciones	2.2		
San Bartolomé	2023	Otros ingresos	14.4		
San Bartolomé	2022	Otros ingresos	13.8		
San Bartolomé	2021	Otros ingresos	13.4		
San Bartolomé	2020	Otros ingresos	11		
San Bartolomé	2019	Otros ingresos	13.2		
San Bartolomé	2018	Otros ingresos	12.8		
San Bartolomé	2017	Otros ingresos	12.1		
San Bartolomé	2016	Otros ingresos	11.4		
San Bartolomé	2015	Otros ingresos	11.4		
Teguise	2023	Sueldos y salarios	64.8		
Teguise	2022	Sueldos y salarios	64.9		
Teguise	2021	Sueldos y salarios	62.3		
Teguise	2020	Sueldos y salarios	61.7		
Teguise	2019	Sueldos y salarios	67.8		
Teguise	2018	Sueldos y salarios	67.8		
Teguise	2017	Sueldos y salarios	69.5		
Teguise	2016	Sueldos y salarios	70		
Teguise	2015	Sueldos y salarios	69.8		
Teguise	2023	Pensiones	11.3		
Teguise	2022	Pensiones	11		
Teguise	2021	Pensiones	11.4		
Teguise	2020	Pensiones	12.4		
Teguise	2019	Pensiones	10.9		
Teguise	2018	Pensiones	10.7		
Teguise	2017	Pensiones	10.8		
Teguise	2016	Pensiones	11		
Teguise	2015	Pensiones	11		
Teguise	2023	Prestaciones por desempleo	1.6		
Teguise	2022	Prestaciones por desempleo	1.8		
Teguise	2021	Prestaciones por desempleo	6.9		
Teguise	2020	Prestaciones por desempleo	9.5		
Teguise	2019	Prestaciones por desempleo	2.1		
Teguise	2018	Prestaciones por desempleo	2		
Teguise	2017	Prestaciones por desempleo	2.2		
Teguise	2016	Prestaciones por desempleo	2.4		
Teguise	2015	Prestaciones por desempleo	2.7		
Teguise	2023	Otras prestaciones	2.7		
Teguise	2022	Otras prestaciones	2.9		
Teguise	2021	Otras prestaciones	3		
Teguise	2020	Otras prestaciones	2.8		
Teguise	2019	Otras prestaciones	2.5		
Teguise	2018	Otras prestaciones	2.5		
Teguise	2017	Otras prestaciones	2.3		
Teguise	2016	Otras prestaciones	2.2		
Teguise	2015	Otras prestaciones	2.1		
Teguise	2023	Otros ingresos	19.6		
Teguise	2022	Otros ingresos	19.3		
Teguise	2021	Otros ingresos	16.4		
Teguise	2020	Otros ingresos	13.6		
Teguise	2019	Otros ingresos	16.7		
Teguise	2018	Otros ingresos	17.1		
Teguise	2017	Otros ingresos	15.2		
Teguise	2016	Otros ingresos	14.4		
Teguise	2015	Otros ingresos	14.4		
Tías	2023	Sueldos y salarios	58.3		
Tías	2022	Sueldos y salarios	58.7		
Tías	2021	Sueldos y salarios	50.5		
Tías	2020	Sueldos y salarios	51.1		
Tías	2019	Sueldos y salarios	61.4		
Tías	2018	Sueldos y salarios	61.5		
Tías	2017	Sueldos y salarios	61.3		
Tías	2016	Sueldos y salarios	61.1		
Tías	2015	Sueldos y salarios	61		
Tías	2023	Pensiones	12.8		
Tías	2022	Pensiones	13.2		
Tías	2021	Pensiones	13.7		
Tías	2020	Pensiones	14		
Tías	2019	Pensiones	11.7		
Tías	2018	Pensiones	11.3		
Tías	2017	Pensiones	11.9		
Tías	2016	Pensiones	12.7		
Tías	2015	Pensiones	12.5		
Tías	2023	Prestaciones por desempleo	1.7		
Tías	2022	Prestaciones por desempleo	2.2		
Tías	2021	Prestaciones por desempleo	11.3		
Tías	2020	Prestaciones por desempleo	15.6		
Tías	2019	Prestaciones por desempleo	2.5		
Tías	2018	Prestaciones por desempleo	2.6		
Tías	2017	Prestaciones por desempleo	2.6		
Tías	2016	Prestaciones por desempleo	2.8		
Tías	2015	Prestaciones por desempleo	3.2		
Tías	2023	Otras prestaciones	2.8		
Tías	2022	Otras prestaciones	2.8		
Tías	2021	Otras prestaciones	2.9		
Tías	2020	Otras prestaciones	3		
Tías	2019	Otras prestaciones	2.3		
Tías	2018	Otras prestaciones	2.2		
Tías	2017	Otras prestaciones	2		
Tías	2016	Otras prestaciones	1.8		
Tías	2015	Otras prestaciones	2		
Tías	2023	Otros ingresos	24.4		
Tías	2022	Otros ingresos	23.1		
Tías	2021	Otros ingresos	21.6		
Tías	2020	Otros ingresos	16.3		
Tías	2019	Otros ingresos	22.1		
Tías	2018	Otros ingresos	22.4		
Tías	2017	Otros ingresos	22.2		
Tías	2016	Otros ingresos	21.6		
Tías	2015	Otros ingresos	21.3		
Tinajo	2023	Sueldos y salarios	65.4		
Tinajo	2022	Sueldos y salarios	66.2		
Tinajo	2021	Sueldos y salarios	61.1		
Tinajo	2020	Sueldos y salarios	58.9		
Tinajo	2019	Sueldos y salarios	67.9		
Tinajo	2018	Sueldos y salarios	67.9		
Tinajo	2017	Sueldos y salarios	68		
Tinajo	2016	Sueldos y salarios	68.9		
Tinajo	2015	Sueldos y salarios	67.9		
Tinajo	2023	Pensiones	12.1		
Tinajo	2022	Pensiones	12.1		
Tinajo	2021	Pensiones	12.7		
Tinajo	2020	Pensiones	13.2		
Tinajo	2019	Pensiones	11.9		
Tinajo	2018	Pensiones	11.7		
Tinajo	2017	Pensiones	12.1		
Tinajo	2016	Pensiones	12.3		
Tinajo	2015	Pensiones	12.9		
Tinajo	2023	Prestaciones por desempleo	1.8		
Tinajo	2022	Prestaciones por desempleo	2.4		
Tinajo	2021	Prestaciones por desempleo	8.4		
Tinajo	2020	Prestaciones por desempleo	11.9		
Tinajo	2019	Prestaciones por desempleo	2.6		
Tinajo	2018	Prestaciones por desempleo	2.8		
Tinajo	2017	Prestaciones por desempleo	3.2		
Tinajo	2016	Prestaciones por desempleo	3.5		
Tinajo	2015	Prestaciones por desempleo	3.6		
Tinajo	2023	Otras prestaciones	3.3		
Tinajo	2022	Otras prestaciones	3.3		
Tinajo	2021	Otras prestaciones	3.2		
Tinajo	2020	Otras prestaciones	3.1		
Tinajo	2019	Otras prestaciones	2.6		
Tinajo	2018	Otras prestaciones	2.8		
Tinajo	2017	Otras prestaciones	2.6		
Tinajo	2016	Otras prestaciones	2.4		
Tinajo	2015	Otras prestaciones	2.5		
Tinajo	2023	Otros ingresos	17.5		
Tinajo	2022	Otros ingresos	16		
Tinajo	2021	Otros ingresos	14.6		
Tinajo	2020	Otros ingresos	12.9		
Tinajo	2019	Otros ingresos	14.9		
Tinajo	2018	Otros ingresos	14.8		
Tinajo	2017	Otros ingresos	14.1		
Tinajo	2016	Otros ingresos	13.1		
Tinajo	2015	Otros ingresos	13.1		
Yaiza	2023	Sueldos y salarios	65.6		
Yaiza	2022	Sueldos y salarios	65.1		
Yaiza	2021	Sueldos y salarios	52.8		
Yaiza	2020	Sueldos y salarios	50.1		
Yaiza	2019	Sueldos y salarios	68.7		
Yaiza	2018	Sueldos y salarios	68.3		
Yaiza	2017	Sueldos y salarios	69.9		
Yaiza	2016	Sueldos y salarios	69		
Yaiza	2015	Sueldos y salarios	68.8		
Yaiza	2023	Pensiones	9.8		
Yaiza	2022	Pensiones	10		
Yaiza	2021	Pensiones	11.1		
Yaiza	2020	Pensiones	10.9		
Yaiza	2019	Pensiones	8.6		
Yaiza	2018	Pensiones	8.2		
Yaiza	2017	Pensiones	8.3		
Yaiza	2016	Pensiones	8.6		
Yaiza	2015	Pensiones	9.2		
Yaiza	2023	Prestaciones por desempleo	1.8		
Yaiza	2022	Prestaciones por desempleo	2.2		
Yaiza	2021	Prestaciones por desempleo	15		
Yaiza	2020	Prestaciones por desempleo	22.4		
Yaiza	2019	Prestaciones por desempleo	3.7		
Yaiza	2018	Prestaciones por desempleo	3.4		
Yaiza	2017	Prestaciones por desempleo	3.5		
Yaiza	2016	Prestaciones por desempleo	4.4		
Yaiza	2015	Prestaciones por desempleo	4.6		
Yaiza	2023	Otras prestaciones	2.8		
Yaiza	2022	Otras prestaciones	3		
Yaiza	2021	Otras prestaciones	3.2		
Yaiza	2020	Otras prestaciones	3		
Yaiza	2019	Otras prestaciones	2.6		
Yaiza	2018	Otras prestaciones	2.5		
Yaiza	2017	Otras prestaciones	2.2		
Yaiza	2016	Otras prestaciones	2.1		
Yaiza	2015	Otras prestaciones	2		
Yaiza	2023	Otros ingresos	20.1		
Yaiza	2022	Otros ingresos	19.7		
Yaiza	2021	Otros ingresos	17.9		
Yaiza	2020	Otros ingresos	13.7		
Yaiza	2019	Otros ingresos	16.5		
Yaiza	2018	Otros ingresos	17.6		
Yaiza	2017	Otros ingresos	16.1		
Yaiza	2016	Otros ingresos	16		
Yaiza	2015	Otros ingresos	15.4		
Fuerteventura	2023	Sueldos y salarios	67.5		
Fuerteventura	2022	Sueldos y salarios	67.2		
Fuerteventura	2021	Sueldos y salarios	60.5		
Fuerteventura	2020	Sueldos y salarios	57.1		
Fuerteventura	2019	Sueldos y salarios	69.5		
Fuerteventura	2018	Sueldos y salarios	70.2		
Fuerteventura	2017	Sueldos y salarios	71		
Fuerteventura	2016	Sueldos y salarios	70.9		
Fuerteventura	2015	Sueldos y salarios	69.9		
Fuerteventura	2023	Pensiones	11.9		
Fuerteventura	2022	Pensiones	11.9		
Fuerteventura	2021	Pensiones	12.3		
Fuerteventura	2020	Pensiones	12.5		
Fuerteventura	2019	Pensiones	10.7		
Fuerteventura	2018	Pensiones	10.3		
Fuerteventura	2017	Pensiones	10.5		
Fuerteventura	2016	Pensiones	10.8		
Fuerteventura	2015	Pensiones	11.1		
Fuerteventura	2023	Prestaciones por desempleo	2.5		
Fuerteventura	2022	Prestaciones por desempleo	2.9		
Fuerteventura	2021	Prestaciones por desempleo	10		
Fuerteventura	2020	Prestaciones por desempleo	15.7		
Fuerteventura	2019	Prestaciones por desempleo	4		
Fuerteventura	2018	Prestaciones por desempleo	3.7		
Fuerteventura	2017	Prestaciones por desempleo	3.7		
Fuerteventura	2016	Prestaciones por desempleo	4		
Fuerteventura	2015	Prestaciones por desempleo	4.6		
Fuerteventura	2023	Otras prestaciones	3.8		
Fuerteventura	2022	Otras prestaciones	3.9		
Fuerteventura	2021	Otras prestaciones	3.8		
Fuerteventura	2020	Otras prestaciones	3.6		
Fuerteventura	2019	Otras prestaciones	3		
Fuerteventura	2018	Otras prestaciones	2.8		
Fuerteventura	2017	Otras prestaciones	2.5		
Fuerteventura	2016	Otras prestaciones	2.3		
Fuerteventura	2015	Otras prestaciones	2.5		
Fuerteventura	2023	Otros ingresos	14.3		
Fuerteventura	2022	Otros ingresos	14.2		
Fuerteventura	2021	Otros ingresos	13.4		
Fuerteventura	2020	Otros ingresos	11.2		
Fuerteventura	2019	Otros ingresos	12.8		
Fuerteventura	2018	Otros ingresos	13		
Fuerteventura	2017	Otros ingresos	12.2		
Fuerteventura	2016	Otros ingresos	12.1		
Fuerteventura	2015	Otros ingresos	11.9		
Antigua	2023	Sueldos y salarios	64.4		
Antigua	2022	Sueldos y salarios	64.3		
Antigua	2021	Sueldos y salarios	58.4		
Antigua	2020	Sueldos y salarios	56.5		
Antigua	2019	Sueldos y salarios	68.7		
Antigua	2018	Sueldos y salarios	69.4		
Antigua	2017	Sueldos y salarios	69.7		
Antigua	2016	Sueldos y salarios	69.5		
Antigua	2015	Sueldos y salarios	68.1		
Antigua	2023	Pensiones	14.5		
Antigua	2022	Pensiones	14		
Antigua	2021	Pensiones	14.8		
Antigua	2020	Pensiones	14.5		
Antigua	2019	Pensiones	12.2		
Antigua	2018	Pensiones	11.4		
Antigua	2017	Pensiones	11.2		
Antigua	2016	Pensiones	11.5		
Antigua	2015	Pensiones	12.2		
Antigua	2023	Prestaciones por desempleo	2.4		
Antigua	2022	Prestaciones por desempleo	3		
Antigua	2021	Prestaciones por desempleo	9.9		
Antigua	2020	Prestaciones por desempleo	14.8		
Antigua	2019	Prestaciones por desempleo	3.8		
Antigua	2018	Prestaciones por desempleo	3.5		
Antigua	2017	Prestaciones por desempleo	4		
Antigua	2016	Prestaciones por desempleo	4.2		
Antigua	2015	Prestaciones por desempleo	4.8		
Antigua	2023	Otras prestaciones	3.4		
Antigua	2022	Otras prestaciones	3.6		
Antigua	2021	Otras prestaciones	3.5		
Antigua	2020	Otras prestaciones	3		
Antigua	2019	Otras prestaciones	2.5		
Antigua	2018	Otras prestaciones	2.4		
Antigua	2017	Otras prestaciones	2.4		
Antigua	2016	Otras prestaciones	2.2		
Antigua	2015	Otras prestaciones	2.5		
Antigua	2023	Otros ingresos	15.4		
Antigua	2022	Otros ingresos	15.1		
Antigua	2021	Otros ingresos	13.4		
Antigua	2020	Otros ingresos	11.3		
Antigua	2019	Otros ingresos	12.8		
Antigua	2018	Otros ingresos	13.3		
Antigua	2017	Otros ingresos	12.8		
Antigua	2016	Otros ingresos	12.5		
Antigua	2015	Otros ingresos	12.4		
Betancuria	2023	Sueldos y salarios	53.3		
Betancuria	2022	Sueldos y salarios	51		
Betancuria	2021	Sueldos y salarios	47.9		
Betancuria	2020	Sueldos y salarios	46.6		
Betancuria	2019	Sueldos y salarios	52.8		
Betancuria	2018	Sueldos y salarios	51.6		
Betancuria	2017	Sueldos y salarios	56.5		
Betancuria	2016	Sueldos y salarios	55.6		
Betancuria	2015	Sueldos y salarios	56.6		
Betancuria	2023	Pensiones	20.6		
Betancuria	2022	Pensiones	19.2		
Betancuria	2021	Pensiones	21.7		
Betancuria	2020	Pensiones	22.3		
Betancuria	2019	Pensiones	20.5		
Betancuria	2018	Pensiones	20.8		
Betancuria	2017	Pensiones	22.7		
Betancuria	2016	Pensiones	21.9		
Betancuria	2015	Pensiones	22		
Betancuria	2023	Prestaciones por desempleo	1.9		
Betancuria	2022	Prestaciones por desempleo	1.7		
Betancuria	2021	Prestaciones por desempleo	5.4		
Betancuria	2020	Prestaciones por desempleo	8.9		
Betancuria	2019	Prestaciones por desempleo	2.6		
Betancuria	2018	Prestaciones por desempleo	2.9		
Betancuria	2017	Prestaciones por desempleo	3		
Betancuria	2016	Prestaciones por desempleo	3.2		
Betancuria	2015	Prestaciones por desempleo	3.6		
Betancuria	2023	Otras prestaciones	4.1		
Betancuria	2022	Otras prestaciones	4.2		
Betancuria	2021	Otras prestaciones	5		
Betancuria	2020	Otras prestaciones	4.5		
Betancuria	2019	Otras prestaciones	3.7		
Betancuria	2018	Otras prestaciones	3.3		
Betancuria	2017	Otras prestaciones	3.4		
Betancuria	2016	Otras prestaciones	2.7		
Betancuria	2015	Otras prestaciones	2.8		
Betancuria	2023	Otros ingresos	20		
Betancuria	2022	Otros ingresos	23.9		
Betancuria	2021	Otros ingresos	20.1		
Betancuria	2020	Otros ingresos	17.8		
Betancuria	2019	Otros ingresos	20.5		
Betancuria	2018	Otros ingresos	21.4		
Betancuria	2017	Otros ingresos	14.4		
Betancuria	2016	Otros ingresos	16.6		
Betancuria	2015	Otros ingresos	15.1		
La Oliva	2023	Sueldos y salarios	60.6		
La Oliva	2022	Sueldos y salarios	60.7		
La Oliva	2021	Sueldos y salarios	53.7		
La Oliva	2020	Sueldos y salarios	51		
La Oliva	2019	Sueldos y salarios	64.5		
La Oliva	2018	Sueldos y salarios	65.4		
La Oliva	2017	Sueldos y salarios	66.6		
La Oliva	2016	Sueldos y salarios	66.2		
La Oliva	2015	Sueldos y salarios	66		
La Oliva	2023	Pensiones	11.4		
La Oliva	2022	Pensiones	11.2		
La Oliva	2021	Pensiones	11.9		
La Oliva	2020	Pensiones	12.1		
La Oliva	2019	Pensiones	10.1		
La Oliva	2018	Pensiones	9.8		
La Oliva	2017	Pensiones	10		
La Oliva	2016	Pensiones	10.6		
La Oliva	2015	Pensiones	10.6		
La Oliva	2023	Prestaciones por desempleo	2.7		
La Oliva	2022	Prestaciones por desempleo	3		
La Oliva	2021	Prestaciones por desempleo	11		
La Oliva	2020	Prestaciones por desempleo	17.4		
La Oliva	2019	Prestaciones por desempleo	4.3		
La Oliva	2018	Prestaciones por desempleo	4		
La Oliva	2017	Prestaciones por desempleo	3.9		
La Oliva	2016	Prestaciones por desempleo	4.3		
La Oliva	2015	Prestaciones por desempleo	4.9		
La Oliva	2023	Otras prestaciones	3.2		
La Oliva	2022	Otras prestaciones	3.5		
La Oliva	2021	Otras prestaciones	3.3		
La Oliva	2020	Otras prestaciones	3.1		
La Oliva	2019	Otras prestaciones	2.5		
La Oliva	2018	Otras prestaciones	2.4		
La Oliva	2017	Otras prestaciones	2.2		
La Oliva	2016	Otras prestaciones	2.1		
La Oliva	2015	Otras prestaciones	2		
La Oliva	2023	Otros ingresos	22		
La Oliva	2022	Otros ingresos	21.7		
La Oliva	2021	Otros ingresos	20.2		
La Oliva	2020	Otros ingresos	16.4		
La Oliva	2019	Otros ingresos	18.7		
La Oliva	2018	Otros ingresos	18.4		
La Oliva	2017	Otros ingresos	17.3		
La Oliva	2016	Otros ingresos	16.7		
La Oliva	2015	Otros ingresos	16.5		
Pájara	2023	Sueldos y salarios	73		
Pájara	2022	Sueldos y salarios	71.9		
Pájara	2021	Sueldos y salarios	58.5		
Pájara	2020	Sueldos y salarios	51.1		
Pájara	2019	Sueldos y salarios	73.9		
Pájara	2018	Sueldos y salarios	74.3		
Pájara	2017	Sueldos y salarios	75.5		
Pájara	2016	Sueldos y salarios	76		
Pájara	2015	Sueldos y salarios	74.6		
Pájara	2023	Pensiones	9.3		
Pájara	2022	Pensiones	9.4		
Pájara	2021	Pensiones	10.1		
Pájara	2020	Pensiones	10.2		
Pájara	2019	Pensiones	7.8		
Pájara	2018	Pensiones	7.4		
Pájara	2017	Pensiones	7.4		
Pájara	2016	Pensiones	7.5		
Pájara	2015	Pensiones	7.7		
Pájara	2023	Prestaciones por desempleo	2.5		
Pájara	2022	Prestaciones por desempleo	3.2		
Pájara	2021	Prestaciones por desempleo	16.2		
Pájara	2020	Prestaciones por desempleo	26		
Pájara	2019	Prestaciones por desempleo	4.9		
Pájara	2018	Prestaciones por desempleo	4.7		
Pájara	2017	Prestaciones por desempleo	4.1		
Pájara	2016	Prestaciones por desempleo	4.1		
Pájara	2015	Prestaciones por desempleo	5		
Pájara	2023	Otras prestaciones	3.7		
Pájara	2022	Otras prestaciones	3.7		
Pájara	2021	Otras prestaciones	3.7		
Pájara	2020	Otras prestaciones	3.7		
Pájara	2019	Otras prestaciones	2.7		
Pájara	2018	Otras prestaciones	2.6		
Pájara	2017	Otras prestaciones	2.1		
Pájara	2016	Otras prestaciones	1.8		
Pájara	2015	Otras prestaciones	1.8		
Pájara	2023	Otros ingresos	11.4		
Pájara	2022	Otros ingresos	11.9		
Pájara	2021	Otros ingresos	11.5		
Pájara	2020	Otros ingresos	8.9		
Pájara	2019	Otros ingresos	10.8		
Pájara	2018	Otros ingresos	10.9		
Pájara	2017	Otros ingresos	11		
Pájara	2016	Otros ingresos	10.7		
Pájara	2015	Otros ingresos	10.9		
Puerto del Rosario	2023	Sueldos y salarios	70.1		
Puerto del Rosario	2022	Sueldos y salarios	69.8		
Puerto del Rosario	2021	Sueldos y salarios	66		
Puerto del Rosario	2020	Sueldos y salarios	63.4		
Puerto del Rosario	2019	Sueldos y salarios	70.6		
Puerto del Rosario	2018	Sueldos y salarios	71.5		
Puerto del Rosario	2017	Sueldos y salarios	71.7		
Puerto del Rosario	2016	Sueldos y salarios	71.6		
Puerto del Rosario	2015	Sueldos y salarios	70.8		
Puerto del Rosario	2023	Pensiones	12		
Puerto del Rosario	2022	Pensiones	12		
Puerto del Rosario	2021	Pensiones	12.2		
Puerto del Rosario	2020	Pensiones	12.5		
Puerto del Rosario	2019	Pensiones	11.2		
Puerto del Rosario	2018	Pensiones	10.8		
Puerto del Rosario	2017	Pensiones	11.5		
Puerto del Rosario	2016	Pensiones	11.7		
Puerto del Rosario	2015	Pensiones	11.7		
Puerto del Rosario	2023	Prestaciones por desempleo	2.4		
Puerto del Rosario	2022	Prestaciones por desempleo	2.7		
Puerto del Rosario	2021	Prestaciones por desempleo	6.9		
Puerto del Rosario	2020	Prestaciones por desempleo	10.7		
Puerto del Rosario	2019	Prestaciones por desempleo	3.4		
Puerto del Rosario	2018	Prestaciones por desempleo	3.1		
Puerto del Rosario	2017	Prestaciones por desempleo	3.4		
Puerto del Rosario	2016	Prestaciones por desempleo	3.6		
Puerto del Rosario	2015	Prestaciones por desempleo	4.1		
Puerto del Rosario	2023	Otras prestaciones	3.9		
Puerto del Rosario	2022	Otras prestaciones	4.1		
Puerto del Rosario	2021	Otras prestaciones	3.9		
Puerto del Rosario	2020	Otras prestaciones	3.6		
Puerto del Rosario	2019	Otras prestaciones	3.4		
Puerto del Rosario	2018	Otras prestaciones	3		
Puerto del Rosario	2017	Otras prestaciones	2.8		
Puerto del Rosario	2016	Otras prestaciones	2.4		
Puerto del Rosario	2015	Otras prestaciones	3.1		
Puerto del Rosario	2023	Otros ingresos	11.7		
Puerto del Rosario	2022	Otros ingresos	11.4		
Puerto del Rosario	2021	Otros ingresos	11		
Puerto del Rosario	2020	Otros ingresos	9.8		
Puerto del Rosario	2019	Otros ingresos	11.4		
Puerto del Rosario	2018	Otros ingresos	11.6		
Puerto del Rosario	2017	Otros ingresos	10.7		
Puerto del Rosario	2016	Otros ingresos	10.6		
Puerto del Rosario	2015	Otros ingresos	10.3		
Tuineje	2023	Sueldos y salarios	67.3		
Tuineje	2022	Sueldos y salarios	66.7		
Tuineje	2021	Sueldos y salarios	59.1		
Tuineje	2020	Sueldos y salarios	54.9		
Tuineje	2019	Sueldos y salarios	69		
Tuineje	2018	Sueldos y salarios	69.4		
Tuineje	2017	Sueldos y salarios	70.4		
Tuineje	2016	Sueldos y salarios	69.6		
Tuineje	2015	Sueldos y salarios	68.5		
Tuineje	2023	Pensiones	13.4		
Tuineje	2022	Pensiones	13.4		
Tuineje	2021	Pensiones	13.8		
Tuineje	2020	Pensiones	14		
Tuineje	2019	Pensiones	12.3		
Tuineje	2018	Pensiones	11.9		
Tuineje	2017	Pensiones	11.8		
Tuineje	2016	Pensiones	12.1		
Tuineje	2015	Pensiones	13		
Tuineje	2023	Prestaciones por desempleo	2.6		
Tuineje	2022	Prestaciones por desempleo	3.2		
Tuineje	2021	Prestaciones por desempleo	10.6		
Tuineje	2020	Prestaciones por desempleo	17.1		
Tuineje	2019	Prestaciones por desempleo	4.6		
Tuineje	2018	Prestaciones por desempleo	4.2		
Tuineje	2017	Prestaciones por desempleo	4.1		
Tuineje	2016	Prestaciones por desempleo	4.3		
Tuineje	2015	Prestaciones por desempleo	5.1		
Tuineje	2023	Otras prestaciones	4.7		
Tuineje	2022	Otras prestaciones	4.7		
Tuineje	2021	Otras prestaciones	4.3		
Tuineje	2020	Otras prestaciones	4.3		
Tuineje	2019	Otras prestaciones	3.5		
Tuineje	2018	Otras prestaciones	3.4		
Tuineje	2017	Otras prestaciones	3		
Tuineje	2016	Otras prestaciones	2.7		
Tuineje	2015	Otras prestaciones	2.8		
Tuineje	2023	Otros ingresos	12		
Tuineje	2022	Otros ingresos	12		
Tuineje	2021	Otros ingresos	12.1		
Tuineje	2020	Otros ingresos	9.7		
Tuineje	2019	Otros ingresos	10.6		
Tuineje	2018	Otros ingresos	11.2		
Tuineje	2017	Otros ingresos	10.7		
Tuineje	2016	Otros ingresos	11.3		
Tuineje	2015	Otros ingresos	10.6		
Gran Canaria	2023	Sueldos y salarios	60.4		
Gran Canaria	2022	Sueldos y salarios	60.5		
Gran Canaria	2021	Sueldos y salarios	58.6		
Gran Canaria	2020	Sueldos y salarios	56.9		
Gran Canaria	2019	Sueldos y salarios	61.6		
Gran Canaria	2018	Sueldos y salarios	61.9		
Gran Canaria	2017	Sueldos y salarios	61.7		
Gran Canaria	2016	Sueldos y salarios	61.9		
Gran Canaria	2015	Sueldos y salarios	61.3		
Gran Canaria	2023	Pensiones	18.3		
Gran Canaria	2022	Pensiones	18.5		
Gran Canaria	2021	Pensiones	18.6		
Gran Canaria	2020	Pensiones	19.4		
Gran Canaria	2019	Pensiones	18.1		
Gran Canaria	2018	Pensiones	18		
Gran Canaria	2017	Pensiones	18.2		
Gran Canaria	2016	Pensiones	18.4		
Gran Canaria	2015	Pensiones	18.7		
Gran Canaria	2023	Prestaciones por desempleo	2.3		
Gran Canaria	2022	Prestaciones por desempleo	2.5		
Gran Canaria	2021	Prestaciones por desempleo	4.9		
Gran Canaria	2020	Prestaciones por desempleo	7.4		
Gran Canaria	2019	Prestaciones por desempleo	2.8		
Gran Canaria	2018	Prestaciones por desempleo	2.7		
Gran Canaria	2017	Prestaciones por desempleo	2.8		
Gran Canaria	2016	Prestaciones por desempleo	3.2		
Gran Canaria	2015	Prestaciones por desempleo	3.6		
Gran Canaria	2023	Otras prestaciones	5.5		
Gran Canaria	2022	Otras prestaciones	5.3		
Gran Canaria	2021	Otras prestaciones	5.3		
Gran Canaria	2020	Otras prestaciones	5		
Gran Canaria	2019	Otras prestaciones	4.4		
Gran Canaria	2018	Otras prestaciones	4.3		
Gran Canaria	2017	Otras prestaciones	4.3		
Gran Canaria	2016	Otras prestaciones	4		
Gran Canaria	2015	Otras prestaciones	4		
Gran Canaria	2023	Otros ingresos	13.6		
Gran Canaria	2022	Otros ingresos	13.3		
Gran Canaria	2021	Otros ingresos	12.5		
Gran Canaria	2020	Otros ingresos	11.3		
Gran Canaria	2019	Otros ingresos	13.2		
Gran Canaria	2018	Otros ingresos	13.1		
Gran Canaria	2017	Otros ingresos	13		
Gran Canaria	2016	Otros ingresos	12.5		
Gran Canaria	2015	Otros ingresos	12.4		
Agaete	2023	Sueldos y salarios	57.2		
Agaete	2022	Sueldos y salarios	58.1		
Agaete	2021	Sueldos y salarios	58.9		
Agaete	2020	Sueldos y salarios	56.8		
Agaete	2019	Sueldos y salarios	58.1		
Agaete	2018	Sueldos y salarios	57.7		
Agaete	2017	Sueldos y salarios	57.3		
Agaete	2016	Sueldos y salarios	58.2		
Agaete	2015	Sueldos y salarios	57.7		
Agaete	2023	Pensiones	22.3		
Agaete	2022	Pensiones	22.4		
Agaete	2021	Pensiones	23		
Agaete	2020	Pensiones	23.8		
Agaete	2019	Pensiones	22.9		
Agaete	2018	Pensiones	24.5		
Agaete	2017	Pensiones	24.4		
Agaete	2016	Pensiones	24.2		
Agaete	2015	Pensiones	24.5		
Agaete	2023	Prestaciones por desempleo	2.7		
Agaete	2022	Prestaciones por desempleo	2.6		
Agaete	2021	Prestaciones por desempleo	3.8		
Agaete	2020	Prestaciones por desempleo	6.3		
Agaete	2019	Prestaciones por desempleo	3.3		
Agaete	2018	Prestaciones por desempleo	3.2		
Agaete	2017	Prestaciones por desempleo	3.5		
Agaete	2016	Prestaciones por desempleo	4		
Agaete	2015	Prestaciones por desempleo	4.2		
Agaete	2023	Otras prestaciones	6.7		
Agaete	2022	Otras prestaciones	6.3		
Agaete	2021	Otras prestaciones	6.4		
Agaete	2020	Otras prestaciones	6.1		
Agaete	2019	Otras prestaciones	5.2		
Agaete	2018	Otras prestaciones	5.2		
Agaete	2017	Otras prestaciones	5.5		
Agaete	2016	Otras prestaciones	5.1		
Agaete	2015	Otras prestaciones	5.2		
Agaete	2023	Otros ingresos	11.1		
Agaete	2022	Otros ingresos	10.5		
Agaete	2021	Otros ingresos	8		
Agaete	2020	Otros ingresos	7.1		
Agaete	2019	Otros ingresos	10.5		
Agaete	2018	Otros ingresos	9.5		
Agaete	2017	Otros ingresos	9.3		
Agaete	2016	Otros ingresos	8.5		
Agaete	2015	Otros ingresos	8.4		
Agüimes	2023	Sueldos y salarios	66.3		
Agüimes	2022	Sueldos y salarios	66.5		
Agüimes	2021	Sueldos y salarios	62.1		
Agüimes	2020	Sueldos y salarios	59.8		
Agüimes	2019	Sueldos y salarios	68.1		
Agüimes	2018	Sueldos y salarios	68.3		
Agüimes	2017	Sueldos y salarios	68.2		
Agüimes	2016	Sueldos y salarios	68		
Agüimes	2015	Sueldos y salarios	67.3		
Agüimes	2023	Pensiones	15.3		
Agüimes	2022	Pensiones	15.3		
Agüimes	2021	Pensiones	15.6		
Agüimes	2020	Pensiones	16		
Agüimes	2019	Pensiones	14.7		
Agüimes	2018	Pensiones	14.5		
Agüimes	2017	Pensiones	14.6		
Agüimes	2016	Pensiones	14.6		
Agüimes	2015	Pensiones	15.1		
Agüimes	2023	Prestaciones por desempleo	2.6		
Agüimes	2022	Prestaciones por desempleo	3		
Agüimes	2021	Prestaciones por desempleo	7.3		
Agüimes	2020	Prestaciones por desempleo	10.7		
Agüimes	2019	Prestaciones por desempleo	3.6		
Agüimes	2018	Prestaciones por desempleo	3.6		
Agüimes	2017	Prestaciones por desempleo	3.8		
Agüimes	2016	Prestaciones por desempleo	4.4		
Agüimes	2015	Prestaciones por desempleo	4.8		
Agüimes	2023	Otras prestaciones	5.5		
Agüimes	2022	Otras prestaciones	5.4		
Agüimes	2021	Otras prestaciones	5.6		
Agüimes	2020	Otras prestaciones	5.3		
Agüimes	2019	Otras prestaciones	4.6		
Agüimes	2018	Otras prestaciones	4.5		
Agüimes	2017	Otras prestaciones	4.6		
Agüimes	2016	Otras prestaciones	4.2		
Agüimes	2015	Otras prestaciones	4		
Agüimes	2023	Otros ingresos	10.4		
Agüimes	2022	Otros ingresos	9.9		
Agüimes	2021	Otros ingresos	9.4		
Agüimes	2020	Otros ingresos	8.3		
Agüimes	2019	Otros ingresos	9.1		
Agüimes	2018	Otros ingresos	9.1		
Agüimes	2017	Otros ingresos	8.8		
Agüimes	2016	Otros ingresos	8.8		
Agüimes	2015	Otros ingresos	8.7		
Artenara	2023	Sueldos y salarios	57.9		
Artenara	2022	Sueldos y salarios	59.5		
Artenara	2021	Sueldos y salarios	58.1		
Artenara	2020	Sueldos y salarios	58.2		
Artenara	2019	Sueldos y salarios	59.6		
Artenara	2018	Sueldos y salarios	59.3		
Artenara	2017	Sueldos y salarios	59.1		
Artenara	2016	Sueldos y salarios	59.8		
Artenara	2015	Sueldos y salarios	59.6		
Artenara	2023	Pensiones	23.8		
Artenara	2022	Pensiones	24.6		
Artenara	2021	Pensiones	23.7		
Artenara	2020	Pensiones	24.9		
Artenara	2019	Pensiones	24.4		
Artenara	2018	Pensiones	24.7		
Artenara	2017	Pensiones	24.7		
Artenara	2016	Pensiones	25.4		
Artenara	2015	Pensiones	25		
Artenara	2023	Prestaciones por desempleo	2.2		
Artenara	2022	Prestaciones por desempleo	2.3		
Artenara	2021	Prestaciones por desempleo	3.5		
Artenara	2020	Prestaciones por desempleo	5.4		
Artenara	2019	Prestaciones por desempleo	3.1		
Artenara	2018	Prestaciones por desempleo	2.7		
Artenara	2017	Prestaciones por desempleo	3.4		
Artenara	2016	Prestaciones por desempleo	3.6		
Artenara	2015	Prestaciones por desempleo	3.6		
Artenara	2023	Otras prestaciones	5.1		
Artenara	2022	Otras prestaciones	5.2		
Artenara	2021	Otras prestaciones	5.9		
Artenara	2020	Otras prestaciones	5.4		
Artenara	2019	Otras prestaciones	5.4		
Artenara	2018	Otras prestaciones	5.3		
Artenara	2017	Otras prestaciones	5.5		
Artenara	2016	Otras prestaciones	4.7		
Artenara	2015	Otras prestaciones	4.9		
Artenara	2023	Otros ingresos	11		
Artenara	2022	Otros ingresos	8.4		
Artenara	2021	Otros ingresos	8.9		
Artenara	2020	Otros ingresos	6.2		
Artenara	2019	Otros ingresos	7.5		
Artenara	2018	Otros ingresos	8.1		
Artenara	2017	Otros ingresos	7.2		
Artenara	2016	Otros ingresos	6.5		
Artenara	2015	Otros ingresos	7		
Arucas	2023	Sueldos y salarios	64.7		
Arucas	2022	Sueldos y salarios	64.7		
Arucas	2021	Sueldos y salarios	64.6		
Arucas	2020	Sueldos y salarios	63.2		
Arucas	2019	Sueldos y salarios	66.4		
Arucas	2018	Sueldos y salarios	66.4		
Arucas	2017	Sueldos y salarios	66.1		
Arucas	2016	Sueldos y salarios	67		
Arucas	2015	Sueldos y salarios	65.7		
Arucas	2023	Pensiones	17.9		
Arucas	2022	Pensiones	17.9		
Arucas	2021	Pensiones	17.4		
Arucas	2020	Pensiones	18.2		
Arucas	2019	Pensiones	17.5		
Arucas	2018	Pensiones	17.6		
Arucas	2017	Pensiones	18.2		
Arucas	2016	Pensiones	18		
Arucas	2015	Pensiones	18.4		
Arucas	2023	Prestaciones por desempleo	2.3		
Arucas	2022	Prestaciones por desempleo	2.4		
Arucas	2021	Prestaciones por desempleo	3.5		
Arucas	2020	Prestaciones por desempleo	5.6		
Arucas	2019	Prestaciones por desempleo	2.5		
Arucas	2018	Prestaciones por desempleo	2.5		
Arucas	2017	Prestaciones por desempleo	2.6		
Arucas	2016	Prestaciones por desempleo	2.9		
Arucas	2015	Prestaciones por desempleo	3.4		
Arucas	2023	Otras prestaciones	5.7		
Arucas	2022	Otras prestaciones	5.3		
Arucas	2021	Otras prestaciones	5.2		
Arucas	2020	Otras prestaciones	4.9		
Arucas	2019	Otras prestaciones	4.3		
Arucas	2018	Otras prestaciones	4.2		
Arucas	2017	Otras prestaciones	4.2		
Arucas	2016	Otras prestaciones	3.9		
Arucas	2015	Otras prestaciones	3.8		
Arucas	2023	Otros ingresos	9.5		
Arucas	2022	Otros ingresos	9.7		
Arucas	2021	Otros ingresos	9.3		
Arucas	2020	Otros ingresos	8.1		
Arucas	2019	Otros ingresos	9.2		
Arucas	2018	Otros ingresos	9.3		
Arucas	2017	Otros ingresos	9		
Arucas	2016	Otros ingresos	8.2		
Arucas	2015	Otros ingresos	8.6		
Firgas	2023	Sueldos y salarios	62.9		
Firgas	2022	Sueldos y salarios	63.3		
Firgas	2021	Sueldos y salarios	62.1		
Firgas	2020	Sueldos y salarios	60.7		
Firgas	2019	Sueldos y salarios	63.9		
Firgas	2018	Sueldos y salarios	63.6		
Firgas	2017	Sueldos y salarios	63.7		
Firgas	2016	Sueldos y salarios	63.4		
Firgas	2015	Sueldos y salarios	62.4		
Firgas	2023	Pensiones	19		
Firgas	2022	Pensiones	19.1		
Firgas	2021	Pensiones	19.5		
Firgas	2020	Pensiones	21		
Firgas	2019	Pensiones	20		
Firgas	2018	Pensiones	20.1		
Firgas	2017	Pensiones	19.9		
Firgas	2016	Pensiones	20.1		
Firgas	2015	Pensiones	20.8		
Firgas	2023	Prestaciones por desempleo	2.5		
Firgas	2022	Prestaciones por desempleo	2.7		
Firgas	2021	Prestaciones por desempleo	3.8		
Firgas	2020	Prestaciones por desempleo	5.6		
Firgas	2019	Prestaciones por desempleo	2.6		
Firgas	2018	Prestaciones por desempleo	2.6		
Firgas	2017	Prestaciones por desempleo	2.7		
Firgas	2016	Prestaciones por desempleo	3		
Firgas	2015	Prestaciones por desempleo	3.5		
Firgas	2023	Otras prestaciones	6.2		
Firgas	2022	Otras prestaciones	5.9		
Firgas	2021	Otras prestaciones	5.9		
Firgas	2020	Otras prestaciones	5.5		
Firgas	2019	Otras prestaciones	5		
Firgas	2018	Otras prestaciones	4.8		
Firgas	2017	Otras prestaciones	4.9		
Firgas	2016	Otras prestaciones	4.7		
Firgas	2015	Otras prestaciones	4.6		
Firgas	2023	Otros ingresos	9.4		
Firgas	2022	Otros ingresos	9.1		
Firgas	2021	Otros ingresos	8.7		
Firgas	2020	Otros ingresos	7.3		
Firgas	2019	Otros ingresos	8.5		
Firgas	2018	Otros ingresos	9		
Firgas	2017	Otros ingresos	8.9		
Firgas	2016	Otros ingresos	8.9		
Firgas	2015	Otros ingresos	8.7		
Gáldar	2023	Sueldos y salarios	59.5		
Gáldar	2022	Sueldos y salarios	59.9		
Gáldar	2021	Sueldos y salarios	59.8		
Gáldar	2020	Sueldos y salarios	57.9		
Gáldar	2019	Sueldos y salarios	60.1		
Gáldar	2018	Sueldos y salarios	60.4		
Gáldar	2017	Sueldos y salarios	59.9		
Gáldar	2016	Sueldos y salarios	59.2		
Gáldar	2015	Sueldos y salarios	58.3		
Gáldar	2023	Pensiones	20.4		
Gáldar	2022	Pensiones	20.2		
Gáldar	2021	Pensiones	19.8		
Gáldar	2020	Pensiones	20.5		
Gáldar	2019	Pensiones	20		
Gáldar	2018	Pensiones	20		
Gáldar	2017	Pensiones	20.4		
Gáldar	2016	Pensiones	20.8		
Gáldar	2015	Pensiones	21.4		
Gáldar	2023	Prestaciones por desempleo	2.7		
Gáldar	2022	Prestaciones por desempleo	2.8		
Gáldar	2021	Prestaciones por desempleo	3.6		
Gáldar	2020	Prestaciones por desempleo	5.4		
Gáldar	2019	Prestaciones por desempleo	3		
Gáldar	2018	Prestaciones por desempleo	3.1		
Gáldar	2017	Prestaciones por desempleo	3.3		
Gáldar	2016	Prestaciones por desempleo	3.8		
Gáldar	2015	Prestaciones por desempleo	4.3		
Gáldar	2023	Otras prestaciones	7.9		
Gáldar	2022	Otras prestaciones	7.6		
Gáldar	2021	Otras prestaciones	7.6		
Gáldar	2020	Otras prestaciones	7.1		
Gáldar	2019	Otras prestaciones	6.4		
Gáldar	2018	Otras prestaciones	6.4		
Gáldar	2017	Otras prestaciones	6.8		
Gáldar	2016	Otras prestaciones	6.4		
Gáldar	2015	Otras prestaciones	6.3		
Gáldar	2023	Otros ingresos	9.6		
Gáldar	2022	Otros ingresos	9.6		
Gáldar	2021	Otros ingresos	9.2		
Gáldar	2020	Otros ingresos	9.2		
Gáldar	2019	Otros ingresos	10.5		
Gáldar	2018	Otros ingresos	10.2		
Gáldar	2017	Otros ingresos	9.6		
Gáldar	2016	Otros ingresos	10		
Gáldar	2015	Otros ingresos	9.8		
Ingenio	2023	Sueldos y salarios	64.5		
Ingenio	2022	Sueldos y salarios	64.4		
Ingenio	2021	Sueldos y salarios	60.2		
Ingenio	2020	Sueldos y salarios	57.5		
Ingenio	2019	Sueldos y salarios	65.6		
Ingenio	2018	Sueldos y salarios	66.4		
Ingenio	2017	Sueldos y salarios	65.8		
Ingenio	2016	Sueldos y salarios	66.1		
Ingenio	2015	Sueldos y salarios	64.9		
Ingenio	2023	Pensiones	17.3		
Ingenio	2022	Pensiones	17.5		
Ingenio	2021	Pensiones	17.5		
Ingenio	2020	Pensiones	17.7		
Ingenio	2019	Pensiones	16.8		
Ingenio	2018	Pensiones	16.5		
Ingenio	2017	Pensiones	16.7		
Ingenio	2016	Pensiones	17		
Ingenio	2015	Pensiones	17.2		
Ingenio	2023	Prestaciones por desempleo	2.9		
Ingenio	2022	Prestaciones por desempleo	3.1		
Ingenio	2021	Prestaciones por desempleo	7.3		
Ingenio	2020	Prestaciones por desempleo	11.1		
Ingenio	2019	Prestaciones por desempleo	3.8		
Ingenio	2018	Prestaciones por desempleo	3.8		
Ingenio	2017	Prestaciones por desempleo	4		
Ingenio	2016	Prestaciones por desempleo	4.3		
Ingenio	2015	Prestaciones por desempleo	5		
Ingenio	2023	Otras prestaciones	6.9		
Ingenio	2022	Otras prestaciones	6.7		
Ingenio	2021	Otras prestaciones	6.8		
Ingenio	2020	Otras prestaciones	6.4		
Ingenio	2019	Otras prestaciones	5.6		
Ingenio	2018	Otras prestaciones	5.4		
Ingenio	2017	Otras prestaciones	5.5		
Ingenio	2016	Otras prestaciones	5.2		
Ingenio	2015	Otras prestaciones	5.1		
Ingenio	2023	Otros ingresos	8.5		
Ingenio	2022	Otros ingresos	8.3		
Ingenio	2021	Otros ingresos	8.2		
Ingenio	2020	Otros ingresos	7.2		
Ingenio	2019	Otros ingresos	8.1		
Ingenio	2018	Otros ingresos	7.9		
Ingenio	2017	Otros ingresos	8		
Ingenio	2016	Otros ingresos	7.5		
Ingenio	2015	Otros ingresos	7.9		
Mogán	2023	Sueldos y salarios	59.7		
Mogán	2022	Sueldos y salarios	59.4		
Mogán	2021	Sueldos y salarios	47.4		
Mogán	2020	Sueldos y salarios	45.8		
Mogán	2019	Sueldos y salarios	61		
Mogán	2018	Sueldos y salarios	61		
Mogán	2017	Sueldos y salarios	61.8		
Mogán	2016	Sueldos y salarios	62.1		
Mogán	2015	Sueldos y salarios	60.3		
Mogán	2023	Pensiones	15.5		
Mogán	2022	Pensiones	15.8		
Mogán	2021	Pensiones	16.9		
Mogán	2020	Pensiones	17.3		
Mogán	2019	Pensiones	14.9		
Mogán	2018	Pensiones	14.5		
Mogán	2017	Pensiones	14.2		
Mogán	2016	Pensiones	14.2		
Mogán	2015	Pensiones	14.5		
Mogán	2023	Prestaciones por desempleo	2.6		
Mogán	2022	Prestaciones por desempleo	3.2		
Mogán	2021	Prestaciones por desempleo	14.8		
Mogán	2020	Prestaciones por desempleo	19.8		
Mogán	2019	Prestaciones por desempleo	3.7		
Mogán	2018	Prestaciones por desempleo	3.5		
Mogán	2017	Prestaciones por desempleo	3.7		
Mogán	2016	Prestaciones por desempleo	3.9		
Mogán	2015	Prestaciones por desempleo	4.6		
Mogán	2023	Otras prestaciones	4.4		
Mogán	2022	Otras prestaciones	4.1		
Mogán	2021	Otras prestaciones	4.5		
Mogán	2020	Otras prestaciones	4.4		
Mogán	2019	Otras prestaciones	3.4		
Mogán	2018	Otras prestaciones	3.2		
Mogán	2017	Otras prestaciones	2.9		
Mogán	2016	Otras prestaciones	2.7		
Mogán	2015	Otras prestaciones	2.7		
Mogán	2023	Otros ingresos	17.8		
Mogán	2022	Otros ingresos	17.6		
Mogán	2021	Otros ingresos	16.4		
Mogán	2020	Otros ingresos	12.8		
Mogán	2019	Otros ingresos	17		
Mogán	2018	Otros ingresos	17.8		
Mogán	2017	Otros ingresos	17.4		
Mogán	2016	Otros ingresos	17.2		
Mogán	2015	Otros ingresos	17.9		
Moya	2023	Sueldos y salarios	55.1		
Moya	2022	Sueldos y salarios	56.1		
Moya	2021	Sueldos y salarios	56.1		
Moya	2020	Sueldos y salarios	55.2		
Moya	2019	Sueldos y salarios	57.6		
Moya	2018	Sueldos y salarios	57.7		
Moya	2017	Sueldos y salarios	56.5		
Moya	2016	Sueldos y salarios	57.1		
Moya	2015	Sueldos y salarios	54.8		
Moya	2023	Pensiones	20.4		
Moya	2022	Pensiones	21		
Moya	2021	Pensiones	20.8		
Moya	2020	Pensiones	21.3		
Moya	2019	Pensiones	21		
Moya	2018	Pensiones	20.5		
Moya	2017	Pensiones	21.1		
Moya	2016	Pensiones	22.1		
Moya	2015	Pensiones	22.9		
Moya	2023	Prestaciones por desempleo	2.6		
Moya	2022	Prestaciones por desempleo	2.6		
Moya	2021	Prestaciones por desempleo	3.8		
Moya	2020	Prestaciones por desempleo	5.7		
Moya	2019	Prestaciones por desempleo	2.9		
Moya	2018	Prestaciones por desempleo	2.8		
Moya	2017	Prestaciones por desempleo	3.1		
Moya	2016	Prestaciones por desempleo	3.5		
Moya	2015	Prestaciones por desempleo	4.1		
Moya	2023	Otras prestaciones	7.3		
Moya	2022	Otras prestaciones	6.7		
Moya	2021	Otras prestaciones	6.9		
Moya	2020	Otras prestaciones	6.6		
Moya	2019	Otras prestaciones	6		
Moya	2018	Otras prestaciones	5.6		
Moya	2017	Otras prestaciones	6		
Moya	2016	Otras prestaciones	5.5		
Moya	2015	Otras prestaciones	5.9		
Moya	2023	Otros ingresos	14.7		
Moya	2022	Otros ingresos	13.6		
Moya	2021	Otros ingresos	12.4		
Moya	2020	Otros ingresos	11.2		
Moya	2019	Otros ingresos	12.6		
Moya	2018	Otros ingresos	13.5		
Moya	2017	Otros ingresos	13.3		
Moya	2016	Otros ingresos	11.8		
Moya	2015	Otros ingresos	12.3		
Las Palmas de Gran Canaria	2023	Sueldos y salarios	58.6		
Las Palmas de Gran Canaria	2022	Sueldos y salarios	58.6		
Las Palmas de Gran Canaria	2021	Sueldos y salarios	58.2		
Las Palmas de Gran Canaria	2020	Sueldos y salarios	56.7		
Las Palmas de Gran Canaria	2019	Sueldos y salarios	59.6		
Las Palmas de Gran Canaria	2018	Sueldos y salarios	60.1		
Las Palmas de Gran Canaria	2017	Sueldos y salarios	59.7		
Las Palmas de Gran Canaria	2016	Sueldos y salarios	60		
Las Palmas de Gran Canaria	2015	Sueldos y salarios	59.6		
Las Palmas de Gran Canaria	2023	Pensiones	19.6		
Las Palmas de Gran Canaria	2022	Pensiones	19.8		
Las Palmas de Gran Canaria	2021	Pensiones	19.8		
Las Palmas de Gran Canaria	2020	Pensiones	20.9		
Las Palmas de Gran Canaria	2019	Pensiones	19.6		
Las Palmas de Gran Canaria	2018	Pensiones	19.5		
Las Palmas de Gran Canaria	2017	Pensiones	19.8		
Las Palmas de Gran Canaria	2016	Pensiones	20.2		
Las Palmas de Gran Canaria	2015	Pensiones	20.3		
Las Palmas de Gran Canaria	2023	Prestaciones por desempleo	1.9		
Las Palmas de Gran Canaria	2022	Prestaciones por desempleo	2.1		
Las Palmas de Gran Canaria	2021	Prestaciones por desempleo	3.3		
Las Palmas de Gran Canaria	2020	Prestaciones por desempleo	5.1		
Las Palmas de Gran Canaria	2019	Prestaciones por desempleo	2.2		
Las Palmas de Gran Canaria	2018	Prestaciones por desempleo	2.2		
Las Palmas de Gran Canaria	2017	Prestaciones por desempleo	2.3		
Las Palmas de Gran Canaria	2016	Prestaciones por desempleo	2.6		
Las Palmas de Gran Canaria	2015	Prestaciones por desempleo	3		
Las Palmas de Gran Canaria	2023	Otras prestaciones	5.1		
Las Palmas de Gran Canaria	2022	Otras prestaciones	5		
Las Palmas de Gran Canaria	2021	Otras prestaciones	4.9		
Las Palmas de Gran Canaria	2020	Otras prestaciones	4.7		
Las Palmas de Gran Canaria	2019	Otras prestaciones	4.2		
Las Palmas de Gran Canaria	2018	Otras prestaciones	4.1		
Las Palmas de Gran Canaria	2017	Otras prestaciones	4.1		
Las Palmas de Gran Canaria	2016	Otras prestaciones	3.9		
Las Palmas de Gran Canaria	2015	Otras prestaciones	3.7		
Las Palmas de Gran Canaria	2023	Otros ingresos	14.8		
Las Palmas de Gran Canaria	2022	Otros ingresos	14.5		
Las Palmas de Gran Canaria	2021	Otros ingresos	13.7		
Las Palmas de Gran Canaria	2020	Otros ingresos	12.6		
Las Palmas de Gran Canaria	2019	Otros ingresos	14.5		
Las Palmas de Gran Canaria	2018	Otros ingresos	14.2		
Las Palmas de Gran Canaria	2017	Otros ingresos	14.1		
Las Palmas de Gran Canaria	2016	Otros ingresos	13.4		
Las Palmas de Gran Canaria	2015	Otros ingresos	13.4		
San Bartolomé de Tirajana	2023	Sueldos y salarios	56.2		
San Bartolomé de Tirajana	2022	Sueldos y salarios	56.9		
San Bartolomé de Tirajana	2021	Sueldos y salarios	49.7		
San Bartolomé de Tirajana	2020	Sueldos y salarios	47.7		
San Bartolomé de Tirajana	2019	Sueldos y salarios	59.4		
San Bartolomé de Tirajana	2018	Sueldos y salarios	59.6		
San Bartolomé de Tirajana	2017	Sueldos y salarios	60.3		
San Bartolomé de Tirajana	2016	Sueldos y salarios	60.6		
San Bartolomé de Tirajana	2015	Sueldos y salarios	60.5		
San Bartolomé de Tirajana	2023	Pensiones	17.1		
San Bartolomé de Tirajana	2022	Pensiones	17.5		
San Bartolomé de Tirajana	2021	Pensiones	18.1		
San Bartolomé de Tirajana	2020	Pensiones	18.9		
San Bartolomé de Tirajana	2019	Pensiones	15.8		
San Bartolomé de Tirajana	2018	Pensiones	15.1		
San Bartolomé de Tirajana	2017	Pensiones	14.8		
San Bartolomé de Tirajana	2016	Pensiones	14.8		
San Bartolomé de Tirajana	2015	Pensiones	15		
San Bartolomé de Tirajana	2023	Prestaciones por desempleo	2.3		
San Bartolomé de Tirajana	2022	Prestaciones por desempleo	2.7		
San Bartolomé de Tirajana	2021	Prestaciones por desempleo	10.2		
San Bartolomé de Tirajana	2020	Prestaciones por desempleo	15		
San Bartolomé de Tirajana	2019	Prestaciones por desempleo	3.4		
San Bartolomé de Tirajana	2018	Prestaciones por desempleo	3.1		
San Bartolomé de Tirajana	2017	Prestaciones por desempleo	3.1		
San Bartolomé de Tirajana	2016	Prestaciones por desempleo	3.5		
San Bartolomé de Tirajana	2015	Prestaciones por desempleo	3.9		
San Bartolomé de Tirajana	2023	Otras prestaciones	4.3		
San Bartolomé de Tirajana	2022	Otras prestaciones	4.4		
San Bartolomé de Tirajana	2021	Otras prestaciones	4.4		
San Bartolomé de Tirajana	2020	Otras prestaciones	4.5		
San Bartolomé de Tirajana	2019	Otras prestaciones	3.6		
San Bartolomé de Tirajana	2018	Otras prestaciones	3.4		
San Bartolomé de Tirajana	2017	Otras prestaciones	3.2		
San Bartolomé de Tirajana	2016	Otras prestaciones	3.1		
San Bartolomé de Tirajana	2015	Otras prestaciones	3		
San Bartolomé de Tirajana	2023	Otros ingresos	20.1		
San Bartolomé de Tirajana	2022	Otros ingresos	18.5		
San Bartolomé de Tirajana	2021	Otros ingresos	17.5		
San Bartolomé de Tirajana	2020	Otros ingresos	14		
San Bartolomé de Tirajana	2019	Otros ingresos	17.9		
San Bartolomé de Tirajana	2018	Otros ingresos	18.8		
San Bartolomé de Tirajana	2017	Otros ingresos	18.6		
San Bartolomé de Tirajana	2016	Otros ingresos	18.1		
San Bartolomé de Tirajana	2015	Otros ingresos	17.6		
La Aldea de San Nicolás	2023	Sueldos y salarios	52.4		
La Aldea de San Nicolás	2022	Sueldos y salarios	53		
La Aldea de San Nicolás	2021	Sueldos y salarios	51		
La Aldea de San Nicolás	2020	Sueldos y salarios	49.8		
La Aldea de San Nicolás	2019	Sueldos y salarios	53.1		
La Aldea de San Nicolás	2018	Sueldos y salarios	53.9		
La Aldea de San Nicolás	2017	Sueldos y salarios	53.3		
La Aldea de San Nicolás	2016	Sueldos y salarios	52.7		
La Aldea de San Nicolás	2015	Sueldos y salarios	51.1		
La Aldea de San Nicolás	2023	Pensiones	23.9		
La Aldea de San Nicolás	2022	Pensiones	24.3		
La Aldea de San Nicolás	2021	Pensiones	24.8		
La Aldea de San Nicolás	2020	Pensiones	25.2		
La Aldea de San Nicolás	2019	Pensiones	24.3		
La Aldea de San Nicolás	2018	Pensiones	24.2		
La Aldea de San Nicolás	2017	Pensiones	24.9		
La Aldea de San Nicolás	2016	Pensiones	25.9		
La Aldea de San Nicolás	2015	Pensiones	26.2		
La Aldea de San Nicolás	2023	Prestaciones por desempleo	4.5		
La Aldea de San Nicolás	2022	Prestaciones por desempleo	4.6		
La Aldea de San Nicolás	2021	Prestaciones por desempleo	7.2		
La Aldea de San Nicolás	2020	Prestaciones por desempleo	9.2		
La Aldea de San Nicolás	2019	Prestaciones por desempleo	5.5		
La Aldea de San Nicolás	2018	Prestaciones por desempleo	5.4		
La Aldea de San Nicolás	2017	Prestaciones por desempleo	6		
La Aldea de San Nicolás	2016	Prestaciones por desempleo	6.5		
La Aldea de San Nicolás	2015	Prestaciones por desempleo	7.1		
La Aldea de San Nicolás	2023	Otras prestaciones	7.8		
La Aldea de San Nicolás	2022	Otras prestaciones	7.4		
La Aldea de San Nicolás	2021	Otras prestaciones	7.9		
La Aldea de San Nicolás	2020	Otras prestaciones	7.7		
La Aldea de San Nicolás	2019	Otras prestaciones	6.9		
La Aldea de San Nicolás	2018	Otras prestaciones	6.6		
La Aldea de San Nicolás	2017	Otras prestaciones	6.5		
La Aldea de San Nicolás	2016	Otras prestaciones	6.1		
La Aldea de San Nicolás	2015	Otras prestaciones	6.6		
La Aldea de San Nicolás	2023	Otros ingresos	11.5		
La Aldea de San Nicolás	2022	Otros ingresos	10.8		
La Aldea de San Nicolás	2021	Otros ingresos	9.1		
La Aldea de San Nicolás	2020	Otros ingresos	8.1		
La Aldea de San Nicolás	2019	Otros ingresos	10.2		
La Aldea de San Nicolás	2018	Otros ingresos	9.9		
La Aldea de San Nicolás	2017	Otros ingresos	9.5		
La Aldea de San Nicolás	2016	Otros ingresos	8.9		
La Aldea de San Nicolás	2015	Otros ingresos	9.1		
Santa Brígida	2023	Sueldos y salarios	54.6		
Santa Brígida	2022	Sueldos y salarios	54.7		
Santa Brígida	2021	Sueldos y salarios	56.3		
Santa Brígida	2020	Sueldos y salarios	54.3		
Santa Brígida	2019	Sueldos y salarios	54.8		
Santa Brígida	2018	Sueldos y salarios	55.5		
Santa Brígida	2017	Sueldos y salarios	55.8		
Santa Brígida	2016	Sueldos y salarios	56.4		
Santa Brígida	2015	Sueldos y salarios	58.9		
Santa Brígida	2023	Pensiones	16.3		
Santa Brígida	2022	Pensiones	16.2		
Santa Brígida	2021	Pensiones	16.6		
Santa Brígida	2020	Pensiones	17.5		
Santa Brígida	2019	Pensiones	15.8		
Santa Brígida	2018	Pensiones	16.8		
Santa Brígida	2017	Pensiones	15.7		
Santa Brígida	2016	Pensiones	15.2		
Santa Brígida	2015	Pensiones	15.6		
Santa Brígida	2023	Prestaciones por desempleo	1.3		
Santa Brígida	2022	Prestaciones por desempleo	1.4		
Santa Brígida	2021	Prestaciones por desempleo	2.3		
Santa Brígida	2020	Prestaciones por desempleo	3.5		
Santa Brígida	2019	Prestaciones por desempleo	1.4		
Santa Brígida	2018	Prestaciones por desempleo	1.3		
Santa Brígida	2017	Prestaciones por desempleo	1.5		
Santa Brígida	2016	Prestaciones por desempleo	1.7		
Santa Brígida	2015	Prestaciones por desempleo	1.9		
Santa Brígida	2023	Otras prestaciones	3.8		
Santa Brígida	2022	Otras prestaciones	3.6		
Santa Brígida	2021	Otras prestaciones	3.6		
Santa Brígida	2020	Otras prestaciones	3.4		
Santa Brígida	2019	Otras prestaciones	2.9		
Santa Brígida	2018	Otras prestaciones	2.8		
Santa Brígida	2017	Otras prestaciones	2.9		
Santa Brígida	2016	Otras prestaciones	2.7		
Santa Brígida	2015	Otras prestaciones	2.8		
Santa Brígida	2023	Otros ingresos	24		
Santa Brígida	2022	Otros ingresos	24.2		
Santa Brígida	2021	Otros ingresos	21.2		
Santa Brígida	2020	Otros ingresos	21.3		
Santa Brígida	2019	Otros ingresos	25.2		
Santa Brígida	2018	Otros ingresos	23.6		
Santa Brígida	2017	Otros ingresos	24.1		
Santa Brígida	2016	Otros ingresos	23.9		
Santa Brígida	2015	Otros ingresos	20.9		
Santa Lucía de Tirajana	2023	Sueldos y salarios	67.2		
Santa Lucía de Tirajana	2022	Sueldos y salarios	66.7		
Santa Lucía de Tirajana	2021	Sueldos y salarios	59.4		
Santa Lucía de Tirajana	2020	Sueldos y salarios	55.8		
Santa Lucía de Tirajana	2019	Sueldos y salarios	67.8		
Santa Lucía de Tirajana	2018	Sueldos y salarios	68.6		
Santa Lucía de Tirajana	2017	Sueldos y salarios	68.6		
Santa Lucía de Tirajana	2016	Sueldos y salarios	68.3		
Santa Lucía de Tirajana	2015	Sueldos y salarios	67		
Santa Lucía de Tirajana	2023	Pensiones	13.5		
Santa Lucía de Tirajana	2022	Pensiones	13.5		
Santa Lucía de Tirajana	2021	Pensiones	14		
Santa Lucía de Tirajana	2020	Pensiones	14.1		
Santa Lucía de Tirajana	2019	Pensiones	12.7		
Santa Lucía de Tirajana	2018	Pensiones	12.4		
Santa Lucía de Tirajana	2017	Pensiones	12.6		
Santa Lucía de Tirajana	2016	Pensiones	12.9		
Santa Lucía de Tirajana	2015	Pensiones	13.5		
Santa Lucía de Tirajana	2023	Prestaciones por desempleo	3.2		
Santa Lucía de Tirajana	2022	Prestaciones por desempleo	3.6		
Santa Lucía de Tirajana	2021	Prestaciones por desempleo	10.4		
Santa Lucía de Tirajana	2020	Prestaciones por desempleo	15.8		
Santa Lucía de Tirajana	2019	Prestaciones por desempleo	4.7		
Santa Lucía de Tirajana	2018	Prestaciones por desempleo	4.5		
Santa Lucía de Tirajana	2017	Prestaciones por desempleo	4.6		
Santa Lucía de Tirajana	2016	Prestaciones por desempleo	5		
Santa Lucía de Tirajana	2015	Prestaciones por desempleo	5.9		
Santa Lucía de Tirajana	2023	Otras prestaciones	6.2		
Santa Lucía de Tirajana	2022	Otras prestaciones	5.9		
Santa Lucía de Tirajana	2021	Otras prestaciones	6.2		
Santa Lucía de Tirajana	2020	Otras prestaciones	5.7		
Santa Lucía de Tirajana	2019	Otras prestaciones	4.8		
Santa Lucía de Tirajana	2018	Otras prestaciones	4.6		
Santa Lucía de Tirajana	2017	Otras prestaciones	4.5		
Santa Lucía de Tirajana	2016	Otras prestaciones	4.1		
Santa Lucía de Tirajana	2015	Otras prestaciones	4		
Santa Lucía de Tirajana	2023	Otros ingresos	9.9		
Santa Lucía de Tirajana	2022	Otros ingresos	10.3		
Santa Lucía de Tirajana	2021	Otros ingresos	10		
Santa Lucía de Tirajana	2020	Otros ingresos	8.6		
Santa Lucía de Tirajana	2019	Otros ingresos	10		
Santa Lucía de Tirajana	2018	Otros ingresos	9.9		
Santa Lucía de Tirajana	2017	Otros ingresos	9.8		
Santa Lucía de Tirajana	2016	Otros ingresos	9.7		
Santa Lucía de Tirajana	2015	Otros ingresos	9.5		
Santa María de Guía de Gran Canaria	2023	Sueldos y salarios	58.8		
Santa María de Guía de Gran Canaria	2022	Sueldos y salarios	59.2		
Santa María de Guía de Gran Canaria	2021	Sueldos y salarios	59.1		
Santa María de Guía de Gran Canaria	2020	Sueldos y salarios	58.2		
Santa María de Guía de Gran Canaria	2019	Sueldos y salarios	60.6		
Santa María de Guía de Gran Canaria	2018	Sueldos y salarios	60.8		
Santa María de Guía de Gran Canaria	2017	Sueldos y salarios	60.1		
Santa María de Guía de Gran Canaria	2016	Sueldos y salarios	60.3		
Santa María de Guía de Gran Canaria	2015	Sueldos y salarios	58.9		
Santa María de Guía de Gran Canaria	2023	Pensiones	21.4		
Santa María de Guía de Gran Canaria	2022	Pensiones	21.2		
Santa María de Guía de Gran Canaria	2021	Pensiones	20.9		
Santa María de Guía de Gran Canaria	2020	Pensiones	21.4		
Santa María de Guía de Gran Canaria	2019	Pensiones	21.3		
Santa María de Guía de Gran Canaria	2018	Pensiones	20.8		
Santa María de Guía de Gran Canaria	2017	Pensiones	21.4		
Santa María de Guía de Gran Canaria	2016	Pensiones	21.6		
Santa María de Guía de Gran Canaria	2015	Pensiones	21.9		
Santa María de Guía de Gran Canaria	2023	Prestaciones por desempleo	2.5		
Santa María de Guía de Gran Canaria	2022	Prestaciones por desempleo	2.5		
Santa María de Guía de Gran Canaria	2021	Prestaciones por desempleo	3.4		
Santa María de Guía de Gran Canaria	2020	Prestaciones por desempleo	5.3		
Santa María de Guía de Gran Canaria	2019	Prestaciones por desempleo	2.7		
Santa María de Guía de Gran Canaria	2018	Prestaciones por desempleo	2.7		
Santa María de Guía de Gran Canaria	2017	Prestaciones por desempleo	3		
Santa María de Guía de Gran Canaria	2016	Prestaciones por desempleo	3.6		
Santa María de Guía de Gran Canaria	2015	Prestaciones por desempleo	4		
Santa María de Guía de Gran Canaria	2023	Otras prestaciones	7.3		
Santa María de Guía de Gran Canaria	2022	Otras prestaciones	7.1		
Santa María de Guía de Gran Canaria	2021	Otras prestaciones	6.8		
Santa María de Guía de Gran Canaria	2020	Otras prestaciones	6.7		
Santa María de Guía de Gran Canaria	2019	Otras prestaciones	5.8		
Santa María de Guía de Gran Canaria	2018	Otras prestaciones	5.6		
Santa María de Guía de Gran Canaria	2017	Otras prestaciones	6.1		
Santa María de Guía de Gran Canaria	2016	Otras prestaciones	5.5		
Santa María de Guía de Gran Canaria	2015	Otras prestaciones	5.9		
Santa María de Guía de Gran Canaria	2023	Otros ingresos	10		
Santa María de Guía de Gran Canaria	2022	Otros ingresos	10.1		
Santa María de Guía de Gran Canaria	2021	Otros ingresos	9.8		
Santa María de Guía de Gran Canaria	2020	Otros ingresos	8.5		
Santa María de Guía de Gran Canaria	2019	Otros ingresos	9.6		
Santa María de Guía de Gran Canaria	2018	Otros ingresos	10		
Santa María de Guía de Gran Canaria	2017	Otros ingresos	9.4		
Santa María de Guía de Gran Canaria	2016	Otros ingresos	8.9		
Santa María de Guía de Gran Canaria	2015	Otros ingresos	9.3		
Tejeda	2023	Sueldos y salarios	49.9		
Tejeda	2022	Sueldos y salarios	49.9		
Tejeda	2021	Sueldos y salarios	48.1		
Tejeda	2020	Sueldos y salarios	47.7		
Tejeda	2019	Sueldos y salarios	50.8		
Tejeda	2018	Sueldos y salarios	52.1		
Tejeda	2017	Sueldos y salarios	51.8		
Tejeda	2016	Sueldos y salarios	50.8		
Tejeda	2015	Sueldos y salarios	49.2		
Tejeda	2023	Pensiones	28.3		
Tejeda	2022	Pensiones	29.4		
Tejeda	2021	Pensiones	29.2		
Tejeda	2020	Pensiones	28.9		
Tejeda	2019	Pensiones	26.7		
Tejeda	2018	Pensiones	27.6		
Tejeda	2017	Pensiones	27.8		
Tejeda	2016	Pensiones	28.5		
Tejeda	2015	Pensiones	30.2		
Tejeda	2023	Prestaciones por desempleo	2.3		
Tejeda	2022	Prestaciones por desempleo	2.2		
Tejeda	2021	Prestaciones por desempleo	3.4		
Tejeda	2020	Prestaciones por desempleo	5.3		
Tejeda	2019	Prestaciones por desempleo	2.1		
Tejeda	2018	Prestaciones por desempleo	2.3		
Tejeda	2017	Prestaciones por desempleo	2.8		
Tejeda	2016	Prestaciones por desempleo	2.7		
Tejeda	2015	Prestaciones por desempleo	3		
Tejeda	2023	Otras prestaciones	4.8		
Tejeda	2022	Otras prestaciones	4.5		
Tejeda	2021	Otras prestaciones	4.5		
Tejeda	2020	Otras prestaciones	4.7		
Tejeda	2019	Otras prestaciones	4.2		
Tejeda	2018	Otras prestaciones	4.6		
Tejeda	2017	Otras prestaciones	4		
Tejeda	2016	Otras prestaciones	3.8		
Tejeda	2015	Otras prestaciones	3.9		
Tejeda	2023	Otros ingresos	14.8		
Tejeda	2022	Otros ingresos	14.1		
Tejeda	2021	Otros ingresos	14.9		
Tejeda	2020	Otros ingresos	13.4		
Tejeda	2019	Otros ingresos	16.2		
Tejeda	2018	Otros ingresos	13.4		
Tejeda	2017	Otros ingresos	13.5		
Tejeda	2016	Otros ingresos	14.2		
Tejeda	2015	Otros ingresos	13.7		
Telde	2023	Sueldos y salarios	63.9		
Telde	2022	Sueldos y salarios	64.2		
Telde	2021	Sueldos y salarios	62.5		
Telde	2020	Sueldos y salarios	61		
Telde	2019	Sueldos y salarios	65.7		
Telde	2018	Sueldos y salarios	66		
Telde	2017	Sueldos y salarios	65.8		
Telde	2016	Sueldos y salarios	65.8		
Telde	2015	Sueldos y salarios	65.1		
Telde	2023	Pensiones	17.3		
Telde	2022	Pensiones	17.3		
Telde	2021	Pensiones	17.3		
Telde	2020	Pensiones	17.5		
Telde	2019	Pensiones	16.7		
Telde	2018	Pensiones	16.4		
Telde	2017	Pensiones	16.7		
Telde	2016	Pensiones	16.9		
Telde	2015	Pensiones	17.1		
Telde	2023	Prestaciones por desempleo	2.8		
Telde	2022	Prestaciones por desempleo	2.9		
Telde	2021	Prestaciones por desempleo	5.1		
Telde	2020	Prestaciones por desempleo	7.7		
Telde	2019	Prestaciones por desempleo	3.2		
Telde	2018	Prestaciones por desempleo	3.1		
Telde	2017	Prestaciones por desempleo	3.3		
Telde	2016	Prestaciones por desempleo	3.7		
Telde	2015	Prestaciones por desempleo	4.4		
Telde	2023	Otras prestaciones	6		
Telde	2022	Otras prestaciones	5.7		
Telde	2021	Otras prestaciones	5.8		
Telde	2020	Otras prestaciones	5.5		
Telde	2019	Otras prestaciones	4.9		
Telde	2018	Otras prestaciones	4.7		
Telde	2017	Otras prestaciones	4.9		
Telde	2016	Otras prestaciones	4.5		
Telde	2015	Otras prestaciones	4.4		
Telde	2023	Otros ingresos	10.1		
Telde	2022	Otros ingresos	9.9		
Telde	2021	Otros ingresos	9.3		
Telde	2020	Otros ingresos	8.3		
Telde	2019	Otros ingresos	9.6		
Telde	2018	Otros ingresos	9.8		
Telde	2017	Otros ingresos	9.3		
Telde	2016	Otros ingresos	9		
Telde	2015	Otros ingresos	9		
Teror	2023	Sueldos y salarios	62		
Teror	2022	Sueldos y salarios	62		
Teror	2021	Sueldos y salarios	61.1		
Teror	2020	Sueldos y salarios	60.4		
Teror	2019	Sueldos y salarios	62.2		
Teror	2018	Sueldos y salarios	62.3		
Teror	2017	Sueldos y salarios	62		
Teror	2016	Sueldos y salarios	62.3		
Teror	2015	Sueldos y salarios	61.7		
Teror	2023	Pensiones	18.5		
Teror	2022	Pensiones	18.6		
Teror	2021	Pensiones	18.3		
Teror	2020	Pensiones	18.8		
Teror	2019	Pensiones	18.4		
Teror	2018	Pensiones	18		
Teror	2017	Pensiones	18.7		
Teror	2016	Pensiones	19.1		
Teror	2015	Pensiones	19.2		
Teror	2023	Prestaciones por desempleo	2.4		
Teror	2022	Prestaciones por desempleo	2.5		
Teror	2021	Prestaciones por desempleo	3.9		
Teror	2020	Prestaciones por desempleo	5.9		
Teror	2019	Prestaciones por desempleo	2.6		
Teror	2018	Prestaciones por desempleo	2.5		
Teror	2017	Prestaciones por desempleo	2.5		
Teror	2016	Prestaciones por desempleo	2.8		
Teror	2015	Prestaciones por desempleo	3.1		
Teror	2023	Otras prestaciones	4.8		
Teror	2022	Otras prestaciones	4.8		
Teror	2021	Otras prestaciones	4.8		
Teror	2020	Otras prestaciones	4.4		
Teror	2019	Otras prestaciones	4		
Teror	2018	Otras prestaciones	3.8		
Teror	2017	Otras prestaciones	3.8		
Teror	2016	Otras prestaciones	3.4		
Teror	2015	Otras prestaciones	3.5		
Teror	2023	Otros ingresos	12.3		
Teror	2022	Otros ingresos	12.2		
Teror	2021	Otros ingresos	12		
Teror	2020	Otros ingresos	10.5		
Teror	2019	Otros ingresos	12.8		
Teror	2018	Otros ingresos	13.4		
Teror	2017	Otros ingresos	13		
Teror	2016	Otros ingresos	12.5		
Teror	2015	Otros ingresos	12.5		
Valsequillo de Gran Canaria	2023	Sueldos y salarios	64.3		
Valsequillo de Gran Canaria	2022	Sueldos y salarios	64.8		
Valsequillo de Gran Canaria	2021	Sueldos y salarios	63.2		
Valsequillo de Gran Canaria	2020	Sueldos y salarios	61.4		
Valsequillo de Gran Canaria	2019	Sueldos y salarios	66.2		
Valsequillo de Gran Canaria	2018	Sueldos y salarios	66		
Valsequillo de Gran Canaria	2017	Sueldos y salarios	65.9		
Valsequillo de Gran Canaria	2016	Sueldos y salarios	66.1		
Valsequillo de Gran Canaria	2015	Sueldos y salarios	65.2		
Valsequillo de Gran Canaria	2023	Pensiones	15.8		
Valsequillo de Gran Canaria	2022	Pensiones	15.6		
Valsequillo de Gran Canaria	2021	Pensiones	15.3		
Valsequillo de Gran Canaria	2020	Pensiones	16.2		
Valsequillo de Gran Canaria	2019	Pensiones	14.8		
Valsequillo de Gran Canaria	2018	Pensiones	15.2		
Valsequillo de Gran Canaria	2017	Pensiones	15.5		
Valsequillo de Gran Canaria	2016	Pensiones	15.4		
Valsequillo de Gran Canaria	2015	Pensiones	15.1		
Valsequillo de Gran Canaria	2023	Prestaciones por desempleo	2.7		
Valsequillo de Gran Canaria	2022	Prestaciones por desempleo	2.7		
Valsequillo de Gran Canaria	2021	Prestaciones por desempleo	4.7		
Valsequillo de Gran Canaria	2020	Prestaciones por desempleo	7.2		
Valsequillo de Gran Canaria	2019	Prestaciones por desempleo	2.9		
Valsequillo de Gran Canaria	2018	Prestaciones por desempleo	2.8		
Valsequillo de Gran Canaria	2017	Prestaciones por desempleo	3.1		
Valsequillo de Gran Canaria	2016	Prestaciones por desempleo	3.6		
Valsequillo de Gran Canaria	2015	Prestaciones por desempleo	3.9		
Valsequillo de Gran Canaria	2023	Otras prestaciones	5.2		
Valsequillo de Gran Canaria	2022	Otras prestaciones	4.9		
Valsequillo de Gran Canaria	2021	Otras prestaciones	5.1		
Valsequillo de Gran Canaria	2020	Otras prestaciones	5		
Valsequillo de Gran Canaria	2019	Otras prestaciones	4.4		
Valsequillo de Gran Canaria	2018	Otras prestaciones	4.1		
Valsequillo de Gran Canaria	2017	Otras prestaciones	4.2		
Valsequillo de Gran Canaria	2016	Otras prestaciones	3.8		
Valsequillo de Gran Canaria	2015	Otras prestaciones	4		
Valsequillo de Gran Canaria	2023	Otros ingresos	12		
Valsequillo de Gran Canaria	2022	Otros ingresos	12		
Valsequillo de Gran Canaria	2021	Otros ingresos	11.8		
Valsequillo de Gran Canaria	2020	Otros ingresos	10.2		
Valsequillo de Gran Canaria	2019	Otros ingresos	11.7		
Valsequillo de Gran Canaria	2018	Otros ingresos	11.8		
Valsequillo de Gran Canaria	2017	Otros ingresos	11.4		
Valsequillo de Gran Canaria	2016	Otros ingresos	11.1		
Valsequillo de Gran Canaria	2015	Otros ingresos	11.8		
Valleseco	2023	Sueldos y salarios	56.1		
Valleseco	2022	Sueldos y salarios	56.9		
Valleseco	2021	Sueldos y salarios	56.4		
Valleseco	2020	Sueldos y salarios	55.3		
Valleseco	2019	Sueldos y salarios	58.8		
Valleseco	2018	Sueldos y salarios	57.8		
Valleseco	2017	Sueldos y salarios	56.4		
Valleseco	2016	Sueldos y salarios	56.3		
Valleseco	2015	Sueldos y salarios	55		
Valleseco	2023	Pensiones	23.8		
Valleseco	2022	Pensiones	23.8		
Valleseco	2021	Pensiones	23.2		
Valleseco	2020	Pensiones	23.8		
Valleseco	2019	Pensiones	22.4		
Valleseco	2018	Pensiones	22.8		
Valleseco	2017	Pensiones	24.1		
Valleseco	2016	Pensiones	24		
Valleseco	2015	Pensiones	23.9		
Valleseco	2023	Prestaciones por desempleo	2.3		
Valleseco	2022	Prestaciones por desempleo	2.4		
Valleseco	2021	Prestaciones por desempleo	4		
Valleseco	2020	Prestaciones por desempleo	5.5		
Valleseco	2019	Prestaciones por desempleo	2.6		
Valleseco	2018	Prestaciones por desempleo	2.6		
Valleseco	2017	Prestaciones por desempleo	2.8		
Valleseco	2016	Prestaciones por desempleo	2.9		
Valleseco	2015	Prestaciones por desempleo	3.2		
Valleseco	2023	Otras prestaciones	6.2		
Valleseco	2022	Otras prestaciones	5.9		
Valleseco	2021	Otras prestaciones	5.7		
Valleseco	2020	Otras prestaciones	5.8		
Valleseco	2019	Otras prestaciones	5.2		
Valleseco	2018	Otras prestaciones	5.3		
Valleseco	2017	Otras prestaciones	5.5		
Valleseco	2016	Otras prestaciones	5.2		
Valleseco	2015	Otras prestaciones	5.7		
Valleseco	2023	Otros ingresos	11.5		
Valleseco	2022	Otros ingresos	11		
Valleseco	2021	Otros ingresos	10.8		
Valleseco	2020	Otros ingresos	9.6		
Valleseco	2019	Otros ingresos	11.1		
Valleseco	2018	Otros ingresos	11.5		
Valleseco	2017	Otros ingresos	11.2		
Valleseco	2016	Otros ingresos	11.6		
Valleseco	2015	Otros ingresos	12.1		
Vega de San Mateo	2023	Sueldos y salarios	60.4		
Vega de San Mateo	2022	Sueldos y salarios	59.8		
Vega de San Mateo	2021	Sueldos y salarios	59.2		
Vega de San Mateo	2020	Sueldos y salarios	58		
Vega de San Mateo	2019	Sueldos y salarios	59.7		
Vega de San Mateo	2018	Sueldos y salarios	59.8		
Vega de San Mateo	2017	Sueldos y salarios	59.4		
Vega de San Mateo	2016	Sueldos y salarios	59.1		
Vega de San Mateo	2015	Sueldos y salarios	58.3		
Vega de San Mateo	2023	Pensiones	19.2		
Vega de San Mateo	2022	Pensiones	19.5		
Vega de San Mateo	2021	Pensiones	19.2		
Vega de San Mateo	2020	Pensiones	19.8		
Vega de San Mateo	2019	Pensiones	19.6		
Vega de San Mateo	2018	Pensiones	19.9		
Vega de San Mateo	2017	Pensiones	19.9		
Vega de San Mateo	2016	Pensiones	20.1		
Vega de San Mateo	2015	Pensiones	20.2		
Vega de San Mateo	2023	Prestaciones por desempleo	2.2		
Vega de San Mateo	2022	Prestaciones por desempleo	2.4		
Vega de San Mateo	2021	Prestaciones por desempleo	3.8		
Vega de San Mateo	2020	Prestaciones por desempleo	5.9		
Vega de San Mateo	2019	Prestaciones por desempleo	2.7		
Vega de San Mateo	2018	Prestaciones por desempleo	2.6		
Vega de San Mateo	2017	Prestaciones por desempleo	2.8		
Vega de San Mateo	2016	Prestaciones por desempleo	3.1		
Vega de San Mateo	2015	Prestaciones por desempleo	3.4		
Vega de San Mateo	2023	Otras prestaciones	6		
Vega de San Mateo	2022	Otras prestaciones	5.9		
Vega de San Mateo	2021	Otras prestaciones	6		
Vega de San Mateo	2020	Otras prestaciones	6		
Vega de San Mateo	2019	Otras prestaciones	5.4		
Vega de San Mateo	2018	Otras prestaciones	5.2		
Vega de San Mateo	2017	Otras prestaciones	5.6		
Vega de San Mateo	2016	Otras prestaciones	4.9		
Vega de San Mateo	2015	Otras prestaciones	5.1		
Vega de San Mateo	2023	Otros ingresos	12.2		
Vega de San Mateo	2022	Otros ingresos	12.4		
Vega de San Mateo	2021	Otros ingresos	11.8		
Vega de San Mateo	2020	Otros ingresos	10.4		
Vega de San Mateo	2019	Otros ingresos	12.7		
Vega de San Mateo	2018	Otros ingresos	12.6		
Vega de San Mateo	2017	Otros ingresos	12.3		
Vega de San Mateo	2016	Otros ingresos	12.8		
Vega de San Mateo	2015	Otros ingresos	13		
Santa Cruz de Tenerife	2023	Sueldos y salarios	60.9		
Santa Cruz de Tenerife	2022	Sueldos y salarios	60.5		
Santa Cruz de Tenerife	2021	Sueldos y salarios	57.8		
Santa Cruz de Tenerife	2020	Sueldos y salarios	56.1		
Santa Cruz de Tenerife	2019	Sueldos y salarios	61.8		
Santa Cruz de Tenerife	2018	Sueldos y salarios	61.8		
Santa Cruz de Tenerife	2017	Sueldos y salarios	61.8		
Santa Cruz de Tenerife	2016	Sueldos y salarios	61.8		
Santa Cruz de Tenerife	2015	Sueldos y salarios	61.4		
Santa Cruz de Tenerife	2023	Pensiones	18.8		
Santa Cruz de Tenerife	2022	Pensiones	19.1		
Santa Cruz de Tenerife	2021	Pensiones	19.5		
Santa Cruz de Tenerife	2020	Pensiones	20.1		
Santa Cruz de Tenerife	2019	Pensiones	18.7		
Santa Cruz de Tenerife	2018	Pensiones	18.7		
Santa Cruz de Tenerife	2017	Pensiones	19.1		
Santa Cruz de Tenerife	2016	Pensiones	19.5		
Santa Cruz de Tenerife	2015	Pensiones	19.8		
Santa Cruz de Tenerife	2023	Prestaciones por desempleo	2.3		
Santa Cruz de Tenerife	2022	Prestaciones por desempleo	2.6		
Santa Cruz de Tenerife	2021	Prestaciones por desempleo	5.7		
Santa Cruz de Tenerife	2020	Prestaciones por desempleo	8.4		
Santa Cruz de Tenerife	2019	Prestaciones por desempleo	2.9		
Santa Cruz de Tenerife	2018	Prestaciones por desempleo	2.9		
Santa Cruz de Tenerife	2017	Prestaciones por desempleo	3.2		
Santa Cruz de Tenerife	2016	Prestaciones por desempleo	3.5		
Santa Cruz de Tenerife	2015	Prestaciones por desempleo	3.9		
Santa Cruz de Tenerife	2023	Otras prestaciones	4		
Santa Cruz de Tenerife	2022	Otras prestaciones	4.1		
Santa Cruz de Tenerife	2021	Otras prestaciones	4.1		
Santa Cruz de Tenerife	2020	Otras prestaciones	3.9		
Santa Cruz de Tenerife	2019	Otras prestaciones	3.3		
Santa Cruz de Tenerife	2018	Otras prestaciones	3.3		
Santa Cruz de Tenerife	2017	Otras prestaciones	3.2		
Santa Cruz de Tenerife	2016	Otras prestaciones	2.9		
Santa Cruz de Tenerife	2015	Otras prestaciones	2.8		
Santa Cruz de Tenerife	2023	Otros ingresos	14		
Santa Cruz de Tenerife	2022	Otros ingresos	13.6		
Santa Cruz de Tenerife	2021	Otros ingresos	13		
Santa Cruz de Tenerife	2020	Otros ingresos	11.4		
Santa Cruz de Tenerife	2019	Otros ingresos	13.3		
Santa Cruz de Tenerife	2018	Otros ingresos	13.3		
Santa Cruz de Tenerife	2017	Otros ingresos	12.8		
Santa Cruz de Tenerife	2016	Otros ingresos	12.4		
Santa Cruz de Tenerife	2015	Otros ingresos	12.1		
Tenerife	2023	Sueldos y salarios	61.2		
Tenerife	2022	Sueldos y salarios	60.8		
Tenerife	2021	Sueldos y salarios	57.9		
Tenerife	2020	Sueldos y salarios	56.2		
Tenerife	2019	Sueldos y salarios	62.1		
Tenerife	2018	Sueldos y salarios	62.3		
Tenerife	2017	Sueldos y salarios	62.3		
Tenerife	2016	Sueldos y salarios	62.2		
Tenerife	2015	Sueldos y salarios	61.8		
Tenerife	2023	Pensiones	18.7		
Tenerife	2022	Pensiones	19		
Tenerife	2021	Pensiones	19.4		
Tenerife	2020	Pensiones	20		
Tenerife	2019	Pensiones	18.5		
Tenerife	2018	Pensiones	18.5		
Tenerife	2017	Pensiones	18.9		
Tenerife	2016	Pensiones	19.2		
Tenerife	2015	Pensiones	19.5		
Tenerife	2023	Prestaciones por desempleo	2.3		
Tenerife	2022	Prestaciones por desempleo	2.6		
Tenerife	2021	Prestaciones por desempleo	5.8		
Tenerife	2020	Prestaciones por desempleo	8.7		
Tenerife	2019	Prestaciones por desempleo	3		
Tenerife	2018	Prestaciones por desempleo	2.9		
Tenerife	2017	Prestaciones por desempleo	3.2		
Tenerife	2016	Prestaciones por desempleo	3.5		
Tenerife	2015	Prestaciones por desempleo	3.9		
Tenerife	2023	Otras prestaciones	4		
Tenerife	2022	Otras prestaciones	4.1		
Tenerife	2021	Otras prestaciones	4.1		
Tenerife	2020	Otras prestaciones	3.9		
Tenerife	2019	Otras prestaciones	3.3		
Tenerife	2018	Otras prestaciones	3.3		
Tenerife	2017	Otras prestaciones	3.1		
Tenerife	2016	Otras prestaciones	2.9		
Tenerife	2015	Otras prestaciones	2.8		
Tenerife	2023	Otros ingresos	13.8		
Tenerife	2022	Otros ingresos	13.6		
Tenerife	2021	Otros ingresos	12.8		
Tenerife	2020	Otros ingresos	11.2		
Tenerife	2019	Otros ingresos	13.1		
Tenerife	2018	Otros ingresos	13		
Tenerife	2017	Otros ingresos	12.6		
Tenerife	2016	Otros ingresos	12.3		
Tenerife	2015	Otros ingresos	12		
Adeje	2023	Sueldos y salarios	62.7		
Adeje	2022	Sueldos y salarios	62.7		
Adeje	2021	Sueldos y salarios	52.1		
Adeje	2020	Sueldos y salarios	49.9		
Adeje	2019	Sueldos y salarios	64.8		
Adeje	2018	Sueldos y salarios	65.9		
Adeje	2017	Sueldos y salarios	67.2		
Adeje	2016	Sueldos y salarios	66.7		
Adeje	2015	Sueldos y salarios	66.9		
Adeje	2023	Pensiones	11.4		
Adeje	2022	Pensiones	11.7		
Adeje	2021	Pensiones	12.4		
Adeje	2020	Pensiones	12.8		
Adeje	2019	Pensiones	10.1		
Adeje	2018	Pensiones	9.9		
Adeje	2017	Pensiones	10.1		
Adeje	2016	Pensiones	10.1		
Adeje	2015	Pensiones	10.3		
Adeje	2023	Prestaciones por desempleo	2.2		
Adeje	2022	Prestaciones por desempleo	2.6		
Adeje	2021	Prestaciones por desempleo	12.8		
Adeje	2020	Prestaciones por desempleo	19.5		
Adeje	2019	Prestaciones por desempleo	3.4		
Adeje	2018	Prestaciones por desempleo	3.4		
Adeje	2017	Prestaciones por desempleo	3.6		
Adeje	2016	Prestaciones por desempleo	3.8		
Adeje	2015	Prestaciones por desempleo	4		
Adeje	2023	Otras prestaciones	2.7		
Adeje	2022	Otras prestaciones	2.8		
Adeje	2021	Otras prestaciones	3.1		
Adeje	2020	Otras prestaciones	2.8		
Adeje	2019	Otras prestaciones	2.2		
Adeje	2018	Otras prestaciones	2.2		
Adeje	2017	Otras prestaciones	1.8		
Adeje	2016	Otras prestaciones	1.6		
Adeje	2015	Otras prestaciones	1.7		
Adeje	2023	Otros ingresos	21.1		
Adeje	2022	Otros ingresos	20.2		
Adeje	2021	Otros ingresos	19.7		
Adeje	2020	Otros ingresos	14.9		
Adeje	2019	Otros ingresos	19.6		
Adeje	2018	Otros ingresos	18.6		
Adeje	2017	Otros ingresos	17.4		
Adeje	2016	Otros ingresos	17.8		
Adeje	2015	Otros ingresos	17.1		
Arafo	2023	Sueldos y salarios	63.2		
Arafo	2022	Sueldos y salarios	63		
Arafo	2021	Sueldos y salarios	61.9		
Arafo	2020	Sueldos y salarios	60.1		
Arafo	2019	Sueldos y salarios	63.4		
Arafo	2018	Sueldos y salarios	63.7		
Arafo	2017	Sueldos y salarios	63.4		
Arafo	2016	Sueldos y salarios	62.7		
Arafo	2015	Sueldos y salarios	61.5		
Arafo	2023	Pensiones	19.9		
Arafo	2022	Pensiones	20.1		
Arafo	2021	Pensiones	20.1		
Arafo	2020	Pensiones	20.4		
Arafo	2019	Pensiones	19.6		
Arafo	2018	Pensiones	20.3		
Arafo	2017	Pensiones	20.6		
Arafo	2016	Pensiones	21.9		
Arafo	2015	Pensiones	22.4		
Arafo	2023	Prestaciones por desempleo	2.5		
Arafo	2022	Prestaciones por desempleo	2.5		
Arafo	2021	Prestaciones por desempleo	3.8		
Arafo	2020	Prestaciones por desempleo	6		
Arafo	2019	Prestaciones por desempleo	2.8		
Arafo	2018	Prestaciones por desempleo	2.7		
Arafo	2017	Prestaciones por desempleo	3.1		
Arafo	2016	Prestaciones por desempleo	3.4		
Arafo	2015	Prestaciones por desempleo	4.1		
Arafo	2023	Otras prestaciones	3.5		
Arafo	2022	Otras prestaciones	3.9		
Arafo	2021	Otras prestaciones	4		
Arafo	2020	Otras prestaciones	3.8		
Arafo	2019	Otras prestaciones	3.5		
Arafo	2018	Otras prestaciones	3.3		
Arafo	2017	Otras prestaciones	2.9		
Arafo	2016	Otras prestaciones	2.9		
Arafo	2015	Otras prestaciones	2.6		
Arafo	2023	Otros ingresos	10.9		
Arafo	2022	Otros ingresos	10.6		
Arafo	2021	Otros ingresos	10.3		
Arafo	2020	Otros ingresos	9.7		
Arafo	2019	Otros ingresos	10.7		
Arafo	2018	Otros ingresos	10		
Arafo	2017	Otros ingresos	10		
Arafo	2016	Otros ingresos	9.1		
Arafo	2015	Otros ingresos	9.5		
Arico	2023	Sueldos y salarios	62.5		
Arico	2022	Sueldos y salarios	63		
Arico	2021	Sueldos y salarios	59.1		
Arico	2020	Sueldos y salarios	58.3		
Arico	2019	Sueldos y salarios	63.9		
Arico	2018	Sueldos y salarios	64.1		
Arico	2017	Sueldos y salarios	63.9		
Arico	2016	Sueldos y salarios	63.7		
Arico	2015	Sueldos y salarios	62.4		
Arico	2023	Pensiones	20		
Arico	2022	Pensiones	20		
Arico	2021	Pensiones	20.6		
Arico	2020	Pensiones	20.7		
Arico	2019	Pensiones	19.7		
Arico	2018	Pensiones	20		
Arico	2017	Pensiones	20.3		
Arico	2016	Pensiones	21.5		
Arico	2015	Pensiones	22.4		
Arico	2023	Prestaciones por desempleo	3.2		
Arico	2022	Prestaciones por desempleo	3.4		
Arico	2021	Prestaciones por desempleo	6.6		
Arico	2020	Prestaciones por desempleo	9.5		
Arico	2019	Prestaciones por desempleo	3.8		
Arico	2018	Prestaciones por desempleo	3.4		
Arico	2017	Prestaciones por desempleo	3.8		
Arico	2016	Prestaciones por desempleo	4.4		
Arico	2015	Prestaciones por desempleo	4.8		
Arico	2023	Otras prestaciones	3.7		
Arico	2022	Otras prestaciones	3.8		
Arico	2021	Otras prestaciones	3.8		
Arico	2020	Otras prestaciones	3.5		
Arico	2019	Otras prestaciones	3.1		
Arico	2018	Otras prestaciones	3.1		
Arico	2017	Otras prestaciones	2.9		
Arico	2016	Otras prestaciones	2.6		
Arico	2015	Otras prestaciones	2.8		
Arico	2023	Otros ingresos	10.7		
Arico	2022	Otros ingresos	9.9		
Arico	2021	Otros ingresos	9.8		
Arico	2020	Otros ingresos	8		
Arico	2019	Otros ingresos	9.5		
Arico	2018	Otros ingresos	9.5		
Arico	2017	Otros ingresos	9.2		
Arico	2016	Otros ingresos	7.9		
Arico	2015	Otros ingresos	7.7		
Arona	2023	Sueldos y salarios	62.9		
Arona	2022	Sueldos y salarios	62.5		
Arona	2021	Sueldos y salarios	51.7		
Arona	2020	Sueldos y salarios	49		
Arona	2019	Sueldos y salarios	64.7		
Arona	2018	Sueldos y salarios	65.2		
Arona	2017	Sueldos y salarios	65.3		
Arona	2016	Sueldos y salarios	65		
Arona	2015	Sueldos y salarios	64.8		
Arona	2023	Pensiones	14.7		
Arona	2022	Pensiones	15		
Arona	2021	Pensiones	15.9		
Arona	2020	Pensiones	15.8		
Arona	2019	Pensiones	13.2		
Arona	2018	Pensiones	12.9		
Arona	2017	Pensiones	13.1		
Arona	2016	Pensiones	13.4		
Arona	2015	Pensiones	13.7		
Arona	2023	Prestaciones por desempleo	2.7		
Arona	2022	Prestaciones por desempleo	3.2		
Arona	2021	Prestaciones por desempleo	13.4		
Arona	2020	Prestaciones por desempleo	19.6		
Arona	2019	Prestaciones por desempleo	4.3		
Arona	2018	Prestaciones por desempleo	4.2		
Arona	2017	Prestaciones por desempleo	4.5		
Arona	2016	Prestaciones por desempleo	4.8		
Arona	2015	Prestaciones por desempleo	5.4		
Arona	2023	Otras prestaciones	3.7		
Arona	2022	Otras prestaciones	3.8		
Arona	2021	Otras prestaciones	4.2		
Arona	2020	Otras prestaciones	3.8		
Arona	2019	Otras prestaciones	2.8		
Arona	2018	Otras prestaciones	2.8		
Arona	2017	Otras prestaciones	2.5		
Arona	2016	Otras prestaciones	2.1		
Arona	2015	Otras prestaciones	2.2		
Arona	2023	Otros ingresos	16.1		
Arona	2022	Otros ingresos	15.5		
Arona	2021	Otros ingresos	14.9		
Arona	2020	Otros ingresos	11.7		
Arona	2019	Otros ingresos	15.1		
Arona	2018	Otros ingresos	14.9		
Arona	2017	Otros ingresos	14.6		
Arona	2016	Otros ingresos	14.7		
Arona	2015	Otros ingresos	14		
Buenavista del Norte	2023	Sueldos y salarios	53.1		
Buenavista del Norte	2022	Sueldos y salarios	51		
Buenavista del Norte	2021	Sueldos y salarios	49.2		
Buenavista del Norte	2020	Sueldos y salarios	48.1		
Buenavista del Norte	2019	Sueldos y salarios	54.8		
Buenavista del Norte	2018	Sueldos y salarios	53.3		
Buenavista del Norte	2017	Sueldos y salarios	54.3		
Buenavista del Norte	2016	Sueldos y salarios	53.3		
Buenavista del Norte	2015	Sueldos y salarios	51.6		
Buenavista del Norte	2023	Pensiones	25.2		
Buenavista del Norte	2022	Pensiones	25.2		
Buenavista del Norte	2021	Pensiones	25.9		
Buenavista del Norte	2020	Pensiones	26.1		
Buenavista del Norte	2019	Pensiones	24.2		
Buenavista del Norte	2018	Pensiones	24.8		
Buenavista del Norte	2017	Pensiones	24.3		
Buenavista del Norte	2016	Pensiones	25.1		
Buenavista del Norte	2015	Pensiones	26.2		
Buenavista del Norte	2023	Prestaciones por desempleo	3.4		
Buenavista del Norte	2022	Prestaciones por desempleo	3.6		
Buenavista del Norte	2021	Prestaciones por desempleo	6.8		
Buenavista del Norte	2020	Prestaciones por desempleo	10		
Buenavista del Norte	2019	Prestaciones por desempleo	4.1		
Buenavista del Norte	2018	Prestaciones por desempleo	4.3		
Buenavista del Norte	2017	Prestaciones por desempleo	4.5		
Buenavista del Norte	2016	Prestaciones por desempleo	5		
Buenavista del Norte	2015	Prestaciones por desempleo	5.5		
Buenavista del Norte	2023	Otras prestaciones	5.1		
Buenavista del Norte	2022	Otras prestaciones	5.1		
Buenavista del Norte	2021	Otras prestaciones	5.1		
Buenavista del Norte	2020	Otras prestaciones	5.5		
Buenavista del Norte	2019	Otras prestaciones	4.6		
Buenavista del Norte	2018	Otras prestaciones	4.6		
Buenavista del Norte	2017	Otras prestaciones	4.8		
Buenavista del Norte	2016	Otras prestaciones	4.4		
Buenavista del Norte	2015	Otras prestaciones	4.4		
Buenavista del Norte	2023	Otros ingresos	13.3		
Buenavista del Norte	2022	Otros ingresos	15		
Buenavista del Norte	2021	Otros ingresos	13		
Buenavista del Norte	2020	Otros ingresos	10.3		
Buenavista del Norte	2019	Otros ingresos	12.3		
Buenavista del Norte	2018	Otros ingresos	12.9		
Buenavista del Norte	2017	Otros ingresos	12.2		
Buenavista del Norte	2016	Otros ingresos	12.1		
Buenavista del Norte	2015	Otros ingresos	12.3		
Candelaria	2023	Sueldos y salarios	64.4		
Candelaria	2022	Sueldos y salarios	64.6		
Candelaria	2021	Sueldos y salarios	63.8		
Candelaria	2020	Sueldos y salarios	62.4		
Candelaria	2019	Sueldos y salarios	65.8		
Candelaria	2018	Sueldos y salarios	65.8		
Candelaria	2017	Sueldos y salarios	66.5		
Candelaria	2016	Sueldos y salarios	67.1		
Candelaria	2015	Sueldos y salarios	66.8		
Candelaria	2023	Pensiones	17.6		
Candelaria	2022	Pensiones	17.9		
Candelaria	2021	Pensiones	17.8		
Candelaria	2020	Pensiones	18.2		
Candelaria	2019	Pensiones	17.1		
Candelaria	2018	Pensiones	17		
Candelaria	2017	Pensiones	17.2		
Candelaria	2016	Pensiones	17.2		
Candelaria	2015	Pensiones	17.5		
Candelaria	2023	Prestaciones por desempleo	1.8		
Candelaria	2022	Prestaciones por desempleo	2		
Candelaria	2021	Prestaciones por desempleo	3.4		
Candelaria	2020	Prestaciones por desempleo	5.5		
Candelaria	2019	Prestaciones por desempleo	2.3		
Candelaria	2018	Prestaciones por desempleo	2.2		
Candelaria	2017	Prestaciones por desempleo	2.5		
Candelaria	2016	Prestaciones por desempleo	2.8		
Candelaria	2015	Prestaciones por desempleo	3.2		
Candelaria	2023	Otras prestaciones	3.8		
Candelaria	2022	Otras prestaciones	3.9		
Candelaria	2021	Otras prestaciones	3.7		
Candelaria	2020	Otras prestaciones	3.6		
Candelaria	2019	Otras prestaciones	3.4		
Candelaria	2018	Otras prestaciones	3.4		
Candelaria	2017	Otras prestaciones	3.3		
Candelaria	2016	Otras prestaciones	3		
Candelaria	2015	Otras prestaciones	3		
Candelaria	2023	Otros ingresos	12.5		
Candelaria	2022	Otros ingresos	11.7		
Candelaria	2021	Otros ingresos	11.4		
Candelaria	2020	Otros ingresos	10.3		
Candelaria	2019	Otros ingresos	11.4		
Candelaria	2018	Otros ingresos	11.6		
Candelaria	2017	Otros ingresos	10.5		
Candelaria	2016	Otros ingresos	9.9		
Candelaria	2015	Otros ingresos	9.6		
Fasnia	2023	Sueldos y salarios	59.4		
Fasnia	2022	Sueldos y salarios	58.9		
Fasnia	2021	Sueldos y salarios	57		
Fasnia	2020	Sueldos y salarios	52.7		
Fasnia	2019	Sueldos y salarios	58.1		
Fasnia	2018	Sueldos y salarios	57.5		
Fasnia	2017	Sueldos y salarios	57		
Fasnia	2016	Sueldos y salarios	56.3		
Fasnia	2015	Sueldos y salarios	59.5		
Fasnia	2023	Pensiones	23.4		
Fasnia	2022	Pensiones	23.5		
Fasnia	2021	Pensiones	24.1		
Fasnia	2020	Pensiones	26.7		
Fasnia	2019	Pensiones	25.4		
Fasnia	2018	Pensiones	26.1		
Fasnia	2017	Pensiones	27		
Fasnia	2016	Pensiones	28.1		
Fasnia	2015	Pensiones	25.8		
Fasnia	2023	Prestaciones por desempleo	2.8		
Fasnia	2022	Prestaciones por desempleo	2.9		
Fasnia	2021	Prestaciones por desempleo	4.8		
Fasnia	2020	Prestaciones por desempleo	7		
Fasnia	2019	Prestaciones por desempleo	3.1		
Fasnia	2018	Prestaciones por desempleo	2.9		
Fasnia	2017	Prestaciones por desempleo	3.2		
Fasnia	2016	Prestaciones por desempleo	3.4		
Fasnia	2015	Prestaciones por desempleo	3.8		
Fasnia	2023	Otras prestaciones	3.9		
Fasnia	2022	Otras prestaciones	4.5		
Fasnia	2021	Otras prestaciones	4.5		
Fasnia	2020	Otras prestaciones	4		
Fasnia	2019	Otras prestaciones	3.3		
Fasnia	2018	Otras prestaciones	3.7		
Fasnia	2017	Otras prestaciones	3.3		
Fasnia	2016	Otras prestaciones	2.7		
Fasnia	2015	Otras prestaciones	2.6		
Fasnia	2023	Otros ingresos	10.6		
Fasnia	2022	Otros ingresos	10.3		
Fasnia	2021	Otros ingresos	9.7		
Fasnia	2020	Otros ingresos	9.7		
Fasnia	2019	Otros ingresos	10.2		
Fasnia	2018	Otros ingresos	9.8		
Fasnia	2017	Otros ingresos	9.5		
Fasnia	2016	Otros ingresos	9.5		
Fasnia	2015	Otros ingresos	8.3		
Garachico	2023	Sueldos y salarios	55.3		
Garachico	2022	Sueldos y salarios	54		
Garachico	2021	Sueldos y salarios	51.3		
Garachico	2020	Sueldos y salarios	49.1		
Garachico	2019	Sueldos y salarios	55.2		
Garachico	2018	Sueldos y salarios	55.2		
Garachico	2017	Sueldos y salarios	55.2		
Garachico	2016	Sueldos y salarios	55		
Garachico	2015	Sueldos y salarios	53.6		
Garachico	2023	Pensiones	25.9		
Garachico	2022	Pensiones	24.6		
Garachico	2021	Pensiones	26.2		
Garachico	2020	Pensiones	26.7		
Garachico	2019	Pensiones	25.2		
Garachico	2018	Pensiones	25.1		
Garachico	2017	Pensiones	25.5		
Garachico	2016	Pensiones	26.1		
Garachico	2015	Pensiones	26.5		
Garachico	2023	Prestaciones por desempleo	2.9		
Garachico	2022	Prestaciones por desempleo	2.9		
Garachico	2021	Prestaciones por desempleo	6.3		
Garachico	2020	Prestaciones por desempleo	8.8		
Garachico	2019	Prestaciones por desempleo	3.7		
Garachico	2018	Prestaciones por desempleo	3.6		
Garachico	2017	Prestaciones por desempleo	4		
Garachico	2016	Prestaciones por desempleo	4.3		
Garachico	2015	Prestaciones por desempleo	4.5		
Garachico	2023	Otras prestaciones	5		
Garachico	2022	Otras prestaciones	4.7		
Garachico	2021	Otras prestaciones	4.8		
Garachico	2020	Otras prestaciones	5.4		
Garachico	2019	Otras prestaciones	4.1		
Garachico	2018	Otras prestaciones	3.8		
Garachico	2017	Otras prestaciones	3.8		
Garachico	2016	Otras prestaciones	3.7		
Garachico	2015	Otras prestaciones	3.8		
Garachico	2023	Otros ingresos	10.9		
Garachico	2022	Otros ingresos	13.9		
Garachico	2021	Otros ingresos	11.5		
Garachico	2020	Otros ingresos	10		
Garachico	2019	Otros ingresos	11.9		
Garachico	2018	Otros ingresos	12.4		
Garachico	2017	Otros ingresos	11.5		
Garachico	2016	Otros ingresos	11		
Garachico	2015	Otros ingresos	11.6		
Granadilla de Abona	2023	Sueldos y salarios	68.4		
Granadilla de Abona	2022	Sueldos y salarios	67.5		
Granadilla de Abona	2021	Sueldos y salarios	60.1		
Granadilla de Abona	2020	Sueldos y salarios	57		
Granadilla de Abona	2019	Sueldos y salarios	69.5		
Granadilla de Abona	2018	Sueldos y salarios	69.6		
Granadilla de Abona	2017	Sueldos y salarios	69.4		
Granadilla de Abona	2016	Sueldos y salarios	69		
Granadilla de Abona	2015	Sueldos y salarios	68.3		
Granadilla de Abona	2023	Pensiones	12.3		
Granadilla de Abona	2022	Pensiones	12.8		
Granadilla de Abona	2021	Pensiones	13.5		
Granadilla de Abona	2020	Pensiones	13.6		
Granadilla de Abona	2019	Pensiones	11.9		
Granadilla de Abona	2018	Pensiones	12		
Granadilla de Abona	2017	Pensiones	12.3		
Granadilla de Abona	2016	Pensiones	12.7		
Granadilla de Abona	2015	Pensiones	13		
Granadilla de Abona	2023	Prestaciones por desempleo	2.9		
Granadilla de Abona	2022	Prestaciones por desempleo	3.4		
Granadilla de Abona	2021	Prestaciones por desempleo	10.6		
Granadilla de Abona	2020	Prestaciones por desempleo	15.8		
Granadilla de Abona	2019	Prestaciones por desempleo	4.2		
Granadilla de Abona	2018	Prestaciones por desempleo	4.3		
Granadilla de Abona	2017	Prestaciones por desempleo	4.6		
Granadilla de Abona	2016	Prestaciones por desempleo	5		
Granadilla de Abona	2015	Prestaciones por desempleo	5.6		
Granadilla de Abona	2023	Otras prestaciones	3.6		
Granadilla de Abona	2022	Otras prestaciones	3.9		
Granadilla de Abona	2021	Otras prestaciones	3.8		
Granadilla de Abona	2020	Otras prestaciones	3.7		
Granadilla de Abona	2019	Otras prestaciones	3		
Granadilla de Abona	2018	Otras prestaciones	3		
Granadilla de Abona	2017	Otras prestaciones	2.7		
Granadilla de Abona	2016	Otras prestaciones	2.6		
Granadilla de Abona	2015	Otras prestaciones	2.5		
Granadilla de Abona	2023	Otros ingresos	12.7		
Granadilla de Abona	2022	Otros ingresos	12.4		
Granadilla de Abona	2021	Otros ingresos	12.1		
Granadilla de Abona	2020	Otros ingresos	10		
Granadilla de Abona	2019	Otros ingresos	11.4		
Granadilla de Abona	2018	Otros ingresos	11.2		
Granadilla de Abona	2017	Otros ingresos	11		
Granadilla de Abona	2016	Otros ingresos	10.8		
Granadilla de Abona	2015	Otros ingresos	10.7		
La Guancha	2023	Sueldos y salarios	59.4		
La Guancha	2022	Sueldos y salarios	58.3		
La Guancha	2021	Sueldos y salarios	56.7		
La Guancha	2020	Sueldos y salarios	54.6		
La Guancha	2019	Sueldos y salarios	59.9		
La Guancha	2018	Sueldos y salarios	59.6		
La Guancha	2017	Sueldos y salarios	60.1		
La Guancha	2016	Sueldos y salarios	58.4		
La Guancha	2015	Sueldos y salarios	57.2		
La Guancha	2023	Pensiones	23.2		
La Guancha	2022	Pensiones	23.4		
La Guancha	2021	Pensiones	23.4		
La Guancha	2020	Pensiones	23.9		
La Guancha	2019	Pensiones	23.7		
La Guancha	2018	Pensiones	23.3		
La Guancha	2017	Pensiones	23.7		
La Guancha	2016	Pensiones	25.9		
La Guancha	2015	Pensiones	25.8		
La Guancha	2023	Prestaciones por desempleo	2.7		
La Guancha	2022	Prestaciones por desempleo	3.2		
La Guancha	2021	Prestaciones por desempleo	5.9		
La Guancha	2020	Prestaciones por desempleo	8.6		
La Guancha	2019	Prestaciones por desempleo	3.7		
La Guancha	2018	Prestaciones por desempleo	3.8		
La Guancha	2017	Prestaciones por desempleo	3.9		
La Guancha	2016	Prestaciones por desempleo	4.5		
La Guancha	2015	Prestaciones por desempleo	5.3		
La Guancha	2023	Otras prestaciones	4.9		
La Guancha	2022	Otras prestaciones	5.3		
La Guancha	2021	Otras prestaciones	5.3		
La Guancha	2020	Otras prestaciones	5.8		
La Guancha	2019	Otras prestaciones	4.6		
La Guancha	2018	Otras prestaciones	4.7		
La Guancha	2017	Otras prestaciones	4.6		
La Guancha	2016	Otras prestaciones	4		
La Guancha	2015	Otras prestaciones	4.2		
La Guancha	2023	Otros ingresos	9.9		
La Guancha	2022	Otros ingresos	9.9		
La Guancha	2021	Otros ingresos	8.7		
La Guancha	2020	Otros ingresos	7.2		
La Guancha	2019	Otros ingresos	8.1		
La Guancha	2018	Otros ingresos	8.8		
La Guancha	2017	Otros ingresos	7.8		
La Guancha	2016	Otros ingresos	7.2		
La Guancha	2015	Otros ingresos	7.6		
Guía de Isora	2023	Sueldos y salarios	64.6		
Guía de Isora	2022	Sueldos y salarios	63.1		
Guía de Isora	2021	Sueldos y salarios	53.9		
Guía de Isora	2020	Sueldos y salarios	50.7		
Guía de Isora	2019	Sueldos y salarios	65.6		
Guía de Isora	2018	Sueldos y salarios	64.9		
Guía de Isora	2017	Sueldos y salarios	65.1		
Guía de Isora	2016	Sueldos y salarios	64.5		
Guía de Isora	2015	Sueldos y salarios	62.9		
Guía de Isora	2023	Pensiones	16.2		
Guía de Isora	2022	Pensiones	16.8		
Guía de Isora	2021	Pensiones	17.6		
Guía de Isora	2020	Pensiones	17.4		
Guía de Isora	2019	Pensiones	15.4		
Guía de Isora	2018	Pensiones	15		
Guía de Isora	2017	Pensiones	15.3		
Guía de Isora	2016	Pensiones	16		
Guía de Isora	2015	Pensiones	16.4		
Guía de Isora	2023	Prestaciones por desempleo	2.8		
Guía de Isora	2022	Prestaciones por desempleo	3.3		
Guía de Isora	2021	Prestaciones por desempleo	11.6		
Guía de Isora	2020	Prestaciones por desempleo	17.4		
Guía de Isora	2019	Prestaciones por desempleo	4.3		
Guía de Isora	2018	Prestaciones por desempleo	4.3		
Guía de Isora	2017	Prestaciones por desempleo	4.5		
Guía de Isora	2016	Prestaciones por desempleo	5		
Guía de Isora	2015	Prestaciones por desempleo	5.7		
Guía de Isora	2023	Otras prestaciones	3.7		
Guía de Isora	2022	Otras prestaciones	3.8		
Guía de Isora	2021	Otras prestaciones	4		
Guía de Isora	2020	Otras prestaciones	3.5		
Guía de Isora	2019	Otras prestaciones	3		
Guía de Isora	2018	Otras prestaciones	3		
Guía de Isora	2017	Otras prestaciones	2.6		
Guía de Isora	2016	Otras prestaciones	2.5		
Guía de Isora	2015	Otras prestaciones	2.6		
Guía de Isora	2023	Otros ingresos	12.8		
Guía de Isora	2022	Otros ingresos	13.1		
Guía de Isora	2021	Otros ingresos	12.9		
Guía de Isora	2020	Otros ingresos	11.1		
Guía de Isora	2019	Otros ingresos	11.8		
Guía de Isora	2018	Otros ingresos	12.7		
Guía de Isora	2017	Otros ingresos	12.4		
Guía de Isora	2016	Otros ingresos	12.1		
Guía de Isora	2015	Otros ingresos	12.4		
Güímar	2023	Sueldos y salarios	64.1		
Güímar	2022	Sueldos y salarios	63.8		
Güímar	2021	Sueldos y salarios	62.2		
Güímar	2020	Sueldos y salarios	60.4		
Güímar	2019	Sueldos y salarios	64.6		
Güímar	2018	Sueldos y salarios	64.1		
Güímar	2017	Sueldos y salarios	63.9		
Güímar	2016	Sueldos y salarios	63.5		
Güímar	2015	Sueldos y salarios	62.7		
Güímar	2023	Pensiones	19.9		
Güímar	2022	Pensiones	20		
Güímar	2021	Pensiones	20.3		
Güímar	2020	Pensiones	20.6		
Güímar	2019	Pensiones	20		
Güímar	2018	Pensiones	20.3		
Güímar	2017	Pensiones	21.2		
Güímar	2016	Pensiones	21.2		
Güímar	2015	Pensiones	22.1		
Güímar	2023	Prestaciones por desempleo	2.7		
Güímar	2022	Prestaciones por desempleo	2.9		
Güímar	2021	Prestaciones por desempleo	4.7		
Güímar	2020	Prestaciones por desempleo	7.3		
Güímar	2019	Prestaciones por desempleo	3.4		
Güímar	2018	Prestaciones por desempleo	3.5		
Güímar	2017	Prestaciones por desempleo	3.8		
Güímar	2016	Prestaciones por desempleo	4.2		
Güímar	2015	Prestaciones por desempleo	4.7		
Güímar	2023	Otras prestaciones	4		
Güímar	2022	Otras prestaciones	4.2		
Güímar	2021	Otras prestaciones	4.3		
Güímar	2020	Otras prestaciones	4.1		
Güímar	2019	Otras prestaciones	3.5		
Güímar	2018	Otras prestaciones	3.4		
Güímar	2017	Otras prestaciones	3		
Güímar	2016	Otras prestaciones	2.8		
Güímar	2015	Otras prestaciones	2.8		
Güímar	2023	Otros ingresos	9.3		
Güímar	2022	Otros ingresos	9		
Güímar	2021	Otros ingresos	8.6		
Güímar	2020	Otros ingresos	7.5		
Güímar	2019	Otros ingresos	8.5		
Güímar	2018	Otros ingresos	8.7		
Güímar	2017	Otros ingresos	8.1		
Güímar	2016	Otros ingresos	8.3		
Güímar	2015	Otros ingresos	7.8		
Icod de los Vinos	2023	Sueldos y salarios	57.1		
Icod de los Vinos	2022	Sueldos y salarios	56.1		
Icod de los Vinos	2021	Sueldos y salarios	52.8		
Icod de los Vinos	2020	Sueldos y salarios	51		
Icod de los Vinos	2019	Sueldos y salarios	57.3		
Icod de los Vinos	2018	Sueldos y salarios	57.3		
Icod de los Vinos	2017	Sueldos y salarios	56.8		
Icod de los Vinos	2016	Sueldos y salarios	56.1		
Icod de los Vinos	2015	Sueldos y salarios	54.6		
Icod de los Vinos	2023	Pensiones	22.7		
Icod de los Vinos	2022	Pensiones	23.3		
Icod de los Vinos	2021	Pensiones	23.5		
Icod de los Vinos	2020	Pensiones	23.9		
Icod de los Vinos	2019	Pensiones	22.6		
Icod de los Vinos	2018	Pensiones	22.6		
Icod de los Vinos	2017	Pensiones	23.3		
Icod de los Vinos	2016	Pensiones	23.9		
Icod de los Vinos	2015	Pensiones	24.9		
Icod de los Vinos	2023	Prestaciones por desempleo	3.2		
Icod de los Vinos	2022	Prestaciones por desempleo	3.6		
Icod de los Vinos	2021	Prestaciones por desempleo	7.3		
Icod de los Vinos	2020	Prestaciones por desempleo	10.3		
Icod de los Vinos	2019	Prestaciones por desempleo	4		
Icod de los Vinos	2018	Prestaciones por desempleo	4		
Icod de los Vinos	2017	Prestaciones por desempleo	4.2		
Icod de los Vinos	2016	Prestaciones por desempleo	4.7		
Icod de los Vinos	2015	Prestaciones por desempleo	5.4		
Icod de los Vinos	2023	Otras prestaciones	5		
Icod de los Vinos	2022	Otras prestaciones	5		
Icod de los Vinos	2021	Otras prestaciones	5.3		
Icod de los Vinos	2020	Otras prestaciones	5.1		
Icod de los Vinos	2019	Otras prestaciones	4.3		
Icod de los Vinos	2018	Otras prestaciones	4.1		
Icod de los Vinos	2017	Otras prestaciones	4		
Icod de los Vinos	2016	Otras prestaciones	3.6		
Icod de los Vinos	2015	Otras prestaciones	3.7		
Icod de los Vinos	2023	Otros ingresos	12.1		
Icod de los Vinos	2022	Otros ingresos	12.1		
Icod de los Vinos	2021	Otros ingresos	11.1		
Icod de los Vinos	2020	Otros ingresos	9.8		
Icod de los Vinos	2019	Otros ingresos	11.9		
Icod de los Vinos	2018	Otros ingresos	12		
Icod de los Vinos	2017	Otros ingresos	11.7		
Icod de los Vinos	2016	Otros ingresos	11.7		
Icod de los Vinos	2015	Otros ingresos	11.4		
San Cristóbal de La Laguna	2023	Sueldos y salarios	62.7		
San Cristóbal de La Laguna	2022	Sueldos y salarios	62.6		
San Cristóbal de La Laguna	2021	Sueldos y salarios	61.9		
San Cristóbal de La Laguna	2020	Sueldos y salarios	60.6		
San Cristóbal de La Laguna	2019	Sueldos y salarios	64.1		
San Cristóbal de La Laguna	2018	Sueldos y salarios	64.3		
San Cristóbal de La Laguna	2017	Sueldos y salarios	64.3		
San Cristóbal de La Laguna	2016	Sueldos y salarios	64.5		
San Cristóbal de La Laguna	2015	Sueldos y salarios	64.4		
San Cristóbal de La Laguna	2023	Pensiones	19.7		
San Cristóbal de La Laguna	2022	Pensiones	19.8		
San Cristóbal de La Laguna	2021	Pensiones	19.7		
San Cristóbal de La Laguna	2020	Pensiones	20.1		
San Cristóbal de La Laguna	2019	Pensiones	19		
San Cristóbal de La Laguna	2018	Pensiones	19.1		
San Cristóbal de La Laguna	2017	Pensiones	19.4		
San Cristóbal de La Laguna	2016	Pensiones	19.4		
San Cristóbal de La Laguna	2015	Pensiones	19.6		
San Cristóbal de La Laguna	2023	Prestaciones por desempleo	2.2		
San Cristóbal de La Laguna	2022	Prestaciones por desempleo	2.4		
San Cristóbal de La Laguna	2021	Prestaciones por desempleo	3.7		
San Cristóbal de La Laguna	2020	Prestaciones por desempleo	5.8		
San Cristóbal de La Laguna	2019	Prestaciones por desempleo	2.6		
San Cristóbal de La Laguna	2018	Prestaciones por desempleo	2.6		
San Cristóbal de La Laguna	2017	Prestaciones por desempleo	2.8		
San Cristóbal de La Laguna	2016	Prestaciones por desempleo	3.1		
San Cristóbal de La Laguna	2015	Prestaciones por desempleo	3.5		
San Cristóbal de La Laguna	2023	Otras prestaciones	4.2		
San Cristóbal de La Laguna	2022	Otras prestaciones	4.2		
San Cristóbal de La Laguna	2021	Otras prestaciones	4.1		
San Cristóbal de La Laguna	2020	Otras prestaciones	3.8		
San Cristóbal de La Laguna	2019	Otras prestaciones	3.4		
San Cristóbal de La Laguna	2018	Otras prestaciones	3.3		
San Cristóbal de La Laguna	2017	Otras prestaciones	3.3		
San Cristóbal de La Laguna	2016	Otras prestaciones	3		
San Cristóbal de La Laguna	2015	Otras prestaciones	2.9		
San Cristóbal de La Laguna	2023	Otros ingresos	11.3		
San Cristóbal de La Laguna	2022	Otros ingresos	11.1		
San Cristóbal de La Laguna	2021	Otros ingresos	10.6		
San Cristóbal de La Laguna	2020	Otros ingresos	9.7		
San Cristóbal de La Laguna	2019	Otros ingresos	10.8		
San Cristóbal de La Laguna	2018	Otros ingresos	10.7		
San Cristóbal de La Laguna	2017	Otros ingresos	10.2		
San Cristóbal de La Laguna	2016	Otros ingresos	10		
San Cristóbal de La Laguna	2015	Otros ingresos	9.7		
La Matanza de Acentejo	2023	Sueldos y salarios	64.3		
La Matanza de Acentejo	2022	Sueldos y salarios	64.3		
La Matanza de Acentejo	2021	Sueldos y salarios	62.8		
La Matanza de Acentejo	2020	Sueldos y salarios	60.8		
La Matanza de Acentejo	2019	Sueldos y salarios	64.1		
La Matanza de Acentejo	2018	Sueldos y salarios	64.7		
La Matanza de Acentejo	2017	Sueldos y salarios	64.6		
La Matanza de Acentejo	2016	Sueldos y salarios	64.5		
La Matanza de Acentejo	2015	Sueldos y salarios	63.9		
La Matanza de Acentejo	2023	Pensiones	17.1		
La Matanza de Acentejo	2022	Pensiones	17.3		
La Matanza de Acentejo	2021	Pensiones	17.3		
La Matanza de Acentejo	2020	Pensiones	17.9		
La Matanza de Acentejo	2019	Pensiones	17		
La Matanza de Acentejo	2018	Pensiones	16.9		
La Matanza de Acentejo	2017	Pensiones	17.5		
La Matanza de Acentejo	2016	Pensiones	18.4		
La Matanza de Acentejo	2015	Pensiones	18.4		
La Matanza de Acentejo	2023	Prestaciones por desempleo	3		
La Matanza de Acentejo	2022	Prestaciones por desempleo	3		
La Matanza de Acentejo	2021	Prestaciones por desempleo	5.4		
La Matanza de Acentejo	2020	Prestaciones por desempleo	8		
La Matanza de Acentejo	2019	Prestaciones por desempleo	3.4		
La Matanza de Acentejo	2018	Prestaciones por desempleo	3.5		
La Matanza de Acentejo	2017	Prestaciones por desempleo	4		
La Matanza de Acentejo	2016	Prestaciones por desempleo	4.6		
La Matanza de Acentejo	2015	Prestaciones por desempleo	5.2		
La Matanza de Acentejo	2023	Otras prestaciones	4.4		
La Matanza de Acentejo	2022	Otras prestaciones	4.3		
La Matanza de Acentejo	2021	Otras prestaciones	4.4		
La Matanza de Acentejo	2020	Otras prestaciones	4.3		
La Matanza de Acentejo	2019	Otras prestaciones	3.7		
La Matanza de Acentejo	2018	Otras prestaciones	3.8		
La Matanza de Acentejo	2017	Otras prestaciones	3.6		
La Matanza de Acentejo	2016	Otras prestaciones	3.4		
La Matanza de Acentejo	2015	Otras prestaciones	3.4		
La Matanza de Acentejo	2023	Otros ingresos	11.3		
La Matanza de Acentejo	2022	Otros ingresos	11.2		
La Matanza de Acentejo	2021	Otros ingresos	10.1		
La Matanza de Acentejo	2020	Otros ingresos	9.1		
La Matanza de Acentejo	2019	Otros ingresos	11.9		
La Matanza de Acentejo	2018	Otros ingresos	11.1		
La Matanza de Acentejo	2017	Otros ingresos	10.4		
La Matanza de Acentejo	2016	Otros ingresos	9.2		
La Matanza de Acentejo	2015	Otros ingresos	9.2		
La Orotava	2023	Sueldos y salarios	60		
La Orotava	2022	Sueldos y salarios	59.3		
La Orotava	2021	Sueldos y salarios	56.7		
La Orotava	2020	Sueldos y salarios	55		
La Orotava	2019	Sueldos y salarios	60.6		
La Orotava	2018	Sueldos y salarios	60		
La Orotava	2017	Sueldos y salarios	59.6		
La Orotava	2016	Sueldos y salarios	59.4		
La Orotava	2015	Sueldos y salarios	58.8		
La Orotava	2023	Pensiones	19.8		
La Orotava	2022	Pensiones	20		
La Orotava	2021	Pensiones	20		
La Orotava	2020	Pensiones	20.9		
La Orotava	2019	Pensiones	19.7		
La Orotava	2018	Pensiones	19.8		
La Orotava	2017	Pensiones	20.7		
La Orotava	2016	Pensiones	20.9		
La Orotava	2015	Pensiones	21.1		
La Orotava	2023	Prestaciones por desempleo	2.4		
La Orotava	2022	Prestaciones por desempleo	2.8		
La Orotava	2021	Prestaciones por desempleo	5.9		
La Orotava	2020	Prestaciones por desempleo	8.9		
La Orotava	2019	Prestaciones por desempleo	3.2		
La Orotava	2018	Prestaciones por desempleo	3.2		
La Orotava	2017	Prestaciones por desempleo	3.6		
La Orotava	2016	Prestaciones por desempleo	3.9		
La Orotava	2015	Prestaciones por desempleo	4.6		
La Orotava	2023	Otras prestaciones	4.4		
La Orotava	2022	Otras prestaciones	4.4		
La Orotava	2021	Otras prestaciones	4.4		
La Orotava	2020	Otras prestaciones	4.3		
La Orotava	2019	Otras prestaciones	3.6		
La Orotava	2018	Otras prestaciones	3.5		
La Orotava	2017	Otras prestaciones	3.4		
La Orotava	2016	Otras prestaciones	3.1		
La Orotava	2015	Otras prestaciones	3		
La Orotava	2023	Otros ingresos	13.5		
La Orotava	2022	Otros ingresos	13.5		
La Orotava	2021	Otros ingresos	13		
La Orotava	2020	Otros ingresos	11		
La Orotava	2019	Otros ingresos	12.9		
La Orotava	2018	Otros ingresos	13.5		
La Orotava	2017	Otros ingresos	12.8		
La Orotava	2016	Otros ingresos	12.7		
La Orotava	2015	Otros ingresos	12.5		
Puerto de la Cruz	2023	Sueldos y salarios	49.4		
Puerto de la Cruz	2022	Sueldos y salarios	48.3		
Puerto de la Cruz	2021	Sueldos y salarios	46.6		
Puerto de la Cruz	2020	Sueldos y salarios	44.3		
Puerto de la Cruz	2019	Sueldos y salarios	50.2		
Puerto de la Cruz	2018	Sueldos y salarios	50.5		
Puerto de la Cruz	2017	Sueldos y salarios	50.9		
Puerto de la Cruz	2016	Sueldos y salarios	51.2		
Puerto de la Cruz	2015	Sueldos y salarios	50.4		
Puerto de la Cruz	2023	Pensiones	25.5		
Puerto de la Cruz	2022	Pensiones	25.8		
Puerto de la Cruz	2021	Pensiones	26.5		
Puerto de la Cruz	2020	Pensiones	28.6		
Puerto de la Cruz	2019	Pensiones	25.9		
Puerto de la Cruz	2018	Pensiones	25.5		
Puerto de la Cruz	2017	Pensiones	25.6		
Puerto de la Cruz	2016	Pensiones	25.8		
Puerto de la Cruz	2015	Pensiones	26.1		
Puerto de la Cruz	2023	Prestaciones por desempleo	2		
Puerto de la Cruz	2022	Prestaciones por desempleo	2.4		
Puerto de la Cruz	2021	Prestaciones por desempleo	6.2		
Puerto de la Cruz	2020	Prestaciones por desempleo	8.8		
Puerto de la Cruz	2019	Prestaciones por desempleo	2.7		
Puerto de la Cruz	2018	Prestaciones por desempleo	2.7		
Puerto de la Cruz	2017	Prestaciones por desempleo	2.9		
Puerto de la Cruz	2016	Prestaciones por desempleo	3		
Puerto de la Cruz	2015	Prestaciones por desempleo	3.6		
Puerto de la Cruz	2023	Otras prestaciones	4.2		
Puerto de la Cruz	2022	Otras prestaciones	4.1		
Puerto de la Cruz	2021	Otras prestaciones	4.3		
Puerto de la Cruz	2020	Otras prestaciones	4.4		
Puerto de la Cruz	2019	Otras prestaciones	3.4		
Puerto de la Cruz	2018	Otras prestaciones	3.4		
Puerto de la Cruz	2017	Otras prestaciones	3.4		
Puerto de la Cruz	2016	Otras prestaciones	3.2		
Puerto de la Cruz	2015	Otras prestaciones	3.2		
Puerto de la Cruz	2023	Otros ingresos	18.9		
Puerto de la Cruz	2022	Otros ingresos	19.3		
Puerto de la Cruz	2021	Otros ingresos	16.4		
Puerto de la Cruz	2020	Otros ingresos	14		
Puerto de la Cruz	2019	Otros ingresos	17.9		
Puerto de la Cruz	2018	Otros ingresos	17.9		
Puerto de la Cruz	2017	Otros ingresos	17.2		
Puerto de la Cruz	2016	Otros ingresos	16.9		
Puerto de la Cruz	2015	Otros ingresos	16.7		
Los Realejos	2023	Sueldos y salarios	60.8		
Los Realejos	2022	Sueldos y salarios	60.8		
Los Realejos	2021	Sueldos y salarios	56.8		
Los Realejos	2020	Sueldos y salarios	54.8		
Los Realejos	2019	Sueldos y salarios	62.3		
Los Realejos	2018	Sueldos y salarios	61.4		
Los Realejos	2017	Sueldos y salarios	61.8		
Los Realejos	2016	Sueldos y salarios	61.6		
Los Realejos	2015	Sueldos y salarios	60.3		
Los Realejos	2023	Pensiones	20.1		
Los Realejos	2022	Pensiones	20.6		
Los Realejos	2021	Pensiones	20.7		
Los Realejos	2020	Pensiones	21.1		
Los Realejos	2019	Pensiones	20.1		
Los Realejos	2018	Pensiones	19.9		
Los Realejos	2017	Pensiones	20.6		
Los Realejos	2016	Pensiones	21.4		
Los Realejos	2015	Pensiones	22		
Los Realejos	2023	Prestaciones por desempleo	3		
Los Realejos	2022	Prestaciones por desempleo	3.6		
Los Realejos	2021	Prestaciones por desempleo	7.5		
Los Realejos	2020	Prestaciones por desempleo	10.8		
Los Realejos	2019	Prestaciones por desempleo	3.8		
Los Realejos	2018	Prestaciones por desempleo	3.8		
Los Realejos	2017	Prestaciones por desempleo	4.3		
Los Realejos	2016	Prestaciones por desempleo	4.8		
Los Realejos	2015	Prestaciones por desempleo	5.5		
Los Realejos	2023	Otras prestaciones	4.6		
Los Realejos	2022	Otras prestaciones	4.6		
Los Realejos	2021	Otras prestaciones	4.6		
Los Realejos	2020	Otras prestaciones	4.6		
Los Realejos	2019	Otras prestaciones	3.8		
Los Realejos	2018	Otras prestaciones	3.7		
Los Realejos	2017	Otras prestaciones	3.7		
Los Realejos	2016	Otras prestaciones	3.2		
Los Realejos	2015	Otras prestaciones	3.2		
Los Realejos	2023	Otros ingresos	11.5		
Los Realejos	2022	Otros ingresos	10.5		
Los Realejos	2021	Otros ingresos	10.4		
Los Realejos	2020	Otros ingresos	8.7		
Los Realejos	2019	Otros ingresos	10		
Los Realejos	2018	Otros ingresos	11.2		
Los Realejos	2017	Otros ingresos	9.7		
Los Realejos	2016	Otros ingresos	9.1		
Los Realejos	2015	Otros ingresos	9		
El Rosario	2023	Sueldos y salarios	64.5		
El Rosario	2022	Sueldos y salarios	64.5		
El Rosario	2021	Sueldos y salarios	63.8		
El Rosario	2020	Sueldos y salarios	63.4		
El Rosario	2019	Sueldos y salarios	66.6		
El Rosario	2018	Sueldos y salarios	67.7		
El Rosario	2017	Sueldos y salarios	68.1		
El Rosario	2016	Sueldos y salarios	68.9		
El Rosario	2015	Sueldos y salarios	69.4		
El Rosario	2023	Pensiones	15.4		
El Rosario	2022	Pensiones	15.7		
El Rosario	2021	Pensiones	15.7		
El Rosario	2020	Pensiones	16.2		
El Rosario	2019	Pensiones	14.2		
El Rosario	2018	Pensiones	14.1		
El Rosario	2017	Pensiones	13.8		
El Rosario	2016	Pensiones	14.1		
El Rosario	2015	Pensiones	13.7		
El Rosario	2023	Prestaciones por desempleo	1.5		
El Rosario	2022	Prestaciones por desempleo	1.7		
El Rosario	2021	Prestaciones por desempleo	3.1		
El Rosario	2020	Prestaciones por desempleo	4.7		
El Rosario	2019	Prestaciones por desempleo	1.8		
El Rosario	2018	Prestaciones por desempleo	1.8		
El Rosario	2017	Prestaciones por desempleo	1.8		
El Rosario	2016	Prestaciones por desempleo	2.2		
El Rosario	2015	Prestaciones por desempleo	2.4		
El Rosario	2023	Otras prestaciones	3		
El Rosario	2022	Otras prestaciones	3		
El Rosario	2021	Otras prestaciones	3		
El Rosario	2020	Otras prestaciones	3		
El Rosario	2019	Otras prestaciones	2.6		
El Rosario	2018	Otras prestaciones	2.5		
El Rosario	2017	Otras prestaciones	2.4		
El Rosario	2016	Otras prestaciones	2.2		
El Rosario	2015	Otras prestaciones	2.2		
El Rosario	2023	Otros ingresos	15.8		
El Rosario	2022	Otros ingresos	15.1		
El Rosario	2021	Otros ingresos	14.4		
El Rosario	2020	Otros ingresos	12.8		
El Rosario	2019	Otros ingresos	14.8		
El Rosario	2018	Otros ingresos	13.8		
El Rosario	2017	Otros ingresos	13.9		
El Rosario	2016	Otros ingresos	12.6		
El Rosario	2015	Otros ingresos	12.4		
San Juan de la Rambla	2023	Sueldos y salarios	63.4		
San Juan de la Rambla	2022	Sueldos y salarios	61.8		
San Juan de la Rambla	2021	Sueldos y salarios	58.1		
San Juan de la Rambla	2020	Sueldos y salarios	56.1		
San Juan de la Rambla	2019	Sueldos y salarios	63.1		
San Juan de la Rambla	2018	Sueldos y salarios	63.7		
San Juan de la Rambla	2017	Sueldos y salarios	63.3		
San Juan de la Rambla	2016	Sueldos y salarios	62.7		
San Juan de la Rambla	2015	Sueldos y salarios	61.2		
San Juan de la Rambla	2023	Pensiones	19.9		
San Juan de la Rambla	2022	Pensiones	19.6		
San Juan de la Rambla	2021	Pensiones	20.2		
San Juan de la Rambla	2020	Pensiones	20.1		
San Juan de la Rambla	2019	Pensiones	19.2		
San Juan de la Rambla	2018	Pensiones	19		
San Juan de la Rambla	2017	Pensiones	19.6		
San Juan de la Rambla	2016	Pensiones	20.3		
San Juan de la Rambla	2015	Pensiones	20.8		
San Juan de la Rambla	2023	Prestaciones por desempleo	3		
San Juan de la Rambla	2022	Prestaciones por desempleo	3.4		
San Juan de la Rambla	2021	Prestaciones por desempleo	7.2		
San Juan de la Rambla	2020	Prestaciones por desempleo	9.5		
San Juan de la Rambla	2019	Prestaciones por desempleo	4		
San Juan de la Rambla	2018	Prestaciones por desempleo	3.8		
San Juan de la Rambla	2017	Prestaciones por desempleo	4.2		
San Juan de la Rambla	2016	Prestaciones por desempleo	4.6		
San Juan de la Rambla	2015	Prestaciones por desempleo	5.4		
San Juan de la Rambla	2023	Otras prestaciones	4.7		
San Juan de la Rambla	2022	Otras prestaciones	5		
San Juan de la Rambla	2021	Otras prestaciones	5		
San Juan de la Rambla	2020	Otras prestaciones	5		
San Juan de la Rambla	2019	Otras prestaciones	4.2		
San Juan de la Rambla	2018	Otras prestaciones	3.7		
San Juan de la Rambla	2017	Otras prestaciones	3.4		
San Juan de la Rambla	2016	Otras prestaciones	3.1		
San Juan de la Rambla	2015	Otras prestaciones	3.4		
San Juan de la Rambla	2023	Otros ingresos	9		
San Juan de la Rambla	2022	Otros ingresos	10.2		
San Juan de la Rambla	2021	Otros ingresos	9.6		
San Juan de la Rambla	2020	Otros ingresos	9.3		
San Juan de la Rambla	2019	Otros ingresos	9.5		
San Juan de la Rambla	2018	Otros ingresos	9.8		
San Juan de la Rambla	2017	Otros ingresos	9.5		
San Juan de la Rambla	2016	Otros ingresos	9.3		
San Juan de la Rambla	2015	Otros ingresos	9.1		
San Miguel de Abona	2023	Sueldos y salarios	65.8		
San Miguel de Abona	2022	Sueldos y salarios	65.3		
San Miguel de Abona	2021	Sueldos y salarios	58.3		
San Miguel de Abona	2020	Sueldos y salarios	55		
San Miguel de Abona	2019	Sueldos y salarios	68.6		
San Miguel de Abona	2018	Sueldos y salarios	68.4		
San Miguel de Abona	2017	Sueldos y salarios	69.1		
San Miguel de Abona	2016	Sueldos y salarios	67.7		
San Miguel de Abona	2015	Sueldos y salarios	67.5		
San Miguel de Abona	2023	Pensiones	12.6		
San Miguel de Abona	2022	Pensiones	12.8		
San Miguel de Abona	2021	Pensiones	13.5		
San Miguel de Abona	2020	Pensiones	13.1		
San Miguel de Abona	2019	Pensiones	11.3		
San Miguel de Abona	2018	Pensiones	10.8		
San Miguel de Abona	2017	Pensiones	11.1		
San Miguel de Abona	2016	Pensiones	11.8		
San Miguel de Abona	2015	Pensiones	12		
San Miguel de Abona	2023	Prestaciones por desempleo	2.4		
San Miguel de Abona	2022	Prestaciones por desempleo	3		
San Miguel de Abona	2021	Prestaciones por desempleo	11.3		
San Miguel de Abona	2020	Prestaciones por desempleo	16.3		
San Miguel de Abona	2019	Prestaciones por desempleo	3.7		
San Miguel de Abona	2018	Prestaciones por desempleo	3.6		
San Miguel de Abona	2017	Prestaciones por desempleo	3.9		
San Miguel de Abona	2016	Prestaciones por desempleo	4.2		
San Miguel de Abona	2015	Prestaciones por desempleo	4.8		
San Miguel de Abona	2023	Otras prestaciones	3.3		
San Miguel de Abona	2022	Otras prestaciones	3.2		
San Miguel de Abona	2021	Otras prestaciones	3.7		
San Miguel de Abona	2020	Otras prestaciones	3.3		
San Miguel de Abona	2019	Otras prestaciones	2.7		
San Miguel de Abona	2018	Otras prestaciones	2.6		
San Miguel de Abona	2017	Otras prestaciones	2.1		
San Miguel de Abona	2016	Otras prestaciones	1.9		
San Miguel de Abona	2015	Otras prestaciones	2		
San Miguel de Abona	2023	Otros ingresos	15.9		
San Miguel de Abona	2022	Otros ingresos	15.7		
San Miguel de Abona	2021	Otros ingresos	13.2		
San Miguel de Abona	2020	Otros ingresos	12.3		
San Miguel de Abona	2019	Otros ingresos	13.8		
San Miguel de Abona	2018	Otros ingresos	14.6		
San Miguel de Abona	2017	Otros ingresos	13.8		
San Miguel de Abona	2016	Otros ingresos	14.4		
San Miguel de Abona	2015	Otros ingresos	13.8		
Santa Cruz de Tenerife	2023	Sueldos y salarios	58.6		
Santa Cruz de Tenerife	2022	Sueldos y salarios	58.1		
Santa Cruz de Tenerife	2021	Sueldos y salarios	57.3		
Santa Cruz de Tenerife	2020	Sueldos y salarios	55.8		
Santa Cruz de Tenerife	2019	Sueldos y salarios	58.7		
Santa Cruz de Tenerife	2018	Sueldos y salarios	58.8		
Santa Cruz de Tenerife	2017	Sueldos y salarios	58.7		
Santa Cruz de Tenerife	2016	Sueldos y salarios	58.7		
Santa Cruz de Tenerife	2015	Sueldos y salarios	58.7		
Santa Cruz de Tenerife	2023	Pensiones	20.7		
Santa Cruz de Tenerife	2022	Pensiones	21.2		
Santa Cruz de Tenerife	2021	Pensiones	21.5		
Santa Cruz de Tenerife	2020	Pensiones	22.7		
Santa Cruz de Tenerife	2019	Pensiones	21.4		
Santa Cruz de Tenerife	2018	Pensiones	21.6		
Santa Cruz de Tenerife	2017	Pensiones	21.9		
Santa Cruz de Tenerife	2016	Pensiones	22.2		
Santa Cruz de Tenerife	2015	Pensiones	22.5		
Santa Cruz de Tenerife	2023	Prestaciones por desempleo	1.9		
Santa Cruz de Tenerife	2022	Prestaciones por desempleo	2		
Santa Cruz de Tenerife	2021	Prestaciones por desempleo	3.3		
Santa Cruz de Tenerife	2020	Prestaciones por desempleo	5		
Santa Cruz de Tenerife	2019	Prestaciones por desempleo	2.2		
Santa Cruz de Tenerife	2018	Prestaciones por desempleo	2.2		
Santa Cruz de Tenerife	2017	Prestaciones por desempleo	2.4		
Santa Cruz de Tenerife	2016	Prestaciones por desempleo	2.7		
Santa Cruz de Tenerife	2015	Prestaciones por desempleo	3		
Santa Cruz de Tenerife	2023	Otras prestaciones	4.3		
Santa Cruz de Tenerife	2022	Otras prestaciones	4.3		
Santa Cruz de Tenerife	2021	Otras prestaciones	4.3		
Santa Cruz de Tenerife	2020	Otras prestaciones	4		
Santa Cruz de Tenerife	2019	Otras prestaciones	3.5		
Santa Cruz de Tenerife	2018	Otras prestaciones	3.4		
Santa Cruz de Tenerife	2017	Otras prestaciones	3.3		
Santa Cruz de Tenerife	2016	Otras prestaciones	3.1		
Santa Cruz de Tenerife	2015	Otras prestaciones	3		
Santa Cruz de Tenerife	2023	Otros ingresos	14.5		
Santa Cruz de Tenerife	2022	Otros ingresos	14.4		
Santa Cruz de Tenerife	2021	Otros ingresos	13.6		
Santa Cruz de Tenerife	2020	Otros ingresos	12.4		
Santa Cruz de Tenerife	2019	Otros ingresos	14.2		
Santa Cruz de Tenerife	2018	Otros ingresos	14		
Santa Cruz de Tenerife	2017	Otros ingresos	13.7		
Santa Cruz de Tenerife	2016	Otros ingresos	13.3		
Santa Cruz de Tenerife	2015	Otros ingresos	13		
Santa Úrsula	2023	Sueldos y salarios	61.1		
Santa Úrsula	2022	Sueldos y salarios	60.2		
Santa Úrsula	2021	Sueldos y salarios	58.9		
Santa Úrsula	2020	Sueldos y salarios	57		
Santa Úrsula	2019	Sueldos y salarios	62.7		
Santa Úrsula	2018	Sueldos y salarios	62.7		
Santa Úrsula	2017	Sueldos y salarios	62.5		
Santa Úrsula	2016	Sueldos y salarios	62.8		
Santa Úrsula	2015	Sueldos y salarios	61.9		
Santa Úrsula	2023	Pensiones	15.7		
Santa Úrsula	2022	Pensiones	15.8		
Santa Úrsula	2021	Pensiones	16		
Santa Úrsula	2020	Pensiones	17.1		
Santa Úrsula	2019	Pensiones	15.7		
Santa Úrsula	2018	Pensiones	16.3		
Santa Úrsula	2017	Pensiones	15.6		
Santa Úrsula	2016	Pensiones	16.5		
Santa Úrsula	2015	Pensiones	16.9		
Santa Úrsula	2023	Prestaciones por desempleo	2.5		
Santa Úrsula	2022	Prestaciones por desempleo	2.9		
Santa Úrsula	2021	Prestaciones por desempleo	5.6		
Santa Úrsula	2020	Prestaciones por desempleo	8.6		
Santa Úrsula	2019	Prestaciones por desempleo	3.2		
Santa Úrsula	2018	Prestaciones por desempleo	3.1		
Santa Úrsula	2017	Prestaciones por desempleo	3.5		
Santa Úrsula	2016	Prestaciones por desempleo	4.1		
Santa Úrsula	2015	Prestaciones por desempleo	4.8		
Santa Úrsula	2023	Otras prestaciones	4.5		
Santa Úrsula	2022	Otras prestaciones	4.5		
Santa Úrsula	2021	Otras prestaciones	4.6		
Santa Úrsula	2020	Otras prestaciones	4.3		
Santa Úrsula	2019	Otras prestaciones	3.5		
Santa Úrsula	2018	Otras prestaciones	3.2		
Santa Úrsula	2017	Otras prestaciones	3.2		
Santa Úrsula	2016	Otras prestaciones	2.7		
Santa Úrsula	2015	Otras prestaciones	2.7		
Santa Úrsula	2023	Otros ingresos	16.3		
Santa Úrsula	2022	Otros ingresos	16.7		
Santa Úrsula	2021	Otros ingresos	14.9		
Santa Úrsula	2020	Otros ingresos	13.1		
Santa Úrsula	2019	Otros ingresos	14.9		
Santa Úrsula	2018	Otros ingresos	14.6		
Santa Úrsula	2017	Otros ingresos	15.2		
Santa Úrsula	2016	Otros ingresos	13.9		
Santa Úrsula	2015	Otros ingresos	13.7		
Santiago del Teide	2023	Sueldos y salarios	60.8		
Santiago del Teide	2022	Sueldos y salarios	59.2		
Santiago del Teide	2021	Sueldos y salarios	50		
Santiago del Teide	2020	Sueldos y salarios	47.9		
Santiago del Teide	2019	Sueldos y salarios	63.1		
Santiago del Teide	2018	Sueldos y salarios	63.2		
Santiago del Teide	2017	Sueldos y salarios	63.8		
Santiago del Teide	2016	Sueldos y salarios	63.2		
Santiago del Teide	2015	Sueldos y salarios	61.9		
Santiago del Teide	2023	Pensiones	15.6		
Santiago del Teide	2022	Pensiones	15.7		
Santiago del Teide	2021	Pensiones	16.9		
Santiago del Teide	2020	Pensiones	17.4		
Santiago del Teide	2019	Pensiones	14.6		
Santiago del Teide	2018	Pensiones	14.4		
Santiago del Teide	2017	Pensiones	14.5		
Santiago del Teide	2016	Pensiones	14.9		
Santiago del Teide	2015	Pensiones	15.6		
Santiago del Teide	2023	Prestaciones por desempleo	2.3		
Santiago del Teide	2022	Prestaciones por desempleo	2.7		
Santiago del Teide	2021	Prestaciones por desempleo	12.3		
Santiago del Teide	2020	Prestaciones por desempleo	17.7		
Santiago del Teide	2019	Prestaciones por desempleo	3.7		
Santiago del Teide	2018	Prestaciones por desempleo	3.8		
Santiago del Teide	2017	Prestaciones por desempleo	3.7		
Santiago del Teide	2016	Prestaciones por desempleo	4.2		
Santiago del Teide	2015	Prestaciones por desempleo	4.6		
Santiago del Teide	2023	Otras prestaciones	3.4		
Santiago del Teide	2022	Otras prestaciones	3.7		
Santiago del Teide	2021	Otras prestaciones	4.1		
Santiago del Teide	2020	Otras prestaciones	3.8		
Santiago del Teide	2019	Otras prestaciones	3.1		
Santiago del Teide	2018	Otras prestaciones	2.9		
Santiago del Teide	2017	Otras prestaciones	2.4		
Santiago del Teide	2016	Otras prestaciones	2.3		
Santiago del Teide	2015	Otras prestaciones	2.5		
Santiago del Teide	2023	Otros ingresos	17.8		
Santiago del Teide	2022	Otros ingresos	18.7		
Santiago del Teide	2021	Otros ingresos	16.7		
Santiago del Teide	2020	Otros ingresos	13.2		
Santiago del Teide	2019	Otros ingresos	15.5		
Santiago del Teide	2018	Otros ingresos	15.8		
Santiago del Teide	2017	Otros ingresos	15.6		
Santiago del Teide	2016	Otros ingresos	15.5		
Santiago del Teide	2015	Otros ingresos	15.4		
El Sauzal	2023	Sueldos y salarios	61.6		
El Sauzal	2022	Sueldos y salarios	61		
El Sauzal	2021	Sueldos y salarios	61.8		
El Sauzal	2020	Sueldos y salarios	61.5		
El Sauzal	2019	Sueldos y salarios	64.5		
El Sauzal	2018	Sueldos y salarios	64		
El Sauzal	2017	Sueldos y salarios	64		
El Sauzal	2016	Sueldos y salarios	64		
El Sauzal	2015	Sueldos y salarios	63.5		
El Sauzal	2023	Pensiones	18.4		
El Sauzal	2022	Pensiones	19.2		
El Sauzal	2021	Pensiones	18.8		
El Sauzal	2020	Pensiones	18.7		
El Sauzal	2019	Pensiones	17.5		
El Sauzal	2018	Pensiones	18.6		
El Sauzal	2017	Pensiones	18.1		
El Sauzal	2016	Pensiones	18.5		
El Sauzal	2015	Pensiones	18.4		
El Sauzal	2023	Prestaciones por desempleo	2		
El Sauzal	2022	Prestaciones por desempleo	2.2		
El Sauzal	2021	Prestaciones por desempleo	3.8		
El Sauzal	2020	Prestaciones por desempleo	5.6		
El Sauzal	2019	Prestaciones por desempleo	2.3		
El Sauzal	2018	Prestaciones por desempleo	2.4		
El Sauzal	2017	Prestaciones por desempleo	2.8		
El Sauzal	2016	Prestaciones por desempleo	3.3		
El Sauzal	2015	Prestaciones por desempleo	3.6		
El Sauzal	2023	Otras prestaciones	4		
El Sauzal	2022	Otras prestaciones	4.2		
El Sauzal	2021	Otras prestaciones	4.1		
El Sauzal	2020	Otras prestaciones	3.7		
El Sauzal	2019	Otras prestaciones	3.2		
El Sauzal	2018	Otras prestaciones	3.1		
El Sauzal	2017	Otras prestaciones	3.3		
El Sauzal	2016	Otras prestaciones	2.7		
El Sauzal	2015	Otras prestaciones	2.8		
El Sauzal	2023	Otros ingresos	14.1		
El Sauzal	2022	Otros ingresos	13.4		
El Sauzal	2021	Otros ingresos	11.6		
El Sauzal	2020	Otros ingresos	10.5		
El Sauzal	2019	Otros ingresos	12.5		
El Sauzal	2018	Otros ingresos	11.9		
El Sauzal	2017	Otros ingresos	11.8		
El Sauzal	2016	Otros ingresos	11.5		
El Sauzal	2015	Otros ingresos	11.8		
Los Silos	2023	Sueldos y salarios	55.4		
Los Silos	2022	Sueldos y salarios	53.9		
Los Silos	2021	Sueldos y salarios	51.4		
Los Silos	2020	Sueldos y salarios	53		
Los Silos	2019	Sueldos y salarios	55.6		
Los Silos	2018	Sueldos y salarios	66.7		
Los Silos	2017	Sueldos y salarios	54.5		
Los Silos	2016	Sueldos y salarios	54.8		
Los Silos	2015	Sueldos y salarios	53.8		
Los Silos	2023	Pensiones	26.5		
Los Silos	2022	Pensiones	26.3		
Los Silos	2021	Pensiones	26.3		
Los Silos	2020	Pensiones	25		
Los Silos	2019	Pensiones	25.4		
Los Silos	2018	Pensiones	19.2		
Los Silos	2017	Pensiones	26.8		
Los Silos	2016	Pensiones	28		
Los Silos	2015	Pensiones	28.9		
Los Silos	2023	Prestaciones por desempleo	3		
Los Silos	2022	Prestaciones por desempleo	3.3		
Los Silos	2021	Prestaciones por desempleo	6.2		
Los Silos	2020	Prestaciones por desempleo	8.2		
Los Silos	2019	Prestaciones por desempleo	3.9		
Los Silos	2018	Prestaciones por desempleo	2.8		
Los Silos	2017	Prestaciones por desempleo	4.1		
Los Silos	2016	Prestaciones por desempleo	4.3		
Los Silos	2015	Prestaciones por desempleo	4.5		
Los Silos	2023	Otras prestaciones	4.2		
Los Silos	2022	Otras prestaciones	4.3		
Los Silos	2021	Otras prestaciones	4.2		
Los Silos	2020	Otras prestaciones	4.4		
Los Silos	2019	Otras prestaciones	3.9		
Los Silos	2018	Otras prestaciones	2.6		
Los Silos	2017	Otras prestaciones	3.6		
Los Silos	2016	Otras prestaciones	3.3		
Los Silos	2015	Otras prestaciones	3.5		
Los Silos	2023	Otros ingresos	10.9		
Los Silos	2022	Otros ingresos	12.2		
Los Silos	2021	Otros ingresos	11.9		
Los Silos	2020	Otros ingresos	9.5		
Los Silos	2019	Otros ingresos	11.2		
Los Silos	2018	Otros ingresos	8.8		
Los Silos	2017	Otros ingresos	11.1		
Los Silos	2016	Otros ingresos	9.5		
Los Silos	2015	Otros ingresos	9.2		
Tacoronte	2023	Sueldos y salarios	61.8		
Tacoronte	2022	Sueldos y salarios	62.5		
Tacoronte	2021	Sueldos y salarios	61.1		
Tacoronte	2020	Sueldos y salarios	60.3		
Tacoronte	2019	Sueldos y salarios	63.1		
Tacoronte	2018	Sueldos y salarios	63.7		
Tacoronte	2017	Sueldos y salarios	63.1		
Tacoronte	2016	Sueldos y salarios	63.5		
Tacoronte	2015	Sueldos y salarios	63.4		
Tacoronte	2023	Pensiones	18.8		
Tacoronte	2022	Pensiones	18.7		
Tacoronte	2021	Pensiones	18.5		
Tacoronte	2020	Pensiones	19.4		
Tacoronte	2019	Pensiones	18		
Tacoronte	2018	Pensiones	18.1		
Tacoronte	2017	Pensiones	18.9		
Tacoronte	2016	Pensiones	18.9		
Tacoronte	2015	Pensiones	19		
Tacoronte	2023	Prestaciones por desempleo	2.1		
Tacoronte	2022	Prestaciones por desempleo	2.4		
Tacoronte	2021	Prestaciones por desempleo	3.7		
Tacoronte	2020	Prestaciones por desempleo	5.8		
Tacoronte	2019	Prestaciones por desempleo	2.7		
Tacoronte	2018	Prestaciones por desempleo	2.7		
Tacoronte	2017	Prestaciones por desempleo	3.1		
Tacoronte	2016	Prestaciones por desempleo	3.3		
Tacoronte	2015	Prestaciones por desempleo	3.7		
Tacoronte	2023	Otras prestaciones	4		
Tacoronte	2022	Otras prestaciones	4.1		
Tacoronte	2021	Otras prestaciones	3.9		
Tacoronte	2020	Otras prestaciones	3.9		
Tacoronte	2019	Otras prestaciones	3.4		
Tacoronte	2018	Otras prestaciones	3		
Tacoronte	2017	Otras prestaciones	3		
Tacoronte	2016	Otras prestaciones	2.9		
Tacoronte	2015	Otras prestaciones	2.9		
Tacoronte	2023	Otros ingresos	13.4		
Tacoronte	2022	Otros ingresos	12.3		
Tacoronte	2021	Otros ingresos	12.9		
Tacoronte	2020	Otros ingresos	10.5		
Tacoronte	2019	Otros ingresos	12.9		
Tacoronte	2018	Otros ingresos	12.4		
Tacoronte	2017	Otros ingresos	11.9		
Tacoronte	2016	Otros ingresos	11.4		
Tacoronte	2015	Otros ingresos	11		
El Tanque	2023	Sueldos y salarios	58.2		
El Tanque	2022	Sueldos y salarios	57.9		
El Tanque	2021	Sueldos y salarios	51.3		
El Tanque	2020	Sueldos y salarios	48.5		
El Tanque	2019	Sueldos y salarios	58.2		
El Tanque	2018	Sueldos y salarios	58		
El Tanque	2017	Sueldos y salarios	57.5		
El Tanque	2016	Sueldos y salarios	57.9		
El Tanque	2015	Sueldos y salarios	55.3		
El Tanque	2023	Pensiones	21.3		
El Tanque	2022	Pensiones	21.3		
El Tanque	2021	Pensiones	22.4		
El Tanque	2020	Pensiones	23.1		
El Tanque	2019	Pensiones	21.9		
El Tanque	2018	Pensiones	22.7		
El Tanque	2017	Pensiones	23.9		
El Tanque	2016	Pensiones	23.9		
El Tanque	2015	Pensiones	25		
El Tanque	2023	Prestaciones por desempleo	4.1		
El Tanque	2022	Prestaciones por desempleo	4.4		
El Tanque	2021	Prestaciones por desempleo	10.2		
El Tanque	2020	Prestaciones por desempleo	14		
El Tanque	2019	Prestaciones por desempleo	5.4		
El Tanque	2018	Prestaciones por desempleo	5.8		
El Tanque	2017	Prestaciones por desempleo	5.7		
El Tanque	2016	Prestaciones por desempleo	6.3		
El Tanque	2015	Prestaciones por desempleo	7		
El Tanque	2023	Otras prestaciones	5.2		
El Tanque	2022	Otras prestaciones	5.4		
El Tanque	2021	Otras prestaciones	5.8		
El Tanque	2020	Otras prestaciones	5.6		
El Tanque	2019	Otras prestaciones	4.6		
El Tanque	2018	Otras prestaciones	4.5		
El Tanque	2017	Otras prestaciones	4		
El Tanque	2016	Otras prestaciones	3.5		
El Tanque	2015	Otras prestaciones	4.1		
El Tanque	2023	Otros ingresos	11.1		
El Tanque	2022	Otros ingresos	11		
El Tanque	2021	Otros ingresos	10.3		
El Tanque	2020	Otros ingresos	8.8		
El Tanque	2019	Otros ingresos	9.9		
El Tanque	2018	Otros ingresos	8.9		
El Tanque	2017	Otros ingresos	9		
El Tanque	2016	Otros ingresos	8.4		
El Tanque	2015	Otros ingresos	8.6		
Tegueste	2023	Sueldos y salarios	63.1		
Tegueste	2022	Sueldos y salarios	62.8		
Tegueste	2021	Sueldos y salarios	62.9		
Tegueste	2020	Sueldos y salarios	61.7		
Tegueste	2019	Sueldos y salarios	62.8		
Tegueste	2018	Sueldos y salarios	62.3		
Tegueste	2017	Sueldos y salarios	63.9		
Tegueste	2016	Sueldos y salarios	64.4		
Tegueste	2015	Sueldos y salarios	63.9		
Tegueste	2023	Pensiones	19.2		
Tegueste	2022	Pensiones	19.3		
Tegueste	2021	Pensiones	19		
Tegueste	2020	Pensiones	19.3		
Tegueste	2019	Pensiones	19		
Tegueste	2018	Pensiones	18.7		
Tegueste	2017	Pensiones	18.9		
Tegueste	2016	Pensiones	18.5		
Tegueste	2015	Pensiones	18.4		
Tegueste	2023	Prestaciones por desempleo	1.8		
Tegueste	2022	Prestaciones por desempleo	1.9		
Tegueste	2021	Prestaciones por desempleo	3		
Tegueste	2020	Prestaciones por desempleo	4.8		
Tegueste	2019	Prestaciones por desempleo	2.1		
Tegueste	2018	Prestaciones por desempleo	2		
Tegueste	2017	Prestaciones por desempleo	2.2		
Tegueste	2016	Prestaciones por desempleo	2.4		
Tegueste	2015	Prestaciones por desempleo	2.8		
Tegueste	2023	Otras prestaciones	3.2		
Tegueste	2022	Otras prestaciones	3.4		
Tegueste	2021	Otras prestaciones	3.5		
Tegueste	2020	Otras prestaciones	3.6		
Tegueste	2019	Otras prestaciones	3.3		
Tegueste	2018	Otras prestaciones	3.3		
Tegueste	2017	Otras prestaciones	2.9		
Tegueste	2016	Otras prestaciones	2.6		
Tegueste	2015	Otras prestaciones	2.6		
Tegueste	2023	Otros ingresos	12.8		
Tegueste	2022	Otros ingresos	12.6		
Tegueste	2021	Otros ingresos	11.6		
Tegueste	2020	Otros ingresos	10.6		
Tegueste	2019	Otros ingresos	12.9		
Tegueste	2018	Otros ingresos	13.7		
Tegueste	2017	Otros ingresos	12.1		
Tegueste	2016	Otros ingresos	12		
Tegueste	2015	Otros ingresos	12.3		
La Victoria de Acentejo	2023	Sueldos y salarios	60.8		
La Victoria de Acentejo	2022	Sueldos y salarios	60.4		
La Victoria de Acentejo	2021	Sueldos y salarios	58.1		
La Victoria de Acentejo	2020	Sueldos y salarios	56		
La Victoria de Acentejo	2019	Sueldos y salarios	61		
La Victoria de Acentejo	2018	Sueldos y salarios	60.9		
La Victoria de Acentejo	2017	Sueldos y salarios	60.8		
La Victoria de Acentejo	2016	Sueldos y salarios	59.1		
La Victoria de Acentejo	2015	Sueldos y salarios	57.4		
La Victoria de Acentejo	2023	Pensiones	20.3		
La Victoria de Acentejo	2022	Pensiones	20.2		
La Victoria de Acentejo	2021	Pensiones	19.9		
La Victoria de Acentejo	2020	Pensiones	21.1		
La Victoria de Acentejo	2019	Pensiones	20.6		
La Victoria de Acentejo	2018	Pensiones	20.6		
La Victoria de Acentejo	2017	Pensiones	21.1		
La Victoria de Acentejo	2016	Pensiones	22		
La Victoria de Acentejo	2015	Pensiones	22.4		
La Victoria de Acentejo	2023	Prestaciones por desempleo	3.2		
La Victoria de Acentejo	2022	Prestaciones por desempleo	3.5		
La Victoria de Acentejo	2021	Prestaciones por desempleo	6		
La Victoria de Acentejo	2020	Prestaciones por desempleo	9.2		
La Victoria de Acentejo	2019	Prestaciones por desempleo	4		
La Victoria de Acentejo	2018	Prestaciones por desempleo	4.1		
La Victoria de Acentejo	2017	Prestaciones por desempleo	4.3		
La Victoria de Acentejo	2016	Prestaciones por desempleo	5.4		
La Victoria de Acentejo	2015	Prestaciones por desempleo	6		
La Victoria de Acentejo	2023	Otras prestaciones	5		
La Victoria de Acentejo	2022	Otras prestaciones	5.1		
La Victoria de Acentejo	2021	Otras prestaciones	5.3		
La Victoria de Acentejo	2020	Otras prestaciones	4.9		
La Victoria de Acentejo	2019	Otras prestaciones	4.2		
La Victoria de Acentejo	2018	Otras prestaciones	4		
La Victoria de Acentejo	2017	Otras prestaciones	4		
La Victoria de Acentejo	2016	Otras prestaciones	3.5		
La Victoria de Acentejo	2015	Otras prestaciones	3.7		
La Victoria de Acentejo	2023	Otros ingresos	10.6		
La Victoria de Acentejo	2022	Otros ingresos	10.8		
La Victoria de Acentejo	2021	Otros ingresos	10.7		
La Victoria de Acentejo	2020	Otros ingresos	8.8		
La Victoria de Acentejo	2019	Otros ingresos	10.2		
La Victoria de Acentejo	2018	Otros ingresos	10.3		
La Victoria de Acentejo	2017	Otros ingresos	9.9		
La Victoria de Acentejo	2016	Otros ingresos	9.9		
La Victoria de Acentejo	2015	Otros ingresos	10.6		
Vilaflor de Chasna	2023	Sueldos y salarios	57.7		
Vilaflor de Chasna	2022	Sueldos y salarios	56		
Vilaflor de Chasna	2021	Sueldos y salarios	48.8		
Vilaflor de Chasna	2020	Sueldos y salarios	49.1		
Vilaflor de Chasna	2019	Sueldos y salarios	56.6		
Vilaflor de Chasna	2018	Sueldos y salarios	56		
Vilaflor de Chasna	2017	Sueldos y salarios	56.7		
Vilaflor de Chasna	2016	Sueldos y salarios	56.7		
Vilaflor de Chasna	2015	Sueldos y salarios	56.8		
Vilaflor de Chasna	2023	Pensiones	21.8		
Vilaflor de Chasna	2022	Pensiones	22.8		
Vilaflor de Chasna	2021	Pensiones	25.2		
Vilaflor de Chasna	2020	Pensiones	25.3		
Vilaflor de Chasna	2019	Pensiones	22.5		
Vilaflor de Chasna	2018	Pensiones	22.2		
Vilaflor de Chasna	2017	Pensiones	22.7		
Vilaflor de Chasna	2016	Pensiones	22.5		
Vilaflor de Chasna	2015	Pensiones	21.7		
Vilaflor de Chasna	2023	Prestaciones por desempleo	2.8		
Vilaflor de Chasna	2022	Prestaciones por desempleo	3.3		
Vilaflor de Chasna	2021	Prestaciones por desempleo	7.7		
Vilaflor de Chasna	2020	Prestaciones por desempleo	10.3		
Vilaflor de Chasna	2019	Prestaciones por desempleo	2.9		
Vilaflor de Chasna	2018	Prestaciones por desempleo	3.1		
Vilaflor de Chasna	2017	Prestaciones por desempleo	3.6		
Vilaflor de Chasna	2016	Prestaciones por desempleo	3.7		
Vilaflor de Chasna	2015	Prestaciones por desempleo	4.1		
Vilaflor de Chasna	2023	Otras prestaciones	3.4		
Vilaflor de Chasna	2022	Otras prestaciones	3.2		
Vilaflor de Chasna	2021	Otras prestaciones	3.7		
Vilaflor de Chasna	2020	Otras prestaciones	4.1		
Vilaflor de Chasna	2019	Otras prestaciones	2.6		
Vilaflor de Chasna	2018	Otras prestaciones	2.7		
Vilaflor de Chasna	2017	Otras prestaciones	2.5		
Vilaflor de Chasna	2016	Otras prestaciones	1.9		
Vilaflor de Chasna	2015	Otras prestaciones	1.9		
Vilaflor de Chasna	2023	Otros ingresos	14.3		
Vilaflor de Chasna	2022	Otros ingresos	14.7		
Vilaflor de Chasna	2021	Otros ingresos	14.7		
Vilaflor de Chasna	2020	Otros ingresos	11.2		
Vilaflor de Chasna	2019	Otros ingresos	15.5		
Vilaflor de Chasna	2018	Otros ingresos	16		
Vilaflor de Chasna	2017	Otros ingresos	14.5		
Vilaflor de Chasna	2016	Otros ingresos	15.3		
Vilaflor de Chasna	2015	Otros ingresos	15.5		
La Gomera	2023	Sueldos y salarios	59.9		
La Gomera	2022	Sueldos y salarios	59.7		
La Gomera	2021	Sueldos y salarios	57		
La Gomera	2020	Sueldos y salarios	55.4		
La Gomera	2019	Sueldos y salarios	60.3		
La Gomera	2018	Sueldos y salarios	59.8		
La Gomera	2017	Sueldos y salarios	60		
La Gomera	2016	Sueldos y salarios	59.2		
La Gomera	2015	Sueldos y salarios	59.2		
La Gomera	2023	Pensiones	20.7		
La Gomera	2022	Pensiones	20.7		
La Gomera	2021	Pensiones	20.8		
La Gomera	2020	Pensiones	21.3		
La Gomera	2019	Pensiones	20.1		
La Gomera	2018	Pensiones	20.3		
La Gomera	2017	Pensiones	21		
La Gomera	2016	Pensiones	21.6		
La Gomera	2015	Pensiones	21.5		
La Gomera	2023	Prestaciones por desempleo	2.2		
La Gomera	2022	Prestaciones por desempleo	2.4		
La Gomera	2021	Prestaciones por desempleo	5.3		
La Gomera	2020	Prestaciones por desempleo	8.1		
La Gomera	2019	Prestaciones por desempleo	3.2		
La Gomera	2018	Prestaciones por desempleo	3.1		
La Gomera	2017	Prestaciones por desempleo	3.5		
La Gomera	2016	Prestaciones por desempleo	3.9		
La Gomera	2015	Prestaciones por desempleo	3.9		
La Gomera	2023	Otras prestaciones	3.6		
La Gomera	2022	Otras prestaciones	3.8		
La Gomera	2021	Otras prestaciones	4		
La Gomera	2020	Otras prestaciones	4.3		
La Gomera	2019	Otras prestaciones	3.7		
La Gomera	2018	Otras prestaciones	4.2		
La Gomera	2017	Otras prestaciones	3.5		
La Gomera	2016	Otras prestaciones	3.2		
La Gomera	2015	Otras prestaciones	3.4		
La Gomera	2023	Otros ingresos	13.6		
La Gomera	2022	Otros ingresos	13.4		
La Gomera	2021	Otros ingresos	13		
La Gomera	2020	Otros ingresos	11		
La Gomera	2019	Otros ingresos	12.7		
La Gomera	2018	Otros ingresos	12.7		
La Gomera	2017	Otros ingresos	12.1		
La Gomera	2016	Otros ingresos	12.2		
La Gomera	2015	Otros ingresos	12		
Agulo	2023	Sueldos y salarios	51.1		
Agulo	2022	Sueldos y salarios	49.3		
Agulo	2021	Sueldos y salarios	47		
Agulo	2020	Sueldos y salarios	46.6		
Agulo	2019	Sueldos y salarios	50.9		
Agulo	2018	Sueldos y salarios	49.8		
Agulo	2017	Sueldos y salarios	47.7		
Agulo	2016	Sueldos y salarios	49.5		
Agulo	2015	Sueldos y salarios	49.8		
Agulo	2023	Pensiones	26.9		
Agulo	2022	Pensiones	28.9		
Agulo	2021	Pensiones	29.5		
Agulo	2020	Pensiones	30.3		
Agulo	2019	Pensiones	29		
Agulo	2018	Pensiones	28.8		
Agulo	2017	Pensiones	32.8		
Agulo	2016	Pensiones	30.6		
Agulo	2015	Pensiones	31.6		
Agulo	2023	Prestaciones por desempleo	2.6		
Agulo	2022	Prestaciones por desempleo	2.4		
Agulo	2021	Prestaciones por desempleo	5.1		
Agulo	2020	Prestaciones por desempleo	7.4		
Agulo	2019	Prestaciones por desempleo	3.4		
Agulo	2018	Prestaciones por desempleo	3.6		
Agulo	2017	Prestaciones por desempleo	4		
Agulo	2016	Prestaciones por desempleo	4.6		
Agulo	2015	Prestaciones por desempleo	4.3		
Agulo	2023	Otras prestaciones	3.4		
Agulo	2022	Otras prestaciones	4		
Agulo	2021	Otras prestaciones	4.2		
Agulo	2020	Otras prestaciones	4.7		
Agulo	2019	Otras prestaciones	3.4		
Agulo	2018	Otras prestaciones	4.8		
Agulo	2017	Otras prestaciones	3.8		
Agulo	2016	Otras prestaciones	3.5		
Agulo	2015	Otras prestaciones	3.4		
Agulo	2023	Otros ingresos	16.1		
Agulo	2022	Otros ingresos	15.4		
Agulo	2021	Otros ingresos	14.3		
Agulo	2020	Otros ingresos	11		
Agulo	2019	Otros ingresos	13.3		
Agulo	2018	Otros ingresos	13.1		
Agulo	2017	Otros ingresos	11.7		
Agulo	2016	Otros ingresos	11.8		
Agulo	2015	Otros ingresos	11		
Alajeró	2023	Sueldos y salarios	62.2		
Alajeró	2022	Sueldos y salarios	62		
Alajeró	2021	Sueldos y salarios	56.8		
Alajeró	2020	Sueldos y salarios	53.8		
Alajeró	2019	Sueldos y salarios	62.7		
Alajeró	2018	Sueldos y salarios	62.9		
Alajeró	2017	Sueldos y salarios	64.6		
Alajeró	2016	Sueldos y salarios	64.2		
Alajeró	2015	Sueldos y salarios	65.5		
Alajeró	2023	Pensiones	21.2		
Alajeró	2022	Pensiones	21.1		
Alajeró	2021	Pensiones	21.8		
Alajeró	2020	Pensiones	21.3		
Alajeró	2019	Pensiones	18.8		
Alajeró	2018	Pensiones	18.3		
Alajeró	2017	Pensiones	18.9		
Alajeró	2016	Pensiones	19		
Alajeró	2015	Pensiones	18.5		
Alajeró	2023	Prestaciones por desempleo	1.9		
Alajeró	2022	Prestaciones por desempleo	2.1		
Alajeró	2021	Prestaciones por desempleo	6.8		
Alajeró	2020	Prestaciones por desempleo	11.5		
Alajeró	2019	Prestaciones por desempleo	3.3		
Alajeró	2018	Prestaciones por desempleo	3.3		
Alajeró	2017	Prestaciones por desempleo	3.9		
Alajeró	2016	Prestaciones por desempleo	4.1		
Alajeró	2015	Prestaciones por desempleo	4.3		
Alajeró	2023	Otras prestaciones	4		
Alajeró	2022	Otras prestaciones	4		
Alajeró	2021	Otras prestaciones	4.7		
Alajeró	2020	Otras prestaciones	5		
Alajeró	2019	Otras prestaciones	4		
Alajeró	2018	Otras prestaciones	4.7		
Alajeró	2017	Otras prestaciones	3.6		
Alajeró	2016	Otras prestaciones	3.5		
Alajeró	2015	Otras prestaciones	3.5		
Alajeró	2023	Otros ingresos	10.8		
Alajeró	2022	Otros ingresos	10.8		
Alajeró	2021	Otros ingresos	9.9		
Alajeró	2020	Otros ingresos	8.5		
Alajeró	2019	Otros ingresos	11.2		
Alajeró	2018	Otros ingresos	10.8		
Alajeró	2017	Otros ingresos	9		
Alajeró	2016	Otros ingresos	9.2		
Alajeró	2015	Otros ingresos	8.2		
Hermigua	2023	Sueldos y salarios	55.3		
Hermigua	2022	Sueldos y salarios	54.3		
Hermigua	2021	Sueldos y salarios	51.7		
Hermigua	2020	Sueldos y salarios	49.2		
Hermigua	2019	Sueldos y salarios	54.3		
Hermigua	2018	Sueldos y salarios	52.8		
Hermigua	2017	Sueldos y salarios	53.5		
Hermigua	2016	Sueldos y salarios	50.9		
Hermigua	2015	Sueldos y salarios	52.9		
Hermigua	2023	Pensiones	25.1		
Hermigua	2022	Pensiones	25.7		
Hermigua	2021	Pensiones	26.3		
Hermigua	2020	Pensiones	26.8		
Hermigua	2019	Pensiones	25.4		
Hermigua	2018	Pensiones	26.2		
Hermigua	2017	Pensiones	26.9		
Hermigua	2016	Pensiones	29.2		
Hermigua	2015	Pensiones	27.9		
Hermigua	2023	Prestaciones por desempleo	2.8		
Hermigua	2022	Prestaciones por desempleo	2.9		
Hermigua	2021	Prestaciones por desempleo	5.5		
Hermigua	2020	Prestaciones por desempleo	7.6		
Hermigua	2019	Prestaciones por desempleo	4.3		
Hermigua	2018	Prestaciones por desempleo	3.9		
Hermigua	2017	Prestaciones por desempleo	4.7		
Hermigua	2016	Prestaciones por desempleo	5.4		
Hermigua	2015	Prestaciones por desempleo	5.1		
Hermigua	2023	Otras prestaciones	3.3		
Hermigua	2022	Otras prestaciones	3.9		
Hermigua	2021	Otras prestaciones	3.9		
Hermigua	2020	Otras prestaciones	4.5		
Hermigua	2019	Otras prestaciones	3.9		
Hermigua	2018	Otras prestaciones	4.4		
Hermigua	2017	Otras prestaciones	3.3		
Hermigua	2016	Otras prestaciones	3		
Hermigua	2015	Otras prestaciones	3.2		
Hermigua	2023	Otros ingresos	13.5		
Hermigua	2022	Otros ingresos	13.4		
Hermigua	2021	Otros ingresos	12.6		
Hermigua	2020	Otros ingresos	11.9		
Hermigua	2019	Otros ingresos	12.1		
Hermigua	2018	Otros ingresos	12.7		
Hermigua	2017	Otros ingresos	11.5		
Hermigua	2016	Otros ingresos	11.5		
Hermigua	2015	Otros ingresos	10.9		
San Sebastián de La Gomera	2023	Sueldos y salarios	65.9		
San Sebastián de La Gomera	2022	Sueldos y salarios	66.2		
San Sebastián de La Gomera	2021	Sueldos y salarios	64.4		
San Sebastián de La Gomera	2020	Sueldos y salarios	63.3		
San Sebastián de La Gomera	2019	Sueldos y salarios	66.6		
San Sebastián de La Gomera	2018	Sueldos y salarios	66.3		
San Sebastián de La Gomera	2017	Sueldos y salarios	66.2		
San Sebastián de La Gomera	2016	Sueldos y salarios	65.7		
San Sebastián de La Gomera	2015	Sueldos y salarios	65.5		
San Sebastián de La Gomera	2023	Pensiones	17.6		
San Sebastián de La Gomera	2022	Pensiones	17.4		
San Sebastián de La Gomera	2021	Pensiones	17		
San Sebastián de La Gomera	2020	Pensiones	17.5		
San Sebastián de La Gomera	2019	Pensiones	16.7		
San Sebastián de La Gomera	2018	Pensiones	16.6		
San Sebastián de La Gomera	2017	Pensiones	17		
San Sebastián de La Gomera	2016	Pensiones	17.4		
San Sebastián de La Gomera	2015	Pensiones	17.4		
San Sebastián de La Gomera	2023	Prestaciones por desempleo	1.9		
San Sebastián de La Gomera	2022	Prestaciones por desempleo	2.1		
San Sebastián de La Gomera	2021	Prestaciones por desempleo	3.9		
San Sebastián de La Gomera	2020	Prestaciones por desempleo	6.2		
San Sebastián de La Gomera	2019	Prestaciones por desempleo	2.7		
San Sebastián de La Gomera	2018	Prestaciones por desempleo	2.6		
San Sebastián de La Gomera	2017	Prestaciones por desempleo	3		
San Sebastián de La Gomera	2016	Prestaciones por desempleo	3.5		
San Sebastián de La Gomera	2015	Prestaciones por desempleo	3.2		
San Sebastián de La Gomera	2023	Otras prestaciones	3.5		
San Sebastián de La Gomera	2022	Otras prestaciones	3.7		
San Sebastián de La Gomera	2021	Otras prestaciones	3.8		
San Sebastián de La Gomera	2020	Otras prestaciones	4		
San Sebastián de La Gomera	2019	Otras prestaciones	3.5		
San Sebastián de La Gomera	2018	Otras prestaciones	3.9		
San Sebastián de La Gomera	2017	Otras prestaciones	3.3		
San Sebastián de La Gomera	2016	Otras prestaciones	2.8		
San Sebastián de La Gomera	2015	Otras prestaciones	3.1		
San Sebastián de La Gomera	2023	Otros ingresos	11.1		
San Sebastián de La Gomera	2022	Otros ingresos	10.6		
San Sebastián de La Gomera	2021	Otros ingresos	10.9		
San Sebastián de La Gomera	2020	Otros ingresos	9.1		
San Sebastián de La Gomera	2019	Otros ingresos	10.5		
San Sebastián de La Gomera	2018	Otros ingresos	10.6		
San Sebastián de La Gomera	2017	Otros ingresos	10.6		
San Sebastián de La Gomera	2016	Otros ingresos	10.7		
San Sebastián de La Gomera	2015	Otros ingresos	10.8		
Valle Gran Rey	2023	Sueldos y salarios	52.3		
Valle Gran Rey	2022	Sueldos y salarios	51.6		
Valle Gran Rey	2021	Sueldos y salarios	46.9		
Valle Gran Rey	2020	Sueldos y salarios	45.9		
Valle Gran Rey	2019	Sueldos y salarios	53.2		
Valle Gran Rey	2018	Sueldos y salarios	53.5		
Valle Gran Rey	2017	Sueldos y salarios	55.2		
Valle Gran Rey	2016	Sueldos y salarios	54.7		
Valle Gran Rey	2015	Sueldos y salarios	54.4		
Valle Gran Rey	2023	Pensiones	20.2		
Valle Gran Rey	2022	Pensiones	19.9		
Valle Gran Rey	2021	Pensiones	20.4		
Valle Gran Rey	2020	Pensiones	21.4		
Valle Gran Rey	2019	Pensiones	20		
Valle Gran Rey	2018	Pensiones	20.3		
Valle Gran Rey	2017	Pensiones	20.3		
Valle Gran Rey	2016	Pensiones	20.8		
Valle Gran Rey	2015	Pensiones	20.3		
Valle Gran Rey	2023	Prestaciones por desempleo	2.4		
Valle Gran Rey	2022	Prestaciones por desempleo	2.7		
Valle Gran Rey	2021	Prestaciones por desempleo	8.3		
Valle Gran Rey	2020	Prestaciones por desempleo	12.1		
Valle Gran Rey	2019	Prestaciones por desempleo	3.5		
Valle Gran Rey	2018	Prestaciones por desempleo	3.1		
Valle Gran Rey	2017	Prestaciones por desempleo	3.5		
Valle Gran Rey	2016	Prestaciones por desempleo	3.5		
Valle Gran Rey	2015	Prestaciones por desempleo	4.1		
Valle Gran Rey	2023	Otras prestaciones	3.7		
Valle Gran Rey	2022	Otras prestaciones	3.8		
Valle Gran Rey	2021	Otras prestaciones	4		
Valle Gran Rey	2020	Otras prestaciones	4		
Valle Gran Rey	2019	Otras prestaciones	3.5		
Valle Gran Rey	2018	Otras prestaciones	4		
Valle Gran Rey	2017	Otras prestaciones	3.4		
Valle Gran Rey	2016	Otras prestaciones	3.2		
Valle Gran Rey	2015	Otras prestaciones	3.4		
Valle Gran Rey	2023	Otros ingresos	21.4		
Valle Gran Rey	2022	Otros ingresos	22.1		
Valle Gran Rey	2021	Otros ingresos	20.4		
Valle Gran Rey	2020	Otros ingresos	16.7		
Valle Gran Rey	2019	Otros ingresos	19.8		
Valle Gran Rey	2018	Otros ingresos	19.2		
Valle Gran Rey	2017	Otros ingresos	17.6		
Valle Gran Rey	2016	Otros ingresos	17.8		
Valle Gran Rey	2015	Otros ingresos	17.9		
Vallehermoso	2023	Sueldos y salarios	52.2		
Vallehermoso	2022	Sueldos y salarios	51.1		
Vallehermoso	2021	Sueldos y salarios	49.1		
Vallehermoso	2020	Sueldos y salarios	46		
Vallehermoso	2019	Sueldos y salarios	51.5		
Vallehermoso	2018	Sueldos y salarios	49.9		
Vallehermoso	2017	Sueldos y salarios	49.1		
Vallehermoso	2016	Sueldos y salarios	46.7		
Vallehermoso	2015	Sueldos y salarios	45.6		
Vallehermoso	2023	Pensiones	27.8		
Vallehermoso	2022	Pensiones	28.3		
Vallehermoso	2021	Pensiones	28.2		
Vallehermoso	2020	Pensiones	29.1		
Vallehermoso	2019	Pensiones	27.5		
Vallehermoso	2018	Pensiones	28.3		
Vallehermoso	2017	Pensiones	29.8		
Vallehermoso	2016	Pensiones	31.7		
Vallehermoso	2015	Pensiones	32.3		
Vallehermoso	2023	Prestaciones por desempleo	3		
Vallehermoso	2022	Prestaciones por desempleo	3.4		
Vallehermoso	2021	Prestaciones por desempleo	5.8		
Vallehermoso	2020	Prestaciones por desempleo	8.1		
Vallehermoso	2019	Prestaciones por desempleo	4.1		
Vallehermoso	2018	Prestaciones por desempleo	4.5		
Vallehermoso	2017	Prestaciones por desempleo	3.8		
Vallehermoso	2016	Prestaciones por desempleo	4.4		
Vallehermoso	2015	Prestaciones por desempleo	4.9		
Vallehermoso	2023	Otras prestaciones	3.9		
Vallehermoso	2022	Otras prestaciones	4.1		
Vallehermoso	2021	Otras prestaciones	4.3		
Vallehermoso	2020	Otras prestaciones	5.1		
Vallehermoso	2019	Otras prestaciones	4.4		
Vallehermoso	2018	Otras prestaciones	4.6		
Vallehermoso	2017	Otras prestaciones	4.2		
Vallehermoso	2016	Otras prestaciones	4		
Vallehermoso	2015	Otras prestaciones	4.6		
Vallehermoso	2023	Otros ingresos	13.1		
Vallehermoso	2022	Otros ingresos	13.1		
Vallehermoso	2021	Otros ingresos	12.6		
Vallehermoso	2020	Otros ingresos	11.8		
Vallehermoso	2019	Otros ingresos	12.6		
Vallehermoso	2018	Otros ingresos	12.7		
Vallehermoso	2017	Otros ingresos	13.1		
Vallehermoso	2016	Otros ingresos	13.1		
Vallehermoso	2015	Otros ingresos	12.5		
La Palma	2023	Sueldos y salarios	57.3		
La Palma	2022	Sueldos y salarios	57.6		
La Palma	2021	Sueldos y salarios	56.7		
La Palma	2020	Sueldos y salarios	55.2		
La Palma	2019	Sueldos y salarios	58.1		
La Palma	2018	Sueldos y salarios	57.1		
La Palma	2017	Sueldos y salarios	57.2		
La Palma	2016	Sueldos y salarios	57.6		
La Palma	2015	Sueldos y salarios	57.3		
La Palma	2023	Pensiones	20.1		
La Palma	2022	Pensiones	19.8		
La Palma	2021	Pensiones	20.2		
La Palma	2020	Pensiones	20.9		
La Palma	2019	Pensiones	20.5		
La Palma	2018	Pensiones	20.5		
La Palma	2017	Pensiones	21		
La Palma	2016	Pensiones	21.7		
La Palma	2015	Pensiones	22.3		
La Palma	2023	Prestaciones por desempleo	2.9		
La Palma	2022	Prestaciones por desempleo	3.3		
La Palma	2021	Prestaciones por desempleo	4.3		
La Palma	2020	Prestaciones por desempleo	5.9		
La Palma	2019	Prestaciones por desempleo	2.9		
La Palma	2018	Prestaciones por desempleo	3		
La Palma	2017	Prestaciones por desempleo	3.1		
La Palma	2016	Prestaciones por desempleo	3.6		
La Palma	2015	Prestaciones por desempleo	4		
La Palma	2023	Otras prestaciones	4		
La Palma	2022	Otras prestaciones	4.9		
La Palma	2021	Otras prestaciones	4.1		
La Palma	2020	Otras prestaciones	3.7		
La Palma	2019	Otras prestaciones	3.2		
La Palma	2018	Otras prestaciones	3.3		
La Palma	2017	Otras prestaciones	3.2		
La Palma	2016	Otras prestaciones	2.8		
La Palma	2015	Otras prestaciones	2.9		
La Palma	2023	Otros ingresos	15.7		
La Palma	2022	Otros ingresos	14.5		
La Palma	2021	Otros ingresos	14.6		
La Palma	2020	Otros ingresos	14.3		
La Palma	2019	Otros ingresos	15.3		
La Palma	2018	Otros ingresos	16.2		
La Palma	2017	Otros ingresos	15.5		
La Palma	2016	Otros ingresos	14.3		
La Palma	2015	Otros ingresos	13.6		
Barlovento	2023	Sueldos y salarios	49.9		
Barlovento	2022	Sueldos y salarios	51.4		
Barlovento	2021	Sueldos y salarios	48.2		
Barlovento	2020	Sueldos y salarios	47.5		
Barlovento	2019	Sueldos y salarios	50.3		
Barlovento	2018	Sueldos y salarios	48.4		
Barlovento	2017	Sueldos y salarios	50.8		
Barlovento	2016	Sueldos y salarios	50.4		
Barlovento	2015	Sueldos y salarios	49.8		
Barlovento	2023	Pensiones	23		
Barlovento	2022	Pensiones	23.4		
Barlovento	2021	Pensiones	24.1		
Barlovento	2020	Pensiones	24.5		
Barlovento	2019	Pensiones	25.1		
Barlovento	2018	Pensiones	24.9		
Barlovento	2017	Pensiones	26.8		
Barlovento	2016	Pensiones	27.8		
Barlovento	2015	Pensiones	27.4		
Barlovento	2023	Prestaciones por desempleo	2.5		
Barlovento	2022	Prestaciones por desempleo	2.5		
Barlovento	2021	Prestaciones por desempleo	4.2		
Barlovento	2020	Prestaciones por desempleo	5.7		
Barlovento	2019	Prestaciones por desempleo	3.1		
Barlovento	2018	Prestaciones por desempleo	3.1		
Barlovento	2017	Prestaciones por desempleo	3		
Barlovento	2016	Prestaciones por desempleo	3.5		
Barlovento	2015	Prestaciones por desempleo	4.1		
Barlovento	2023	Otras prestaciones	3.7		
Barlovento	2022	Otras prestaciones	3.9		
Barlovento	2021	Otras prestaciones	3.7		
Barlovento	2020	Otras prestaciones	3.9		
Barlovento	2019	Otras prestaciones	3.6		
Barlovento	2018	Otras prestaciones	3.5		
Barlovento	2017	Otras prestaciones	3.4		
Barlovento	2016	Otras prestaciones	3.2		
Barlovento	2015	Otras prestaciones	3.5		
Barlovento	2023	Otros ingresos	21		
Barlovento	2022	Otros ingresos	18.8		
Barlovento	2021	Otros ingresos	19.9		
Barlovento	2020	Otros ingresos	18.4		
Barlovento	2019	Otros ingresos	17.9		
Barlovento	2018	Otros ingresos	20.2		
Barlovento	2017	Otros ingresos	16		
Barlovento	2016	Otros ingresos	15.1		
Barlovento	2015	Otros ingresos	15.2		
Breña Alta	2023	Sueldos y salarios	63.2		
Breña Alta	2022	Sueldos y salarios	64.6		
Breña Alta	2021	Sueldos y salarios	63.2		
Breña Alta	2020	Sueldos y salarios	60.9		
Breña Alta	2019	Sueldos y salarios	65		
Breña Alta	2018	Sueldos y salarios	64.7		
Breña Alta	2017	Sueldos y salarios	64.3		
Breña Alta	2016	Sueldos y salarios	64.5		
Breña Alta	2015	Sueldos y salarios	64.2		
Breña Alta	2023	Pensiones	17.5		
Breña Alta	2022	Pensiones	17.3		
Breña Alta	2021	Pensiones	17.5		
Breña Alta	2020	Pensiones	17.7		
Breña Alta	2019	Pensiones	17.2		
Breña Alta	2018	Pensiones	18.1		
Breña Alta	2017	Pensiones	17.9		
Breña Alta	2016	Pensiones	18.4		
Breña Alta	2015	Pensiones	18.8		
Breña Alta	2023	Prestaciones por desempleo	2.2		
Breña Alta	2022	Prestaciones por desempleo	2.2		
Breña Alta	2021	Prestaciones por desempleo	3.8		
Breña Alta	2020	Prestaciones por desempleo	5.7		
Breña Alta	2019	Prestaciones por desempleo	2.7		
Breña Alta	2018	Prestaciones por desempleo	2.6		
Breña Alta	2017	Prestaciones por desempleo	2.8		
Breña Alta	2016	Prestaciones por desempleo	3.4		
Breña Alta	2015	Prestaciones por desempleo	4		
Breña Alta	2023	Otras prestaciones	3.1		
Breña Alta	2022	Otras prestaciones	3.2		
Breña Alta	2021	Otras prestaciones	3.3		
Breña Alta	2020	Otras prestaciones	3.1		
Breña Alta	2019	Otras prestaciones	2.7		
Breña Alta	2018	Otras prestaciones	2.7		
Breña Alta	2017	Otras prestaciones	2.5		
Breña Alta	2016	Otras prestaciones	2.1		
Breña Alta	2015	Otras prestaciones	2		
Breña Alta	2023	Otros ingresos	14.1		
Breña Alta	2022	Otros ingresos	12.8		
Breña Alta	2021	Otros ingresos	12.3		
Breña Alta	2020	Otros ingresos	12.7		
Breña Alta	2019	Otros ingresos	12.4		
Breña Alta	2018	Otros ingresos	11.9		
Breña Alta	2017	Otros ingresos	12.6		
Breña Alta	2016	Otros ingresos	11.6		
Breña Alta	2015	Otros ingresos	11.1		
Breña Baja	2023	Sueldos y salarios	66.2		
Breña Baja	2022	Sueldos y salarios	67.1		
Breña Baja	2021	Sueldos y salarios	66.3		
Breña Baja	2020	Sueldos y salarios	64.8		
Breña Baja	2019	Sueldos y salarios	67.1		
Breña Baja	2018	Sueldos y salarios	67.5		
Breña Baja	2017	Sueldos y salarios	66.9		
Breña Baja	2016	Sueldos y salarios	68.3		
Breña Baja	2015	Sueldos y salarios	68.2		
Breña Baja	2023	Pensiones	15.5		
Breña Baja	2022	Pensiones	15.5		
Breña Baja	2021	Pensiones	15.8		
Breña Baja	2020	Pensiones	16.4		
Breña Baja	2019	Pensiones	15.7		
Breña Baja	2018	Pensiones	15.1		
Breña Baja	2017	Pensiones	15.4		
Breña Baja	2016	Pensiones	15.5		
Breña Baja	2015	Pensiones	15.7		
Breña Baja	2023	Prestaciones por desempleo	2		
Breña Baja	2022	Prestaciones por desempleo	1.9		
Breña Baja	2021	Prestaciones por desempleo	3.5		
Breña Baja	2020	Prestaciones por desempleo	5.5		
Breña Baja	2019	Prestaciones por desempleo	2.4		
Breña Baja	2018	Prestaciones por desempleo	2.3		
Breña Baja	2017	Prestaciones por desempleo	2.7		
Breña Baja	2016	Prestaciones por desempleo	3		
Breña Baja	2015	Prestaciones por desempleo	3.2		
Breña Baja	2023	Otras prestaciones	3.1		
Breña Baja	2022	Otras prestaciones	3.2		
Breña Baja	2021	Otras prestaciones	3.2		
Breña Baja	2020	Otras prestaciones	3.3		
Breña Baja	2019	Otras prestaciones	2.9		
Breña Baja	2018	Otras prestaciones	3		
Breña Baja	2017	Otras prestaciones	2.6		
Breña Baja	2016	Otras prestaciones	2.4		
Breña Baja	2015	Otras prestaciones	2.6		
Breña Baja	2023	Otros ingresos	13.3		
Breña Baja	2022	Otros ingresos	12.3		
Breña Baja	2021	Otros ingresos	11.2		
Breña Baja	2020	Otros ingresos	10		
Breña Baja	2019	Otros ingresos	11.9		
Breña Baja	2018	Otros ingresos	12.1		
Breña Baja	2017	Otros ingresos	12.5		
Breña Baja	2016	Otros ingresos	10.8		
Breña Baja	2015	Otros ingresos	10.3		
Fuencaliente de La Palma	2023	Sueldos y salarios	55.6		
Fuencaliente de La Palma	2022	Sueldos y salarios	57		
Fuencaliente de La Palma	2021	Sueldos y salarios	53.7		
Fuencaliente de La Palma	2020	Sueldos y salarios	50.5		
Fuencaliente de La Palma	2019	Sueldos y salarios	56.6		
Fuencaliente de La Palma	2018	Sueldos y salarios	53.8		
Fuencaliente de La Palma	2017	Sueldos y salarios	55.4		
Fuencaliente de La Palma	2016	Sueldos y salarios	53.9		
Fuencaliente de La Palma	2015	Sueldos y salarios	53.3		
Fuencaliente de La Palma	2023	Pensiones	23.2		
Fuencaliente de La Palma	2022	Pensiones	22		
Fuencaliente de La Palma	2021	Pensiones	22.5		
Fuencaliente de La Palma	2020	Pensiones	22.5		
Fuencaliente de La Palma	2019	Pensiones	21.7		
Fuencaliente de La Palma	2018	Pensiones	22.5		
Fuencaliente de La Palma	2017	Pensiones	22.5		
Fuencaliente de La Palma	2016	Pensiones	24.9		
Fuencaliente de La Palma	2015	Pensiones	23.8		
Fuencaliente de La Palma	2023	Prestaciones por desempleo	3		
Fuencaliente de La Palma	2022	Prestaciones por desempleo	3.5		
Fuencaliente de La Palma	2021	Prestaciones por desempleo	5.5		
Fuencaliente de La Palma	2020	Prestaciones por desempleo	8.1		
Fuencaliente de La Palma	2019	Prestaciones por desempleo	3.1		
Fuencaliente de La Palma	2018	Prestaciones por desempleo	3.3		
Fuencaliente de La Palma	2017	Prestaciones por desempleo	3.1		
Fuencaliente de La Palma	2016	Prestaciones por desempleo	3.1		
Fuencaliente de La Palma	2015	Prestaciones por desempleo	3.5		
Fuencaliente de La Palma	2023	Otras prestaciones	4.2		
Fuencaliente de La Palma	2022	Otras prestaciones	4.4		
Fuencaliente de La Palma	2021	Otras prestaciones	4.1		
Fuencaliente de La Palma	2020	Otras prestaciones	4.2		
Fuencaliente de La Palma	2019	Otras prestaciones	3.5		
Fuencaliente de La Palma	2018	Otras prestaciones	3.2		
Fuencaliente de La Palma	2017	Otras prestaciones	2.6		
Fuencaliente de La Palma	2016	Otras prestaciones	2.5		
Fuencaliente de La Palma	2015	Otras prestaciones	2.8		
Fuencaliente de La Palma	2023	Otros ingresos	14		
Fuencaliente de La Palma	2022	Otros ingresos	13.1		
Fuencaliente de La Palma	2021	Otros ingresos	14.2		
Fuencaliente de La Palma	2020	Otros ingresos	14.7		
Fuencaliente de La Palma	2019	Otros ingresos	15.1		
Fuencaliente de La Palma	2018	Otros ingresos	17.3		
Fuencaliente de La Palma	2017	Otros ingresos	16.5		
Fuencaliente de La Palma	2016	Otros ingresos	15.6		
Fuencaliente de La Palma	2015	Otros ingresos	16.6		
Garafía	2023	Sueldos y salarios	46.3		
Garafía	2022	Sueldos y salarios	49.1		
Garafía	2021	Sueldos y salarios	48.5		
Garafía	2020	Sueldos y salarios	46.3		
Garafía	2019	Sueldos y salarios	45		
Garafía	2018	Sueldos y salarios	43.5		
Garafía	2017	Sueldos y salarios	42.9		
Garafía	2016	Sueldos y salarios	41.4		
Garafía	2015	Sueldos y salarios	40.8		
Garafía	2023	Pensiones	30.2		
Garafía	2022	Pensiones	29.2		
Garafía	2021	Pensiones	30.2		
Garafía	2020	Pensiones	32		
Garafía	2019	Pensiones	33.6		
Garafía	2018	Pensiones	34.6		
Garafía	2017	Pensiones	35.3		
Garafía	2016	Pensiones	37		
Garafía	2015	Pensiones	38.1		
Garafía	2023	Prestaciones por desempleo	3.8		
Garafía	2022	Prestaciones por desempleo	3.6		
Garafía	2021	Prestaciones por desempleo	4.6		
Garafía	2020	Prestaciones por desempleo	6.3		
Garafía	2019	Prestaciones por desempleo	3.6		
Garafía	2018	Prestaciones por desempleo	3.7		
Garafía	2017	Prestaciones por desempleo	4.2		
Garafía	2016	Prestaciones por desempleo	4.3		
Garafía	2015	Prestaciones por desempleo	4.8		
Garafía	2023	Otras prestaciones	4.2		
Garafía	2022	Otras prestaciones	4.6		
Garafía	2021	Otras prestaciones	4.3		
Garafía	2020	Otras prestaciones	4.2		
Garafía	2019	Otras prestaciones	3.4		
Garafía	2018	Otras prestaciones	3		
Garafía	2017	Otras prestaciones	4		
Garafía	2016	Otras prestaciones	3.7		
Garafía	2015	Otras prestaciones	4		
Garafía	2023	Otros ingresos	15.6		
Garafía	2022	Otros ingresos	13.5		
Garafía	2021	Otros ingresos	12.4		
Garafía	2020	Otros ingresos	11.2		
Garafía	2019	Otros ingresos	14.5		
Garafía	2018	Otros ingresos	15.2		
Garafía	2017	Otros ingresos	13.6		
Garafía	2016	Otros ingresos	13.6		
Garafía	2015	Otros ingresos	12.3		
Los Llanos de Aridane	2023	Sueldos y salarios	55.6		
Los Llanos de Aridane	2022	Sueldos y salarios	54.7		
Los Llanos de Aridane	2021	Sueldos y salarios	54.5		
Los Llanos de Aridane	2020	Sueldos y salarios	53.1		
Los Llanos de Aridane	2019	Sueldos y salarios	56.3		
Los Llanos de Aridane	2018	Sueldos y salarios	55.5		
Los Llanos de Aridane	2017	Sueldos y salarios	55.5		
Los Llanos de Aridane	2016	Sueldos y salarios	55.5		
Los Llanos de Aridane	2015	Sueldos y salarios	55.7		
Los Llanos de Aridane	2023	Pensiones	17.7		
Los Llanos de Aridane	2022	Pensiones	17.5		
Los Llanos de Aridane	2021	Pensiones	18.1		
Los Llanos de Aridane	2020	Pensiones	18.7		
Los Llanos de Aridane	2019	Pensiones	18		
Los Llanos de Aridane	2018	Pensiones	17.8		
Los Llanos de Aridane	2017	Pensiones	18.6		
Los Llanos de Aridane	2016	Pensiones	19.3		
Los Llanos de Aridane	2015	Pensiones	20.2		
Los Llanos de Aridane	2023	Prestaciones por desempleo	4		
Los Llanos de Aridane	2022	Prestaciones por desempleo	4.8		
Los Llanos de Aridane	2021	Prestaciones por desempleo	5.1		
Los Llanos de Aridane	2020	Prestaciones por desempleo	6.5		
Los Llanos de Aridane	2019	Prestaciones por desempleo	3.2		
Los Llanos de Aridane	2018	Prestaciones por desempleo	3.3		
Los Llanos de Aridane	2017	Prestaciones por desempleo	3.3		
Los Llanos de Aridane	2016	Prestaciones por desempleo	4		
Los Llanos de Aridane	2015	Prestaciones por desempleo	4.6		
Los Llanos de Aridane	2023	Otras prestaciones	5		
Los Llanos de Aridane	2022	Otras prestaciones	7.4		
Los Llanos de Aridane	2021	Otras prestaciones	5.4		
Los Llanos de Aridane	2020	Otras prestaciones	4.2		
Los Llanos de Aridane	2019	Otras prestaciones	3.5		
Los Llanos de Aridane	2018	Otras prestaciones	3.5		
Los Llanos de Aridane	2017	Otras prestaciones	3.5		
Los Llanos de Aridane	2016	Otras prestaciones	3		
Los Llanos de Aridane	2015	Otras prestaciones	2.9		
Los Llanos de Aridane	2023	Otros ingresos	17.7		
Los Llanos de Aridane	2022	Otros ingresos	15.6		
Los Llanos de Aridane	2021	Otros ingresos	16.9		
Los Llanos de Aridane	2020	Otros ingresos	17.5		
Los Llanos de Aridane	2019	Otros ingresos	19		
Los Llanos de Aridane	2018	Otros ingresos	20		
Los Llanos de Aridane	2017	Otros ingresos	19.1		
Los Llanos de Aridane	2016	Otros ingresos	18.3		
Los Llanos de Aridane	2015	Otros ingresos	16.6		
El Paso	2023	Sueldos y salarios	53.1		
El Paso	2022	Sueldos y salarios	53.7		
El Paso	2021	Sueldos y salarios	53.8		
El Paso	2020	Sueldos y salarios	52.2		
El Paso	2019	Sueldos y salarios	53.9		
El Paso	2018	Sueldos y salarios	53.4		
El Paso	2017	Sueldos y salarios	52.6		
El Paso	2016	Sueldos y salarios	54.3		
El Paso	2015	Sueldos y salarios	54.8		
El Paso	2023	Pensiones	19		
El Paso	2022	Pensiones	18.9		
El Paso	2021	Pensiones	19.1		
El Paso	2020	Pensiones	20.1		
El Paso	2019	Pensiones	20.2		
El Paso	2018	Pensiones	19.5		
El Paso	2017	Pensiones	19.9		
El Paso	2016	Pensiones	21.3		
El Paso	2015	Pensiones	22		
El Paso	2023	Prestaciones por desempleo	3.5		
El Paso	2022	Prestaciones por desempleo	4.2		
El Paso	2021	Prestaciones por desempleo	5		
El Paso	2020	Prestaciones por desempleo	6.3		
El Paso	2019	Prestaciones por desempleo	3.2		
El Paso	2018	Prestaciones por desempleo	3.4		
El Paso	2017	Prestaciones por desempleo	3.4		
El Paso	2016	Prestaciones por desempleo	4		
El Paso	2015	Prestaciones por desempleo	4.6		
El Paso	2023	Otras prestaciones	4.1		
El Paso	2022	Otras prestaciones	6		
El Paso	2021	Otras prestaciones	4.3		
El Paso	2020	Otras prestaciones	3.5		
El Paso	2019	Otras prestaciones	3.2		
El Paso	2018	Otras prestaciones	3.2		
El Paso	2017	Otras prestaciones	3.4		
El Paso	2016	Otras prestaciones	2.9		
El Paso	2015	Otras prestaciones	3		
El Paso	2023	Otros ingresos	20.4		
El Paso	2022	Otros ingresos	17.3		
El Paso	2021	Otros ingresos	17.9		
El Paso	2020	Otros ingresos	17.9		
El Paso	2019	Otros ingresos	19.5		
El Paso	2018	Otros ingresos	20.6		
El Paso	2017	Otros ingresos	20.7		
El Paso	2016	Otros ingresos	17.5		
El Paso	2015	Otros ingresos	15.7		
Puntagorda	2023	Sueldos y salarios	52.6		
Puntagorda	2022	Sueldos y salarios	55.7		
Puntagorda	2021	Sueldos y salarios	53.2		
Puntagorda	2020	Sueldos y salarios	52.1		
Puntagorda	2019	Sueldos y salarios	55.8		
Puntagorda	2018	Sueldos y salarios	52.9		
Puntagorda	2017	Sueldos y salarios	53.5		
Puntagorda	2016	Sueldos y salarios	54.5		
Puntagorda	2015	Sueldos y salarios	53.3		
Puntagorda	2023	Pensiones	20.3		
Puntagorda	2022	Pensiones	19.7		
Puntagorda	2021	Pensiones	20.7		
Puntagorda	2020	Pensiones	20.6		
Puntagorda	2019	Pensiones	20		
Puntagorda	2018	Pensiones	20.8		
Puntagorda	2017	Pensiones	20.7		
Puntagorda	2016	Pensiones	22.5		
Puntagorda	2015	Pensiones	22.4		
Puntagorda	2023	Prestaciones por desempleo	3.4		
Puntagorda	2022	Prestaciones por desempleo	3.9		
Puntagorda	2021	Prestaciones por desempleo	5.7		
Puntagorda	2020	Prestaciones por desempleo	7.7		
Puntagorda	2019	Prestaciones por desempleo	3.8		
Puntagorda	2018	Prestaciones por desempleo	3.7		
Puntagorda	2017	Prestaciones por desempleo	4.3		
Puntagorda	2016	Prestaciones por desempleo	4.4		
Puntagorda	2015	Prestaciones por desempleo	5.3		
Puntagorda	2023	Otras prestaciones	3.8		
Puntagorda	2022	Otras prestaciones	3.9		
Puntagorda	2021	Otras prestaciones	3.8		
Puntagorda	2020	Otras prestaciones	3.5		
Puntagorda	2019	Otras prestaciones	2.7		
Puntagorda	2018	Otras prestaciones	3.3		
Puntagorda	2017	Otras prestaciones	3		
Puntagorda	2016	Otras prestaciones	2.9		
Puntagorda	2015	Otras prestaciones	3.1		
Puntagorda	2023	Otros ingresos	19.8		
Puntagorda	2022	Otros ingresos	16.9		
Puntagorda	2021	Otros ingresos	16.6		
Puntagorda	2020	Otros ingresos	16.2		
Puntagorda	2019	Otros ingresos	17.6		
Puntagorda	2018	Otros ingresos	19.2		
Puntagorda	2017	Otros ingresos	18.5		
Puntagorda	2016	Otros ingresos	15.8		
Puntagorda	2015	Otros ingresos	15.9		
Puntallana	2023	Sueldos y salarios	59.1		
Puntallana	2022	Sueldos y salarios	58.9		
Puntallana	2021	Sueldos y salarios	58		
Puntallana	2020	Sueldos y salarios	57		
Puntallana	2019	Sueldos y salarios	59.2		
Puntallana	2018	Sueldos y salarios	57.3		
Puntallana	2017	Sueldos y salarios	57.5		
Puntallana	2016	Sueldos y salarios	57.8		
Puntallana	2015	Sueldos y salarios	57.1		
Puntallana	2023	Pensiones	20.8		
Puntallana	2022	Pensiones	20.9		
Puntallana	2021	Pensiones	21.2		
Puntallana	2020	Pensiones	20.7		
Puntallana	2019	Pensiones	21		
Puntallana	2018	Pensiones	21.4		
Puntallana	2017	Pensiones	22.7		
Puntallana	2016	Pensiones	22		
Puntallana	2015	Pensiones	22.2		
Puntallana	2023	Prestaciones por desempleo	2.2		
Puntallana	2022	Prestaciones por desempleo	2.4		
Puntallana	2021	Prestaciones por desempleo	3.6		
Puntallana	2020	Prestaciones por desempleo	5.1		
Puntallana	2019	Prestaciones por desempleo	2.6		
Puntallana	2018	Prestaciones por desempleo	2.6		
Puntallana	2017	Prestaciones por desempleo	2.9		
Puntallana	2016	Prestaciones por desempleo	3.5		
Puntallana	2015	Prestaciones por desempleo	3.8		
Puntallana	2023	Otras prestaciones	3.5		
Puntallana	2022	Otras prestaciones	3.5		
Puntallana	2021	Otras prestaciones	3.6		
Puntallana	2020	Otras prestaciones	3.8		
Puntallana	2019	Otras prestaciones	3.6		
Puntallana	2018	Otras prestaciones	3.9		
Puntallana	2017	Otras prestaciones	3.3		
Puntallana	2016	Otras prestaciones	3		
Puntallana	2015	Otras prestaciones	3.2		
Puntallana	2023	Otros ingresos	14.5		
Puntallana	2022	Otros ingresos	14.3		
Puntallana	2021	Otros ingresos	13.7		
Puntallana	2020	Otros ingresos	13.5		
Puntallana	2019	Otros ingresos	13.6		
Puntallana	2018	Otros ingresos	14.9		
Puntallana	2017	Otros ingresos	13.6		
Puntallana	2016	Otros ingresos	13.7		
Puntallana	2015	Otros ingresos	13.8		
San Andrés y Sauces	2023	Sueldos y salarios	52.7		
San Andrés y Sauces	2022	Sueldos y salarios	52.8		
San Andrés y Sauces	2021	Sueldos y salarios	51.9		
San Andrés y Sauces	2020	Sueldos y salarios	50.7		
San Andrés y Sauces	2019	Sueldos y salarios	53.2		
San Andrés y Sauces	2018	Sueldos y salarios	50.3		
San Andrés y Sauces	2017	Sueldos y salarios	52.2		
San Andrés y Sauces	2016	Sueldos y salarios	52.8		
San Andrés y Sauces	2015	Sueldos y salarios	51.6		
San Andrés y Sauces	2023	Pensiones	23.1		
San Andrés y Sauces	2022	Pensiones	23		
San Andrés y Sauces	2021	Pensiones	22.5		
San Andrés y Sauces	2020	Pensiones	23.5		
San Andrés y Sauces	2019	Pensiones	23.1		
San Andrés y Sauces	2018	Pensiones	22.1		
San Andrés y Sauces	2017	Pensiones	23.5		
San Andrés y Sauces	2016	Pensiones	24.1		
San Andrés y Sauces	2015	Pensiones	25		
San Andrés y Sauces	2023	Prestaciones por desempleo	2		
San Andrés y Sauces	2022	Prestaciones por desempleo	2.1		
San Andrés y Sauces	2021	Prestaciones por desempleo	2.7		
San Andrés y Sauces	2020	Prestaciones por desempleo	3.9		
San Andrés y Sauces	2019	Prestaciones por desempleo	2.3		
San Andrés y Sauces	2018	Prestaciones por desempleo	2.3		
San Andrés y Sauces	2017	Prestaciones por desempleo	2.3		
San Andrés y Sauces	2016	Prestaciones por desempleo	2.4		
San Andrés y Sauces	2015	Prestaciones por desempleo	2.8		
San Andrés y Sauces	2023	Otras prestaciones	4.1		
San Andrés y Sauces	2022	Otras prestaciones	3.9		
San Andrés y Sauces	2021	Otras prestaciones	3.8		
San Andrés y Sauces	2020	Otras prestaciones	3.9		
San Andrés y Sauces	2019	Otras prestaciones	3.6		
San Andrés y Sauces	2018	Otras prestaciones	3.7		
San Andrés y Sauces	2017	Otras prestaciones	3.5		
San Andrés y Sauces	2016	Otras prestaciones	3.2		
San Andrés y Sauces	2015	Otras prestaciones	3.5		
San Andrés y Sauces	2023	Otros ingresos	18.2		
San Andrés y Sauces	2022	Otros ingresos	18.3		
San Andrés y Sauces	2021	Otros ingresos	19		
San Andrés y Sauces	2020	Otros ingresos	18		
San Andrés y Sauces	2019	Otros ingresos	17.8		
San Andrés y Sauces	2018	Otros ingresos	21.6		
San Andrés y Sauces	2017	Otros ingresos	18.5		
San Andrés y Sauces	2016	Otros ingresos	17.5		
San Andrés y Sauces	2015	Otros ingresos	17.1		
Santa Cruz de La Palma	2023	Sueldos y salarios	58.7		
Santa Cruz de La Palma	2022	Sueldos y salarios	58.8		
Santa Cruz de La Palma	2021	Sueldos y salarios	58.1		
Santa Cruz de La Palma	2020	Sueldos y salarios	56.3		
Santa Cruz de La Palma	2019	Sueldos y salarios	59.2		
Santa Cruz de La Palma	2018	Sueldos y salarios	58.2		
Santa Cruz de La Palma	2017	Sueldos y salarios	58.4		
Santa Cruz de La Palma	2016	Sueldos y salarios	59		
Santa Cruz de La Palma	2015	Sueldos y salarios	58.4		
Santa Cruz de La Palma	2023	Pensiones	23.7		
Santa Cruz de La Palma	2022	Pensiones	23.4		
Santa Cruz de La Palma	2021	Pensiones	23.6		
Santa Cruz de La Palma	2020	Pensiones	24.6		
Santa Cruz de La Palma	2019	Pensiones	24		
Santa Cruz de La Palma	2018	Pensiones	24.4		
Santa Cruz de La Palma	2017	Pensiones	24.8		
Santa Cruz de La Palma	2016	Pensiones	24.8		
Santa Cruz de La Palma	2015	Pensiones	25.1		
Santa Cruz de La Palma	2023	Prestaciones por desempleo	2.2		
Santa Cruz de La Palma	2022	Prestaciones por desempleo	2.1		
Santa Cruz de La Palma	2021	Prestaciones por desempleo	3.4		
Santa Cruz de La Palma	2020	Prestaciones por desempleo	5		
Santa Cruz de La Palma	2019	Prestaciones por desempleo	2.4		
Santa Cruz de La Palma	2018	Prestaciones por desempleo	2.4		
Santa Cruz de La Palma	2017	Prestaciones por desempleo	2.6		
Santa Cruz de La Palma	2016	Prestaciones por desempleo	3		
Santa Cruz de La Palma	2015	Prestaciones por desempleo	3.3		
Santa Cruz de La Palma	2023	Otras prestaciones	3.6		
Santa Cruz de La Palma	2022	Otras prestaciones	3.6		
Santa Cruz de La Palma	2021	Otras prestaciones	3.7		
Santa Cruz de La Palma	2020	Otras prestaciones	3.5		
Santa Cruz de La Palma	2019	Otras prestaciones	3		
Santa Cruz de La Palma	2018	Otras prestaciones	3.1		
Santa Cruz de La Palma	2017	Otras prestaciones	3.2		
Santa Cruz de La Palma	2016	Otras prestaciones	2.7		
Santa Cruz de La Palma	2015	Otras prestaciones	2.7		
Santa Cruz de La Palma	2023	Otros ingresos	11.9		
Santa Cruz de La Palma	2022	Otros ingresos	12.1		
Santa Cruz de La Palma	2021	Otros ingresos	11.1		
Santa Cruz de La Palma	2020	Otros ingresos	10.6		
Santa Cruz de La Palma	2019	Otros ingresos	11.5		
Santa Cruz de La Palma	2018	Otros ingresos	11.9		
Santa Cruz de La Palma	2017	Otros ingresos	11.1		
Santa Cruz de La Palma	2016	Otros ingresos	10.6		
Santa Cruz de La Palma	2015	Otros ingresos	10.5		
Tazacorte	2023	Sueldos y salarios	51.9		
Tazacorte	2022	Sueldos y salarios	52.6		
Tazacorte	2021	Sueldos y salarios	51.1		
Tazacorte	2020	Sueldos y salarios	50.6		
Tazacorte	2019	Sueldos y salarios	53.2		
Tazacorte	2018	Sueldos y salarios	51.3		
Tazacorte	2017	Sueldos y salarios	51.4		
Tazacorte	2016	Sueldos y salarios	51.6		
Tazacorte	2015	Sueldos y salarios	50.6		
Tazacorte	2023	Pensiones	21.3		
Tazacorte	2022	Pensiones	21.1		
Tazacorte	2021	Pensiones	23.1		
Tazacorte	2020	Pensiones	25.1		
Tazacorte	2019	Pensiones	24.1		
Tazacorte	2018	Pensiones	24.4		
Tazacorte	2017	Pensiones	24.8		
Tazacorte	2016	Pensiones	25.6		
Tazacorte	2015	Pensiones	27.1		
Tazacorte	2023	Prestaciones por desempleo	5.4		
Tazacorte	2022	Prestaciones por desempleo	5.9		
Tazacorte	2021	Prestaciones por desempleo	6.9		
Tazacorte	2020	Prestaciones por desempleo	8		
Tazacorte	2019	Prestaciones por desempleo	4.8		
Tazacorte	2018	Prestaciones por desempleo	4.8		
Tazacorte	2017	Prestaciones por desempleo	4.8		
Tazacorte	2016	Prestaciones por desempleo	5.8		
Tazacorte	2015	Prestaciones por desempleo	6.3		
Tazacorte	2023	Otras prestaciones	5.3		
Tazacorte	2022	Otras prestaciones	7.3		
Tazacorte	2021	Otras prestaciones	4.7		
Tazacorte	2020	Otras prestaciones	4		
Tazacorte	2019	Otras prestaciones	3.3		
Tazacorte	2018	Otras prestaciones	3.4		
Tazacorte	2017	Otras prestaciones	3.9		
Tazacorte	2016	Otras prestaciones	3.4		
Tazacorte	2015	Otras prestaciones	3.1		
Tazacorte	2023	Otros ingresos	16.1		
Tazacorte	2022	Otros ingresos	13.1		
Tazacorte	2021	Otros ingresos	14.3		
Tazacorte	2020	Otros ingresos	12.3		
Tazacorte	2019	Otros ingresos	14.6		
Tazacorte	2018	Otros ingresos	16.1		
Tazacorte	2017	Otros ingresos	15.2		
Tazacorte	2016	Otros ingresos	13.6		
Tazacorte	2015	Otros ingresos	12.9		
Tijarafe	2023	Sueldos y salarios	47.3		
Tijarafe	2022	Sueldos y salarios	48.1		
Tijarafe	2021	Sueldos y salarios	46.7		
Tijarafe	2020	Sueldos y salarios	45.5		
Tijarafe	2019	Sueldos y salarios	47.8		
Tijarafe	2018	Sueldos y salarios	45.5		
Tijarafe	2017	Sueldos y salarios	46.5		
Tijarafe	2016	Sueldos y salarios	47.1		
Tijarafe	2015	Sueldos y salarios	47.3		
Tijarafe	2023	Pensiones	22.3		
Tijarafe	2022	Pensiones	20.8		
Tijarafe	2021	Pensiones	20.5		
Tijarafe	2020	Pensiones	20.2		
Tijarafe	2019	Pensiones	21.3		
Tijarafe	2018	Pensiones	21.2		
Tijarafe	2017	Pensiones	21.6		
Tijarafe	2016	Pensiones	23.2		
Tijarafe	2015	Pensiones	24.6		
Tijarafe	2023	Prestaciones por desempleo	2.8		
Tijarafe	2022	Prestaciones por desempleo	3.5		
Tijarafe	2021	Prestaciones por desempleo	3.8		
Tijarafe	2020	Prestaciones por desempleo	5		
Tijarafe	2019	Prestaciones por desempleo	3.2		
Tijarafe	2018	Prestaciones por desempleo	3.5		
Tijarafe	2017	Prestaciones por desempleo	3.6		
Tijarafe	2016	Prestaciones por desempleo	4.2		
Tijarafe	2015	Prestaciones por desempleo	4		
Tijarafe	2023	Otras prestaciones	4.1		
Tijarafe	2022	Otras prestaciones	4.1		
Tijarafe	2021	Otras prestaciones	3.7		
Tijarafe	2020	Otras prestaciones	4.1		
Tijarafe	2019	Otras prestaciones	3.4		
Tijarafe	2018	Otras prestaciones	3.6		
Tijarafe	2017	Otras prestaciones	3.7		
Tijarafe	2016	Otras prestaciones	3.5		
Tijarafe	2015	Otras prestaciones	3.5		
Tijarafe	2023	Otros ingresos	23.6		
Tijarafe	2022	Otros ingresos	23.6		
Tijarafe	2021	Otros ingresos	25.2		
Tijarafe	2020	Otros ingresos	25.2		
Tijarafe	2019	Otros ingresos	24.2		
Tijarafe	2018	Otros ingresos	26.2		
Tijarafe	2017	Otros ingresos	24.7		
Tijarafe	2016	Otros ingresos	22		
Tijarafe	2015	Otros ingresos	20.7		
Villa de Mazo	2023	Sueldos y salarios	61.9		
Villa de Mazo	2022	Sueldos y salarios	62.3		
Villa de Mazo	2021	Sueldos y salarios	60.2		
Villa de Mazo	2020	Sueldos y salarios	59.2		
Villa de Mazo	2019	Sueldos y salarios	63.2		
Villa de Mazo	2018	Sueldos y salarios	62.9		
Villa de Mazo	2017	Sueldos y salarios	63.2		
Villa de Mazo	2016	Sueldos y salarios	61.5		
Villa de Mazo	2015	Sueldos y salarios	60.8		
Villa de Mazo	2023	Pensiones	19.5		
Villa de Mazo	2022	Pensiones	19.3		
Villa de Mazo	2021	Pensiones	19.7		
Villa de Mazo	2020	Pensiones	20.4		
Villa de Mazo	2019	Pensiones	19.6		
Villa de Mazo	2018	Pensiones	19		
Villa de Mazo	2017	Pensiones	19.3		
Villa de Mazo	2016	Pensiones	20.8		
Villa de Mazo	2015	Pensiones	21.3		
Villa de Mazo	2023	Prestaciones por desempleo	2.6		
Villa de Mazo	2022	Prestaciones por desempleo	2.4		
Villa de Mazo	2021	Prestaciones por desempleo	4.4		
Villa de Mazo	2020	Prestaciones por desempleo	6.4		
Villa de Mazo	2019	Prestaciones por desempleo	2.9		
Villa de Mazo	2018	Prestaciones por desempleo	2.9		
Villa de Mazo	2017	Prestaciones por desempleo	3		
Villa de Mazo	2016	Prestaciones por desempleo	3.7		
Villa de Mazo	2015	Prestaciones por desempleo	3.9		
Villa de Mazo	2023	Otras prestaciones	3.6		
Villa de Mazo	2022	Otras prestaciones	3.3		
Villa de Mazo	2021	Otras prestaciones	3.7		
Villa de Mazo	2020	Otras prestaciones	3.5		
Villa de Mazo	2019	Otras prestaciones	3.4		
Villa de Mazo	2018	Otras prestaciones	3.4		
Villa de Mazo	2017	Otras prestaciones	3.3		
Villa de Mazo	2016	Otras prestaciones	2.8		
Villa de Mazo	2015	Otras prestaciones	2.7		
Villa de Mazo	2023	Otros ingresos	12.4		
Villa de Mazo	2022	Otros ingresos	12.6		
Villa de Mazo	2021	Otros ingresos	12		
Villa de Mazo	2020	Otros ingresos	10.5		
Villa de Mazo	2019	Otros ingresos	10.9		
Villa de Mazo	2018	Otros ingresos	11.8		
Villa de Mazo	2017	Otros ingresos	11.3		
Villa de Mazo	2016	Otros ingresos	11.2		
Villa de Mazo	2015	Otros ingresos	11.3		
El Hierro	2023	Sueldos y salarios	59.5		
El Hierro	2022	Sueldos y salarios	60.4		
El Hierro	2021	Sueldos y salarios	60.6		
El Hierro	2020	Sueldos y salarios	59.2		
El Hierro	2019	Sueldos y salarios	60.7		
El Hierro	2018	Sueldos y salarios	60.3		
El Hierro	2017	Sueldos y salarios	60.7		
El Hierro	2016	Sueldos y salarios	61		
El Hierro	2015	Sueldos y salarios	61.2		
El Hierro	2023	Pensiones	19.8		
El Hierro	2022	Pensiones	20.6		
El Hierro	2021	Pensiones	19.8		
El Hierro	2020	Pensiones	20.3		
El Hierro	2019	Pensiones	20.3		
El Hierro	2018	Pensiones	20.3		
El Hierro	2017	Pensiones	20.8		
El Hierro	2016	Pensiones	21		
El Hierro	2015	Pensiones	21.1		
El Hierro	2023	Prestaciones por desempleo	2.5		
El Hierro	2022	Prestaciones por desempleo	2.8		
El Hierro	2021	Prestaciones por desempleo	3.4		
El Hierro	2020	Prestaciones por desempleo	4.9		
El Hierro	2019	Prestaciones por desempleo	2.5		
El Hierro	2018	Prestaciones por desempleo	2.9		
El Hierro	2017	Prestaciones por desempleo	3.3		
El Hierro	2016	Prestaciones por desempleo	4.2		
El Hierro	2015	Prestaciones por desempleo	4.1		
El Hierro	2023	Otras prestaciones	4		
El Hierro	2022	Otras prestaciones	3.9		
El Hierro	2021	Otras prestaciones	3.8		
El Hierro	2020	Otras prestaciones	4		
El Hierro	2019	Otras prestaciones	3.6		
El Hierro	2018	Otras prestaciones	3.4		
El Hierro	2017	Otras prestaciones	3.3		
El Hierro	2016	Otras prestaciones	2.7		
El Hierro	2015	Otras prestaciones	2.8		
El Hierro	2023	Otros ingresos	14.3		
El Hierro	2022	Otros ingresos	12.4		
El Hierro	2021	Otros ingresos	12.4		
El Hierro	2020	Otros ingresos	11.6		
El Hierro	2019	Otros ingresos	13		
El Hierro	2018	Otros ingresos	13.1		
El Hierro	2017	Otros ingresos	12		
El Hierro	2016	Otros ingresos	11.1		
El Hierro	2015	Otros ingresos	10.8		
Frontera	2023	Sueldos y salarios	58.2		
Frontera	2022	Sueldos y salarios	58.8		
Frontera	2021	Sueldos y salarios	59.5		
Frontera	2020	Sueldos y salarios	57.2		
Frontera	2019	Sueldos y salarios	59.2		
Frontera	2018	Sueldos y salarios	58.7		
Frontera	2017	Sueldos y salarios	58.6		
Frontera	2016	Sueldos y salarios	59.6		
Frontera	2015	Sueldos y salarios	58.9		
Frontera	2023	Pensiones	18.9		
Frontera	2022	Pensiones	19.2		
Frontera	2021	Pensiones	17.9		
Frontera	2020	Pensiones	20.4		
Frontera	2019	Pensiones	19.3		
Frontera	2018	Pensiones	18.3		
Frontera	2017	Pensiones	20.3		
Frontera	2016	Pensiones	20.2		
Frontera	2015	Pensiones	20.6		
Frontera	2023	Prestaciones por desempleo	2.8		
Frontera	2022	Prestaciones por desempleo	3.2		
Frontera	2021	Prestaciones por desempleo	3.9		
Frontera	2020	Prestaciones por desempleo	5.7		
Frontera	2019	Prestaciones por desempleo	2.9		
Frontera	2018	Prestaciones por desempleo	3.5		
Frontera	2017	Prestaciones por desempleo	3.7		
Frontera	2016	Prestaciones por desempleo	4.9		
Frontera	2015	Prestaciones por desempleo	4.9		
Frontera	2023	Otras prestaciones	4.3		
Frontera	2022	Otras prestaciones	4.3		
Frontera	2021	Otras prestaciones	4.1		
Frontera	2020	Otras prestaciones	4.2		
Frontera	2019	Otras prestaciones	3.7		
Frontera	2018	Otras prestaciones	4		
Frontera	2017	Otras prestaciones	4.2		
Frontera	2016	Otras prestaciones	3.3		
Frontera	2015	Otras prestaciones	3.4		
Frontera	2023	Otros ingresos	15.8		
Frontera	2022	Otros ingresos	14.5		
Frontera	2021	Otros ingresos	14.6		
Frontera	2020	Otros ingresos	12.6		
Frontera	2019	Otros ingresos	14.9		
Frontera	2018	Otros ingresos	15.6		
Frontera	2017	Otros ingresos	13.2		
Frontera	2016	Otros ingresos	11.9		
Frontera	2015	Otros ingresos	12.2		
Valverde	2023	Sueldos y salarios	60.5		
Valverde	2022	Sueldos y salarios	61.6		
Valverde	2021	Sueldos y salarios	61.6		
Valverde	2020	Sueldos y salarios	60.8		
Valverde	2019	Sueldos y salarios	62.1		
Valverde	2018	Sueldos y salarios	61.8		
Valverde	2017	Sueldos y salarios	62.7		
Valverde	2016	Sueldos y salarios	62.7		
Valverde	2015	Sueldos y salarios	63.2		
Valverde	2023	Pensiones	20.2		
Valverde	2022	Pensiones	21.4		
Valverde	2021	Pensiones	21		
Valverde	2020	Pensiones	20.3		
Valverde	2019	Pensiones	20.7		
Valverde	2018	Pensiones	21.1		
Valverde	2017	Pensiones	20.7		
Valverde	2016	Pensiones	21.1		
Valverde	2015	Pensiones	21.1		
Valverde	2023	Prestaciones por desempleo	2.1		
Valverde	2022	Prestaciones por desempleo	2.4		
Valverde	2021	Prestaciones por desempleo	3.2		
Valverde	2020	Prestaciones por desempleo	4.3		
Valverde	2019	Prestaciones por desempleo	2.2		
Valverde	2018	Prestaciones por desempleo	2.6		
Valverde	2017	Prestaciones por desempleo	2.9		
Valverde	2016	Prestaciones por desempleo	3.7		
Valverde	2015	Prestaciones por desempleo	3.6		
Valverde	2023	Otras prestaciones	3.9		
Valverde	2022	Otras prestaciones	3.6		
Valverde	2021	Otras prestaciones	3.6		
Valverde	2020	Otras prestaciones	3.9		
Valverde	2019	Otras prestaciones	3.7		
Valverde	2018	Otras prestaciones	3.3		
Valverde	2017	Otras prestaciones	2.8		
Valverde	2016	Otras prestaciones	2.4		
Valverde	2015	Otras prestaciones	2.5		
Valverde	2023	Otros ingresos	13.4		
Valverde	2022	Otros ingresos	11		
Valverde	2021	Otros ingresos	10.7		
Valverde	2020	Otros ingresos	10.7		
Valverde	2019	Otros ingresos	11.4		
Valverde	2018	Otros ingresos	11.3		
Valverde	2017	Otros ingresos	10.9		
Valverde	2016	Otros ingresos	10.2		
Valverde	2015	Otros ingresos	9.6		
El Pinar de El Hierro	2023	Sueldos y salarios	58.9		
El Pinar de El Hierro	2022	Sueldos y salarios	60		
El Pinar de El Hierro	2021	Sueldos y salarios	59.9		
El Pinar de El Hierro	2020	Sueldos y salarios	58		
El Pinar de El Hierro	2019	Sueldos y salarios	59		
El Pinar de El Hierro	2018	Sueldos y salarios	58.8		
El Pinar de El Hierro	2017	Sueldos y salarios	58.6		
El Pinar de El Hierro	2016	Sueldos y salarios	58.3		
El Pinar de El Hierro	2015	Sueldos y salarios	59		
El Pinar de El Hierro	2023	Pensiones	20.7		
El Pinar de El Hierro	2022	Pensiones	20.7		
El Pinar de El Hierro	2021	Pensiones	19.9		
El Pinar de El Hierro	2020	Pensiones	20.3		
El Pinar de El Hierro	2019	Pensiones	20.9		
El Pinar de El Hierro	2018	Pensiones	21.3		
El Pinar de El Hierro	2017	Pensiones	22		
El Pinar de El Hierro	2016	Pensiones	22.2		
El Pinar de El Hierro	2015	Pensiones	22.4		
El Pinar de El Hierro	2023	Prestaciones por desempleo	2.7		
El Pinar de El Hierro	2022	Prestaciones por desempleo	2.8		
El Pinar de El Hierro	2021	Prestaciones por desempleo	3.3		
El Pinar de El Hierro	2020	Prestaciones por desempleo	5.4		
El Pinar de El Hierro	2019	Prestaciones por desempleo	2.7		
El Pinar de El Hierro	2018	Prestaciones por desempleo	2.9		
El Pinar de El Hierro	2017	Prestaciones por desempleo	3.3		
El Pinar de El Hierro	2016	Prestaciones por desempleo	4.7		
El Pinar de El Hierro	2015	Prestaciones por desempleo	4.2		
El Pinar de El Hierro	2023	Otras prestaciones	4		
El Pinar de El Hierro	2022	Otras prestaciones	3.8		
El Pinar de El Hierro	2021	Otras prestaciones	3.5		
El Pinar de El Hierro	2020	Otras prestaciones	3.6		
El Pinar de El Hierro	2019	Otras prestaciones	2.9		
El Pinar de El Hierro	2018	Otras prestaciones	2.8		
El Pinar de El Hierro	2017	Otras prestaciones	3.1		
El Pinar de El Hierro	2016	Otras prestaciones	2.4		
El Pinar de El Hierro	2015	Otras prestaciones	2.3		
El Pinar de El Hierro	2023	Otros ingresos	13.8		
El Pinar de El Hierro	2022	Otros ingresos	12.8		
El Pinar de El Hierro	2021	Otros ingresos	13.4		
El Pinar de El Hierro	2020	Otros ingresos	12.7		
El Pinar de El Hierro	2019	Otros ingresos	14.6		
El Pinar de El Hierro	2018	Otros ingresos	14.1		
El Pinar de El Hierro	2017	Otros ingresos	13		
El Pinar de El Hierro	2016	Otros ingresos	12.4		
El Pinar de El Hierro	2015	Otros ingresos	12.2		
